https://github.com/DjangoGirls/tutorial,1,629,59,20059,521,0,521,4,1808,264,1,1,2,1,5665,0,0,0,355,0,0,0,0,0,0,0,0,0,0,0,0,0,0,0,0,0,0,0,0,0,0,0,0,0,0,0,0,0,0,0,0,0,0,0,0,0,0,0,0,0,0,0,0,0,0,EDU
https://github.com/appium/tutorial,2,118,11,4165,43,0,43,0,87,12,1,1,5,1,551,0,25163,25855,22920,0,31796,0,0,0,0,0,0,0,0,0,0,0,0,0,0,0,0,0,0,0,0,0,0,0,0,0,0,0,0,0,0,0,0,0,0,0,0,0,0,0,0,0,0,0,0,EDU
https://github.com/beego/tutorial,1,35,2,872,87,0,87,0,40,3,1,1,3,1,1760,103600,0,0,124196,0,0,0,0,0,0,0,0,0,7673,0,0,0,0,0,0,0,0,0,0,0,0,0,0,0,0,0,0,0,0,0,0,0,0,0,0,0,0,0,0,0,0,0,0,0,0,EDU
https://github.com/sgtcaze/Tutorial,1,39,0,76,23,0,23,0,19,2,1,1,1,0,2581,0,56506,0,0,0,0,0,0,0,0,0,0,0,0,0,0,0,0,0,0,0,0,0,0,0,0,0,0,0,0,0,0,0,0,0,0,0,0,0,0,0,0,0,0,0,0,0,0,0,0,EDU
https://github.com/PyAr/tutorial,4,28,5,2751,21,0,21,0,281,14,1,1,5,0,2317,0,0,17591,32,0,0,0,0,1266,0,0,0,0,0,0,0,0,0,0,0,0,0,0,0,0,0,0,0,0,0,0,0,0,0,0,0,0,0,0,0,0,0,0,0,0,0,0,0,0,0,EDU
https://github.com/jseabold/tutorial,1,20,2,3897,33,0,33,0,6,1,1,1,1,0,0,0,0,69769,0,0,0,0,0,0,0,0,0,0,0,0,0,0,0,0,0,0,0,0,0,0,0,0,0,0,0,0,0,0,0,0,0,0,0,0,0,0,0,0,0,0,0,0,0,0,0,EDU
https://github.com/FokkeZB/Tutorial,8,14,4,48647,40,0,40,0,29,2,1,1,2,0,3205,9156,0,5251,0,0,0,0,0,0,0,0,0,0,0,0,0,0,0,0,0,0,0,0,0,0,0,0,0,0,0,0,0,0,0,0,0,0,0,0,0,0,0,0,0,0,0,0,0,0,0,EDU
https://github.com/eugenp/tutorials,13,2212,39,23420,1178,0,1178,0,3621,105,1,1,22,0,1122,852645,3022799,9377,320092,0,10888,0,0,38283,0,0,0,0,0,2756,0,0,0,5688,0,0,0,0,0,0,0,0,0,0,0,0,0,0,0,0,7856989,0,0,0,0,0,0,0,0,0,0,0,0,0,0,EDU
https://github.com/reactjs/react-tutorial,1,2344,3,1039,2932,0,2932,0,160,41,1,1,8,1,959,6806,0,1573,778,1912,1662,0,0,0,0,0,0,0,3538,1438,0,0,0,0,0,0,0,0,0,0,0,0,0,0,0,0,0,0,0,0,0,0,0,0,0,0,0,0,0,0,0,0,0,0,0,EDU
https://github.com/ocsigen/tutorial,3,12,13,2208,4,0,4,1,353,20,1,1,5,0,797,0,0,0,11889,0,0,0,0,266,0,0,0,0,0,0,0,15908,0,0,0,0,0,0,0,0,0,0,0,0,0,0,0,0,0,0,0,0,0,56201,0,0,0,0,0,0,0,0,0,0,0,EDU
https://github.com/torch/tutorials,2,289,16,11565,483,0,483,0,113,11,1,1,2,0,205,0,0,0,0,0,0,0,0,0,0,0,0,0,0,0,0,0,0,0,0,0,0,138111,0,0,0,0,0,0,0,0,0,0,0,0,0,0,0,0,0,0,0,0,0,0,0,0,0,0,0,EDU
https://github.com/ruanyf/es6tutorial,1,2322,0,3586,5103,0,5103,0,957,74,1,1,3,1,1426,12697,0,0,7973,0,0,0,0,0,0,0,0,0,0,0,0,0,0,0,0,0,0,0,0,0,0,0,0,0,0,0,0,0,0,0,0,0,0,0,0,0,0,0,0,0,0,0,0,0,0,EDU
https://github.com/codebar/tutorials,8,146,21,42282,95,0,95,0,750,91,1,1,4,0,5074,126584,0,0,31517,0,1556,0,0,0,0,0,0,0,0,0,0,0,0,0,0,0,0,0,0,0,0,0,0,0,0,0,0,0,0,0,0,0,0,0,0,0,0,0,0,0,0,0,0,0,0,EDU
https://github.com/winterbe/java8-tutorial,1,1006,5,218,6200,0,6200,0,140,10,1,1,2,1,29024,8268,96087,0,0,0,0,0,0,0,0,0,0,0,0,0,0,0,0,0,0,0,0,0,0,0,0,0,0,0,0,0,0,0,0,0,0,0,0,0,0,0,0,0,0,0,0,0,0,0,0,EDU
https://github.com/bootstrapbay/tutorials,1,131,1,1068,65,0,65,0,36,2,1,1,1,0,4483,0,0,0,11961,0,0,0,0,0,0,0,0,0,0,0,0,0,0,0,0,0,0,0,0,0,0,0,0,0,0,0,0,0,0,0,0,0,0,0,0,0,0,0,0,0,0,0,0,0,0,EDU
https://github.com/mpenkov/ffmpeg-tutorial,1,242,11,129,577,0,577,0,50,4,1,1,2,0,2974,0,0,0,0,0,0,0,116021,0,0,0,0,0,0,0,0,0,0,0,0,0,0,0,0,0,0,0,0,0,0,0,0,0,0,0,0,0,0,0,0,0,0,0,0,0,0,0,0,0,0,EDU
https://github.com/jatinshah/ufldl_tutorial,1,248,4,1620,428,0,428,0,49,1,1,1,1,1,2324,0,0,72392,0,0,0,0,0,0,0,0,0,0,0,0,0,0,0,0,0,0,0,0,0,0,0,0,0,0,0,0,0,0,0,0,0,0,0,0,0,0,0,0,0,0,0,0,0,0,0,EDU
https://github.com/spikebrehm/isomorphic-tutorial,7,150,13,689,1238,0,1238,0,67,2,1,1,3,1,4033,12995,0,0,86,0,0,0,0,0,0,0,0,0,0,0,0,0,0,0,0,0,0,0,0,0,0,0,0,0,0,0,0,0,0,0,0,0,0,0,0,0,0,0,0,0,0,0,0,0,0,EDU
https://github.com/gametutorials/tutorials,1,88,1,31510,112,0,112,0,22,1,1,1,6,1,0,0,99901,0,0,0,0,21932179,9662109,0,67823,19091,0,0,0,0,0,0,0,0,0,0,0,0,0,0,0,0,0,0,0,0,0,0,0,0,0,0,0,0,0,0,0,0,0,0,0,0,0,0,0,EDU
https://github.com/iTyran/Tutorials,1,120,0,17286,32,0,32,0,7,2,1,0,5,0,0,532927,0,0,0,0,0,6653179,1635276,25427,0,312664,0,0,0,0,0,0,0,0,0,0,0,0,0,0,0,0,0,0,0,0,0,0,0,0,0,0,0,0,0,0,0,0,0,0,0,0,0,0,0,EDU
https://github.com/lhazlewood/apache-shiro-tutorial-webapp,8,2402,2,58,104,0,104,0,9,2,1,1,1,1,182,0,3458,0,0,0,0,0,0,0,0,0,0,0,0,0,0,0,0,0,0,0,0,0,0,0,0,0,0,0,0,0,0,0,0,0,0,0,0,0,0,0,0,0,0,0,0,0,0,0,0,EDU
https://github.com/danluu/UFLDL-tutorial,2,169,2,202995,307,0,307,0,125,2,1,1,4,0,2067,0,0,0,0,0,0,0,0,0,0,0,0,0,0,0,0,0,0,0,0,0,0,0,0,129221,0,0,0,0,0,0,0,0,0,0,0,0,0,0,0,0,0,0,257,0,0,0,0,0,0,EDU
https://github.com/ccoenraets/cordova-tutorial,2,166,14,8005,302,0,302,0,7,1,1,1,2,0,462,1455949,0,0,540821,0,0,0,0,0,0,0,0,0,0,0,0,0,0,0,0,0,0,0,0,0,0,0,0,0,0,0,0,0,0,0,0,0,0,0,0,0,0,0,0,0,0,0,0,0,0,EDU
https://github.com/miguelgrinberg/REST-tutorial,1,140,2,314,402,0,402,0,18,3,1,1,2,1,921,0,0,121953,0,0,0,0,0,142,0,0,0,0,0,0,0,0,0,0,0,0,0,0,0,0,0,0,0,0,0,0,0,0,0,0,0,0,0,0,0,0,0,0,0,0,0,0,0,0,0,EDU
https://github.com/island205/technode-tutorial,2,150,0,2166,300,0,300,0,120,2,1,1,3,0,307,54414,0,0,3059,0,0,0,0,0,0,0,0,0,0,0,0,0,0,0,0,0,0,0,0,0,0,0,0,0,0,0,0,0,0,0,0,0,0,0,0,0,0,0,0,0,0,0,0,0,0,EDU
https://github.com/ccoenraets/ionic-tutorial,2,170,13,12618,206,0,206,0,14,1,1,1,2,0,370,16774,0,0,0,0,0,0,0,0,0,0,0,0,0,0,0,0,0,0,0,0,0,0,0,0,0,0,0,0,0,0,0,0,0,0,0,0,0,0,0,0,0,0,0,0,0,0,0,0,0,EDU
https://github.com/Polymer/polymer-tutorial,11,155,10,51258,233,0,233,1,87,6,1,1,3,0,299,852442,0,0,11882,0,0,0,0,0,0,0,0,0,0,0,0,0,0,0,0,0,0,0,0,0,0,0,0,0,0,0,0,0,0,0,0,0,0,0,0,0,0,0,0,0,0,0,0,0,0,EDU
https://github.com/ogrisel/parallel_ml_tutorial,4,488,4,5026,1208,0,1208,0,214,4,1,1,3,0,3877,0,0,55955,0,0,0,0,0,0,0,0,0,0,0,0,0,0,0,0,0,0,0,0,0,0,0,0,0,0,0,0,0,0,0,0,0,0,0,0,0,0,0,0,0,0,0,0,0,0,0,EDU
https://github.com/griffithlab/rnaseq_tutorial,1,125,2,459083,212,0,212,1,225,5,1,1,3,1,6208,0,0,0,0,0,0,0,0,7676,0,0,32562,0,0,4084,0,0,0,0,0,0,0,0,0,0,0,0,0,0,0,0,0,0,0,0,0,0,0,0,0,0,0,0,0,0,0,0,0,0,0,EDU
https://github.com/SuperV1234/Tutorials,1,37,0,452,134,0,134,0,93,1,1,1,2,1,1194,0,0,0,0,0,0,266312,0,978,0,0,0,0,0,0,0,0,0,0,0,0,0,0,0,0,0,0,0,0,0,0,0,0,0,0,0,0,0,0,0,0,0,0,0,0,0,0,0,0,0,EDU
https://github.com/yangdong/wechat-tutorial,1,264,2,183,35,0,35,0,10,2,1,1,1,0,350,0,0,0,0,0,4285,0,0,0,0,0,0,0,0,0,0,0,0,0,0,0,0,0,0,0,0,0,0,0,0,0,0,0,0,0,0,0,0,0,0,0,0,0,0,0,0,0,0,0,0,EDU
https://github.com/jquave/Swift-Tutorial,10,108,3,337,252,0,252,0,10,1,1,1,1,0,0,0,0,0,0,0,0,0,0,0,0,0,0,0,0,0,0,0,17934,0,0,0,0,0,0,0,0,0,0,0,0,0,0,0,0,0,0,0,0,0,0,0,0,0,0,0,0,0,0,0,0,EDU
https://github.com/fonnesbeck/statistical-analysis-python-tutorial,1,509,1,16267,720,0,720,0,41,1,1,1,1,0,6709,0,0,0,0,0,0,0,0,0,0,0,0,0,0,0,0,0,0,0,0,0,0,0,0,0,0,0,0,0,0,0,0,0,0,0,0,0,0,0,0,0,0,0,0,0,0,0,0,0,0,EDU
https://github.com/macdidi5/AndroidTutorial,1,131,0,10389,148,0,148,0,84,1,1,1,0,0,4191,0,0,0,0,0,0,0,0,0,0,0,0,0,0,0,0,0,0,0,0,0,0,0,0,0,0,0,0,0,0,0,0,0,0,0,0,0,0,0,0,0,0,0,0,0,0,0,0,0,0,EDU
https://github.com/sparkfun/Github_Tutorial,1,421,11,44,9,0,9,0,4,3,1,1,1,0,180,0,0,0,0,0,0,0,0,0,0,0,0,0,0,0,0,0,0,0,0,0,0,0,0,0,646,0,0,0,0,0,0,0,0,0,0,0,0,0,0,0,0,0,0,0,0,0,0,0,0,EDU
https://github.com/amejiarosario/Backbone-tutorial,1,165,2,158,59,0,59,0,8,1,1,1,0,0,0,0,0,0,0,0,0,0,0,0,0,0,0,0,0,0,0,0,0,0,0,0,0,0,0,0,0,0,0,0,0,0,0,0,0,0,0,0,0,0,0,0,0,0,0,0,0,0,0,0,0,EDU
https://github.com/clayallsopp/rubymotion-tutorial,2,91,2,15529,226,0,226,0,100,20,1,1,4,0,287,2848,0,0,12980,0,32662,0,0,0,0,0,0,0,0,0,0,0,0,0,0,0,0,0,0,0,0,0,0,0,0,0,0,0,0,0,0,0,0,0,0,0,0,0,0,0,0,0,0,0,0,EDU
https://github.com/leucos/ansible-tuto,2,234,11,288,982,0,982,0,210,29,1,1,1,1,7534,0,0,0,0,0,0,0,0,2280,0,0,0,0,0,0,0,0,0,0,0,0,0,0,0,0,0,0,0,0,0,0,0,0,0,0,0,0,0,0,0,0,0,0,0,0,0,0,0,0,0,EDU
https://github.com/anchetaWern/tutorials,1,71,1,296,15,0,15,0,12,1,1,1,4,0,1424,173979,0,0,262,89058,0,0,0,0,0,0,0,0,0,0,0,0,0,0,0,0,0,0,0,0,0,0,0,0,0,0,0,0,0,0,0,0,0,0,0,0,0,0,0,0,0,0,0,0,0,EDU
https://github.com/AdoptOpenJDK/lambda-tutorial,3,117,0,294,87,0,87,0,91,4,1,1,1,1,2406,0,115023,0,0,0,0,0,0,0,0,0,0,0,0,0,0,0,0,0,0,0,0,0,0,0,0,0,0,0,0,0,0,0,0,0,0,0,0,0,0,0,0,0,0,0,0,0,0,0,0,EDU
https://github.com/dolaameng/tutorials,1,36,0,111180,59,0,59,0,166,1,1,1,6,0,102,101509,0,176436,0,0,0,0,59123,0,0,0,0,0,0,0,0,0,0,0,0,0,0,0,0,0,0,0,0,0,0,0,0,0,0,0,0,0,0,0,0,0,0,0,0,0,0,0,0,0,0,EDU
https://github.com/ronreiter/interactive-tutorials,2,391,19,3120,214,0,214,0,747,92,1,1,4,1,1021,278331,0,627214,48456,0,0,0,0,0,0,0,0,0,0,0,0,0,0,0,0,0,0,0,0,0,0,0,0,0,0,0,0,0,0,0,0,0,0,0,0,0,0,0,0,0,0,0,0,0,0,EDU
https://github.com/CodeSolid/tutorials,3,39,0,6086,13,0,13,0,69,1,1,1,6,0,2696,8799,76964,0,10839,0,0,0,0,1192,0,0,0,0,0,0,0,0,0,0,0,0,0,0,0,0,0,0,0,0,0,0,0,0,0,0,0,0,0,0,0,0,0,0,0,0,0,0,0,0,0,EDU
https://github.com/hortonworks/hadoop-tutorials,1,292,25,80488,396,0,396,0,165,11,1,1,0,0,3999,0,0,0,0,0,0,0,0,0,0,0,0,0,0,0,0,0,0,0,0,0,0,0,0,0,0,0,0,0,0,0,0,0,0,0,0,0,0,0,0,0,0,0,0,0,0,0,0,0,0,EDU
https://github.com/BVLC/caffe-tutorial,2,90,0,22481,141,0,141,0,3,1,1,1,1,0,252,0,0,0,0,0,0,0,0,1958,0,0,0,0,0,0,0,0,0,0,0,0,0,0,0,0,0,0,0,0,0,0,0,0,0,0,0,0,0,0,0,0,0,0,0,0,0,0,0,0,0,EDU
https://github.com/ioscreator/ioscreator,1,1416,12,51794,2137,0,2137,0,207,2,1,1,5,1,20852,0,0,0,0,0,218,0,425,6817,0,549375,0,0,0,0,0,0,575160,0,0,0,0,0,0,0,0,0,0,0,0,0,0,0,0,0,0,0,0,0,0,0,0,0,0,0,0,0,0,0,0,EDU
https://github.com/wuye9036/CppTemplateTutorial,1,232,4,269,1146,0,1146,0,80,4,1,1,2,0,106865,0,0,0,0,0,0,19520,611,0,0,0,0,0,0,0,0,0,0,0,0,0,0,0,0,0,0,0,0,0,0,0,0,0,0,0,0,0,0,0,0,0,0,0,0,0,0,0,0,0,0,EDU
https://github.com/shakacode/react-webpack-rails-tutorial,5,220,28,3010,1152,0,1152,0,594,38,1,1,5,1,20302,61442,0,0,2787,0,70222,0,0,389,0,0,0,0,0,0,0,0,0,0,0,0,0,0,0,0,0,0,0,0,0,0,0,0,0,0,0,0,0,0,0,0,0,0,0,0,0,0,0,0,0,EDU
https://github.com/g0hacker/go_command_tutorial,2,225,0,1724,990,0,990,0,42,9,1,1,0,1,2050,0,0,0,0,0,0,0,0,0,0,0,0,0,0,0,0,0,0,0,0,0,0,0,0,0,0,0,0,0,0,0,0,0,0,0,0,0,0,0,0,0,0,0,0,0,0,0,0,0,0,EDU
https://github.com/ruanyf/jstutorial,1,894,35,5779,2915,0,2915,0,1316,31,1,1,3,1,82,7064,0,0,27420,0,0,0,0,0,0,0,0,0,0,0,0,0,0,0,0,0,0,0,0,0,0,0,0,0,0,0,0,0,0,0,0,0,0,0,0,0,0,0,0,0,0,0,0,0,0,EDU
https://github.com/rougier/matplotlib-tutorial,1,68,2,3311,170,0,170,1,25,2,1,1,3,0,49066,0,0,56368,10942,0,0,0,0,0,0,0,0,0,0,0,0,0,0,0,0,0,0,0,0,0,0,0,0,0,0,0,0,0,0,0,0,0,0,0,0,0,0,0,0,0,0,0,0,0,0,EDU
https://github.com/seg/tutorials,1,30,5,65157,49,0,49,0,133,6,1,1,0,0,654,0,0,0,0,0,0,0,0,0,0,0,0,0,0,0,0,0,0,0,0,0,0,0,0,0,0,0,0,0,0,0,0,0,0,0,0,0,0,0,0,0,0,0,0,0,0,0,0,0,0,EDU
https://github.com/craffel/theano-tutorial,1,65,0,5384,142,0,142,0,32,3,1,1,1,0,461,0,0,0,0,0,0,0,0,0,0,0,0,0,0,0,0,0,0,0,0,0,0,0,0,0,0,0,0,0,0,0,0,0,0,0,0,0,0,0,0,0,0,0,0,0,0,0,0,0,0,EDU
https://github.com/DjangoGirls/tutorial-extensions,5,91,4,818,63,0,63,0,108,32,1,1,0,1,1421,0,0,0,0,0,0,0,0,0,0,0,0,0,0,0,0,0,0,0,0,0,0,0,0,0,0,0,0,0,0,0,0,0,0,0,0,0,0,0,0,0,0,0,0,0,0,0,0,0,0,EDU
https://github.com/mininet/openflow-tutorial,1,70,3,1148,112,0,112,0,1,1,1,1,0,0,36,0,0,0,0,0,0,0,0,0,0,0,0,0,0,0,0,0,0,0,0,0,0,0,0,0,0,0,0,0,0,0,0,0,0,0,0,0,0,0,0,0,0,0,0,0,0,0,0,0,0,EDU
https://github.com/glenjarvis/ansible_tutorial,7,77,0,5544,81,0,81,0,171,4,1,1,1,1,10309,0,0,70387,0,0,0,0,0,0,0,0,0,0,0,0,0,0,0,0,0,0,0,0,0,0,0,0,0,0,0,0,0,0,0,0,0,0,0,0,0,0,0,0,0,0,0,0,0,0,0,EDU
https://github.com/JustinSDK/JavaSE6Tutorial,2,194,1,6257,472,0,472,0,26,5,1,1,1,0,12518,0,226867,0,0,0,0,0,0,0,0,0,0,0,0,0,0,0,0,0,0,0,0,0,0,0,0,0,0,0,0,0,0,0,0,0,0,0,0,0,0,0,0,0,0,0,0,0,0,0,0,EDU
https://github.com/petehunt/react-tutorial,1,57,16,170,124,0,124,0,6,3,1,1,2,0,263,38385,0,0,836,0,0,0,0,0,0,0,0,0,0,0,0,0,0,0,0,0,0,0,0,0,0,0,0,0,0,0,0,0,0,0,0,0,0,0,0,0,0,0,0,0,0,0,0,0,0,EDU
https://github.com/zensh/AngularjsTutorial_cn,1,190,0,154,490,0,490,0,4,1,1,1,0,0,2164,0,0,0,0,0,0,0,0,0,0,0,0,0,0,0,0,0,0,0,0,0,0,0,0,0,0,0,0,0,0,0,0,0,0,0,0,0,0,0,0,0,0,0,0,0,0,0,0,0,0,EDU
https://github.com/jaibeermalik/elasticsearch-tutorial,1,64,3,209,78,0,78,0,3,1,1,1,1,1,1476,0,183436,0,0,0,0,0,0,0,0,0,0,0,0,0,0,0,0,0,0,0,0,0,0,0,0,0,0,0,0,0,0,0,0,0,0,0,0,0,0,0,0,0,0,0,0,0,0,0,0,EDU
https://github.com/MatthewYork/iPhone-IntroductionTutorial,1,130,5,1179,810,0,810,0,76,6,1,1,2,1,3585,0,0,0,0,0,879,0,0,0,0,51413,0,0,0,0,0,0,0,0,0,0,0,0,0,0,0,0,0,0,0,0,0,0,0,0,0,0,0,0,0,0,0,0,0,0,0,0,0,0,0,EDU
https://github.com/swannodette/lt-cljs-tutorial,1,127,11,656,813,0,813,0,135,25,1,1,1,1,841,0,0,0,0,0,0,0,0,0,0,0,0,0,0,0,0,0,0,0,0,0,0,0,38758,0,0,0,0,0,0,0,0,0,0,0,0,0,0,0,0,0,0,0,0,0,0,0,0,0,0,EDU
https://github.com/docker/docker-tutorial,6,63,22,4294,74,0,74,0,101,22,1,0,5,1,1812,184005,0,40206,22464,0,0,0,0,0,0,0,0,0,0,0,47117,0,0,0,0,0,0,0,0,0,0,0,0,0,0,0,0,0,0,0,0,0,0,0,0,0,0,0,0,0,0,0,0,0,0,EDU
https://github.com/eshioji/trident-tutorial,1,52,1,22925,109,0,109,0,148,3,1,1,5,1,6402,67277,93106,0,62876,0,7774,0,0,1775,0,0,0,0,0,0,0,0,0,0,0,0,0,0,0,0,0,0,0,0,0,0,0,0,0,0,0,0,0,0,0,0,0,0,0,0,0,0,0,0,0,EDU
https://github.com/ContinuumIO/tutorials,1,23,1,52334,46,0,46,0,34,4,1,1,1,0,602,0,0,149708,0,0,0,0,0,0,0,0,0,0,0,0,0,0,0,0,0,0,0,0,0,0,0,0,0,0,0,0,0,0,0,0,0,0,0,0,0,0,0,0,0,0,0,0,0,0,0,EDU
https://github.com/deanwampler/spark-scala-tutorial,1,174,2,13149,333,0,333,0,98,7,1,1,2,1,103834,0,0,0,0,0,0,0,0,9997,0,0,0,0,0,0,0,0,0,141685,0,0,0,0,0,0,0,0,0,0,0,0,0,0,0,0,0,0,0,0,0,0,0,0,0,0,0,0,0,0,0,EDU
https://github.com/StackTipsLab/Advance-Android-Tutorials,4,1153,7,5227,279,0,279,0,21,2,1,1,1,0,534,0,115863,0,0,0,0,0,0,0,0,0,0,0,0,0,0,0,0,0,0,0,0,0,0,0,0,0,0,0,0,0,0,0,0,0,0,0,0,0,0,0,0,0,0,0,0,0,0,0,0,EDU
https://github.com/jakecoffman/flask-tutorial,1,59,0,261,74,0,74,0,15,3,1,1,3,0,525,0,0,16087,1937,0,0,0,0,0,0,0,0,0,0,0,0,0,0,0,0,0,0,0,0,0,0,0,0,0,0,0,0,0,0,0,0,0,0,0,0,0,0,0,0,0,0,0,0,0,0,EDU
https://github.com/JuliaArchive/julia-tutorial,1,42,1,1580,161,0,161,0,36,6,1,1,5,0,1037,0,0,0,0,0,0,0,1749,73,0,0,0,0,0,0,0,18942,0,0,0,0,0,0,0,927,0,0,0,0,0,0,0,0,0,0,0,0,0,0,0,0,0,0,15543,0,0,0,0,0,0,EDU
https://github.com/numbbbbb/Git-Tutorial-By-liaoxuefeng,1,169,2,2124,340,0,340,0,3,1,1,1,0,0,742,0,0,0,0,0,0,0,0,0,0,0,0,0,0,0,0,0,0,0,0,0,0,0,0,0,0,0,0,0,0,0,0,0,0,0,0,0,0,0,0,0,0,0,0,0,0,0,0,0,0,EDU
https://github.com/pedestal/app-tutorial,1,33,19,1729,249,0,249,0,130,3,1,1,2,0,2239,65086,0,0,0,0,0,0,0,0,0,0,0,0,0,0,0,0,0,0,0,0,0,0,85192,0,0,0,0,0,0,0,0,0,0,0,0,0,0,0,0,0,0,0,0,0,0,0,0,0,0,EDU
https://github.com/maxwihlborg/youtube-tutorials,1,379,5,420,160,0,160,0,18,2,1,1,2,1,479,70610,0,0,227,0,0,0,0,0,0,0,0,0,0,0,0,0,0,0,0,0,0,0,0,0,0,0,0,0,0,0,0,0,0,0,0,0,0,0,0,0,0,0,0,0,0,0,0,0,0,EDU
https://github.com/tomchristie/rest-framework-tutorial,2,169,2,66,279,0,279,0,56,8,1,1,1,0,170,0,0,12049,0,0,0,0,0,0,0,0,0,0,0,0,0,0,0,0,0,0,0,0,0,0,0,0,0,0,0,0,0,0,0,0,0,0,0,0,0,0,0,0,0,0,0,0,0,0,0,EDU
https://github.com/twiecki/financial-analysis-python-tutorial,1,156,0,148,328,0,328,0,20,1,1,1,0,0,4759,0,0,0,0,0,0,0,0,0,0,0,0,0,0,0,0,0,0,0,0,0,0,0,0,0,0,0,0,0,0,0,0,0,0,0,0,0,0,0,0,0,0,0,0,0,0,0,0,0,0,EDU
https://github.com/theintern/intern-tutorial,2,45,8,526,114,0,114,0,43,5,1,1,2,0,22144,192,0,0,0,0,0,0,0,0,0,0,0,0,0,0,0,0,0,0,0,0,0,0,0,0,0,0,0,0,0,0,0,0,0,0,0,0,0,0,0,0,0,0,0,0,0,0,0,0,0,EDU
https://github.com/goldsborough/Writer-Tutorial,1,49,0,616,79,0,79,0,33,2,1,1,1,1,1142,0,0,178018,0,0,0,0,0,0,0,0,0,0,0,0,0,0,0,0,0,0,0,0,0,0,0,0,0,0,0,0,0,0,0,0,0,0,0,0,0,0,0,0,0,0,0,0,0,0,0,EDU
https://github.com/cutting-room-floor/tutorial-sherlock,6,42,2,6114,83,0,83,0,74,3,1,1,0,1,245,0,0,0,0,0,0,0,0,0,0,0,0,0,0,0,0,0,0,0,0,0,0,0,0,0,0,0,0,0,0,0,0,0,0,0,0,0,0,0,0,0,0,0,0,0,0,0,0,0,0,EDU
https://github.com/Vamei/Python-Tutorial-Vamei,2,141,5,4405,250,0,250,0,112,5,1,1,0,0,74,0,0,0,0,0,0,0,0,0,0,0,0,0,0,0,0,0,0,0,0,0,0,0,0,0,0,0,0,0,0,0,0,0,0,0,0,0,0,0,0,0,0,0,0,0,0,0,0,0,0,EDU
https://github.com/KiaFathi/reactTutorial,1,51,1,156,54,0,54,0,28,4,1,1,2,0,2346,10268,0,0,0,0,0,0,0,0,0,0,0,0,0,0,0,0,0,0,0,0,0,0,0,0,0,0,0,0,0,0,0,0,0,0,0,0,0,0,0,0,0,0,0,0,0,0,0,0,0,EDU
https://github.com/cwbuecheler/node-tutorial-2-restful-app,1,384,1,10137,332,0,332,0,18,1,1,1,3,0,1077,8119,0,0,895,0,0,0,0,0,0,0,0,0,0,0,0,0,0,0,0,0,0,0,0,0,0,0,0,0,0,0,0,0,0,0,0,0,0,0,0,0,0,0,0,0,0,0,0,0,0,EDU
https://github.com/serras/emacs-haskell-tutorial,1,99,6,135,514,0,514,0,83,20,1,1,1,0,885,0,0,0,0,0,0,0,0,0,0,0,0,0,0,0,0,0,0,0,0,0,0,0,0,0,0,0,0,0,0,0,0,0,0,0,0,0,0,0,0,0,0,0,0,0,0,0,0,0,0,EDU
https://github.com/jm991/UnityThirdPersonTutorial,2,180,15,17843,121,0,121,0,11,1,1,1,3,0,126,57159,0,0,0,0,0,0,0,0,44536,0,0,0,0,0,0,0,0,0,0,0,0,0,0,0,0,0,0,0,0,0,0,0,0,0,0,0,0,0,0,0,0,0,0,0,0,0,0,0,0,EDU
https://github.com/cwbuecheler/node-tutorial-for-frontend-devs,1,380,1,9951,345,0,345,0,29,2,1,1,3,0,1359,3914,0,0,110,0,0,0,0,0,0,0,0,0,0,0,0,0,0,0,0,0,0,0,0,0,0,0,0,0,0,0,0,0,0,0,0,0,0,0,0,0,0,0,0,0,0,0,0,0,0,EDU
https://github.com/roman10/android-ffmpeg-tutorial,1,142,4,5292,212,0,212,0,5,1,1,1,2,0,469,0,12564,0,0,0,0,0,16062,0,0,0,0,0,0,0,0,0,0,0,0,0,0,0,0,0,0,0,0,0,0,0,0,0,0,0,0,0,0,0,0,0,0,0,0,0,0,0,0,0,0,EDU
https://github.com/vicramon/ember-tutorial,2,38,5,1215,98,0,98,0,192,10,1,1,5,0,355,475,0,0,24352,0,20605,0,0,0,0,0,0,0,0,0,623,0,0,0,0,0,0,0,0,0,0,0,0,0,0,0,0,0,0,0,0,0,0,0,0,0,0,0,0,0,0,0,0,0,0,EDU
https://github.com/malli3131/HadoopTutorial,1,64,1,10131,29,0,29,0,233,2,1,1,7,0,321,0,242640,437,0,466,0,0,542,0,0,0,1109,0,0,587,0,0,0,0,0,0,0,0,0,0,0,0,0,0,0,0,0,0,0,0,0,0,0,0,0,0,0,0,0,0,0,0,0,0,0,EDU
https://github.com/Orzota/tutorials,1,29,0,50290,12,0,12,0,5,2,1,1,1,1,39,0,3945,0,0,0,0,0,0,0,0,0,0,0,0,0,0,0,0,0,0,0,0,0,0,0,0,0,0,0,0,0,0,0,0,0,0,0,0,0,0,0,0,0,0,0,0,0,0,0,0,EDU
https://github.com/scala-lms/tutorials,2,16,2,701,47,0,47,0,376,3,1,1,4,0,1321,0,0,0,0,0,0,0,89275,2070,0,0,0,0,0,0,0,0,0,401165,0,0,0,0,0,0,0,0,0,0,0,0,0,0,0,0,0,0,0,0,0,0,0,0,0,0,0,0,0,0,0,EDU
https://github.com/kbroman/github_tutorial,1,73,1,215,21,0,21,0,145,3,1,1,3,1,590,0,0,0,1169,0,11710,0,0,0,0,0,0,0,0,0,0,0,0,0,0,0,0,0,0,0,0,0,0,0,0,0,0,0,0,0,0,0,0,0,0,0,0,0,0,0,0,0,0,0,0,EDU
https://github.com/angular/angular.dart.tutorial,1,93,15,3884,237,0,237,0,250,17,1,1,4,1,113,2410,0,0,1083,0,0,0,0,0,0,0,0,0,0,0,0,0,0,0,0,0,0,0,0,0,0,0,0,0,0,0,0,0,0,0,0,0,0,0,0,0,43776,0,0,0,0,0,0,0,0,EDU
https://github.com/PatrickLouys/no-framework-tutorial,1,85,9,178,521,0,521,0,162,16,1,1,0,1,1816,0,0,0,0,0,0,0,0,0,0,0,0,0,0,0,0,0,0,0,0,0,0,0,0,0,0,0,0,0,0,0,0,0,0,0,0,0,0,0,0,0,0,0,0,0,0,0,0,0,0,EDU
https://github.com/linode/docs,8,493,52,164057,496,0,496,0,3777,168,1,1,0,0,1630,0,0,0,0,0,0,0,0,0,0,0,0,0,0,0,0,0,0,0,0,0,0,0,0,0,0,0,0,0,0,0,0,0,0,0,0,0,0,0,0,0,0,0,0,0,0,0,0,0,0,EDU
https://github.com/antoniolg/tutorials,1,25,0,4381,14,0,14,0,5,1,1,1,1,0,75,0,530830,0,0,0,0,0,0,0,0,0,0,0,0,0,0,0,0,0,0,0,0,0,0,0,0,0,0,0,0,0,0,0,0,0,0,0,0,0,0,0,0,0,0,0,0,0,0,0,0,EDU
https://github.com/bstrahija/l4-site-tutorial,3,124,9,1731,160,0,160,0,41,2,1,1,3,0,165,217,0,0,10013,91645,0,0,0,0,0,0,0,0,0,0,0,0,0,0,0,0,0,0,0,0,0,0,0,0,0,0,0,0,0,0,0,0,0,0,0,0,0,0,0,0,0,0,0,0,0,EDU
https://github.com/brandon-rhodes/sphinx-tutorial,1,31,0,49,81,0,81,0,51,4,1,1,4,0,456,0,0,14774,0,0,0,0,0,1687,0,0,0,0,0,0,0,0,0,0,0,0,0,0,0,0,0,0,0,0,0,0,0,0,0,0,0,0,0,0,0,0,0,0,0,0,0,0,0,0,0,EDU
https://github.com/evantahler/actionhero-tutorial,2,29,0,5172,97,0,97,0,80,6,1,1,2,0,22661,141982,0,0,0,0,0,0,0,0,0,0,0,0,0,0,0,0,0,0,0,0,0,0,0,0,0,0,0,0,0,0,0,0,0,0,0,0,0,0,0,0,0,0,0,0,0,0,0,0,0,EDU
https://github.com/StefanSchroeder/Golang-Regex-Tutorial,2,64,1,71,563,0,563,0,65,9,1,1,2,0,762,0,0,0,0,0,0,0,0,0,0,0,0,0,0,1394,0,0,0,0,0,0,0,0,0,0,0,0,0,0,0,0,0,0,0,0,0,0,0,0,0,0,0,0,0,0,0,0,0,0,0,EDU
https://github.com/zilongshanren/opengl-tutorials,1,133,4,12892,311,0,311,0,103,4,1,1,0,0,1385,0,0,0,0,0,0,0,0,0,0,0,0,0,0,0,0,0,0,0,0,0,0,0,0,0,0,0,0,0,0,0,0,0,0,0,0,0,0,0,0,0,0,0,0,0,0,0,0,0,0,EDU
https://github.com/econchick/new-coder,1,364,81,6669,483,0,483,1,401,44,1,1,7,1,1464,0,0,59596,104055,0,758,0,0,304,0,0,0,0,0,0,0,0,0,0,0,0,0,0,0,0,0,0,0,0,0,0,0,0,0,0,0,0,0,0,0,0,0,0,0,0,0,0,0,0,0,EDU
https://github.com/lostinthepines/TutorialKit,2,15,3,1146,161,0,161,1,17,2,1,1,2,1,3479,0,0,0,0,0,5143,0,0,0,0,64142,0,0,0,0,0,0,0,0,0,0,0,0,0,0,0,0,0,0,0,0,0,0,0,0,0,0,0,0,0,0,0,0,0,0,0,0,0,0,0,EDU
https://github.com/cloudera/mapreduce-tutorial,1,43,1,112,31,0,31,0,3,1,1,0,1,0,71,0,6465,0,0,0,0,0,0,0,0,0,0,0,0,0,0,0,0,0,0,0,0,0,0,0,0,0,0,0,0,0,0,0,0,0,0,0,0,0,0,0,0,0,0,0,0,0,0,0,0,EDU
https://github.com/VividCortex/go-database-sql-tutorial,2,68,4,1215,384,0,384,0,120,21,1,1,4,1,0,9126,0,0,9997,0,49,0,0,0,0,0,0,0,0,0,0,0,0,0,0,0,0,0,0,0,0,0,0,0,0,0,0,0,0,0,0,0,0,0,0,0,0,0,0,0,0,0,0,0,0,EDU
https://github.com/BrianSidebotham/arm-tutorial-rpi,1,96,4,2082,158,0,158,0,52,2,1,1,7,0,1737,0,0,0,0,0,0,82905,265786,8831,0,0,0,0,0,0,0,0,0,0,0,0,0,0,0,0,0,0,0,0,0,0,0,0,32306,0,0,0,0,0,0,0,0,0,0,0,0,0,0,0,95284,EDU
https://github.com/StackTipsLab/Android-UI-Tutorials,2,1001,2,4920,209,0,209,0,20,2,1,1,1,0,882,0,26030,0,0,0,0,0,0,0,0,0,0,0,0,0,0,0,0,0,0,0,0,0,0,0,0,0,0,0,0,0,0,0,0,0,0,0,0,0,0,0,0,0,0,0,0,0,0,0,0,EDU
https://github.com/ucb-bar/chisel-tutorial,18,31,2,7062,51,0,51,0,256,18,1,1,2,1,3900,0,0,0,0,0,0,0,0,187,0,0,0,0,0,0,0,0,0,84952,0,0,0,0,0,0,0,0,0,0,0,0,0,0,0,0,0,0,0,0,0,0,0,0,0,0,0,0,0,0,0,EDU
https://github.com/astroML/sklearn_tutorial,2,33,4,6965,47,0,47,0,32,2,1,1,3,1,215,4736,0,169892,0,0,0,0,0,3067,0,0,0,0,0,0,0,0,0,0,0,0,0,0,0,0,0,0,0,0,0,0,0,0,0,0,0,0,0,0,0,0,0,0,0,0,0,0,0,0,0,EDU
https://github.com/amueller/sklearn_tutorial,3,27,0,10676,67,0,67,0,22,2,1,1,2,1,73,71890,0,0,79824,0,0,0,0,0,0,0,0,0,0,0,0,0,0,0,0,0,0,0,0,0,0,0,0,0,0,0,0,0,0,0,0,0,0,0,0,0,0,0,0,0,0,0,0,0,0,EDU
https://github.com/jennybc/ggplot2-tutorial,1,90,0,53939,129,0,129,0,54,2,1,1,1,1,3753,0,0,0,0,0,0,0,0,0,0,0,20161,0,0,0,0,0,0,0,0,0,0,0,0,0,0,0,0,0,0,0,0,0,0,0,0,0,0,0,0,0,0,0,0,0,0,0,0,0,0,EDU
https://github.com/sinch/android-messaging-tutorial,2,101,17,19874,99,0,99,0,84,4,1,1,3,1,31056,0,22953,0,3753,0,0,0,0,0,0,0,0,0,0,0,0,0,0,0,0,0,0,0,0,0,0,0,0,0,0,0,0,0,0,0,0,0,0,0,0,0,0,0,0,0,0,0,0,0,0,EDU
https://github.com/alexyoung/dailyjs-backbone-tutorial,1,72,7,380,187,0,187,0,1,1,1,0,3,0,220,229273,0,0,2958,0,0,0,0,0,0,0,0,0,0,0,0,0,0,0,0,0,0,0,0,0,0,0,0,0,0,0,0,0,0,0,0,0,0,0,0,0,0,0,0,0,0,0,0,0,0,EDU
https://github.com/idris-lang/idris-tutorial,2,26,1,757,58,0,58,1,115,16,1,1,3,0,303,0,0,0,0,0,0,0,0,0,0,0,0,0,0,0,0,300898,0,0,0,0,0,0,0,0,0,0,0,0,0,0,0,0,0,0,0,0,0,0,0,0,0,0,0,0,0,0,0,0,0,EDU
https://github.com/fonnesbeck/scipy2014_tutorial,1,86,1,3606,140,0,140,0,24,2,1,1,3,0,2911,0,0,127,1718,0,0,0,0,0,0,0,0,0,0,0,0,0,0,0,0,0,0,0,0,0,0,0,0,0,0,0,0,0,0,0,0,0,0,0,0,0,0,0,0,0,0,0,0,0,0,EDU
https://github.com/kjam/python-web-scraping-tutorial,1,102,1,29218,82,0,82,0,9,1,1,1,1,0,2518,0,0,26445,0,0,0,0,0,0,0,0,0,0,0,0,0,0,0,0,0,0,0,0,0,0,0,0,0,0,0,0,0,0,0,0,0,0,0,0,0,0,0,0,0,0,0,0,0,0,0,EDU
https://github.com/gnuradio/gr-tutorial,1,36,4,35423,25,0,25,0,70,5,1,1,3,1,61,0,0,52559,0,0,0,20325,1067,0,0,0,0,0,0,0,0,0,0,0,0,0,0,0,0,0,0,0,0,0,0,0,0,0,0,0,0,0,0,0,0,0,0,0,0,0,0,0,0,0,0,EDU
https://github.com/mattupstate/ansible-tutorial,1,23,1,95,70,0,70,0,4,1,1,1,2,0,0,0,0,173,0,0,0,0,0,3164,0,0,0,0,0,0,0,0,0,0,0,0,0,0,0,0,0,0,0,0,0,0,0,0,0,0,0,0,0,0,0,0,0,0,0,0,0,0,0,0,0,EDU
https://github.com/twiecki/datascientist_tutorial,1,29,0,11546,41,0,41,0,16,1,1,0,0,0,45,0,0,0,0,0,0,0,0,0,0,0,0,0,0,0,0,0,0,0,0,0,0,0,0,0,0,0,0,0,0,0,0,0,0,0,0,0,0,0,0,0,0,0,0,0,0,0,0,0,0,EDU
https://github.com/yteraoka/ansible-tutorial,2,16,0,7190,177,0,177,0,79,6,1,0,2,0,0,0,0,0,75803,0,0,0,0,0,0,0,0,0,0,0,0,0,0,0,0,0,0,0,0,0,0,0,0,0,0,0,0,0,0,0,0,0,0,0,0,0,0,0,0,0,0,0,0,0,0,EDU
https://github.com/Pakillo/R-GIS-tutorial,2,83,2,5840,97,0,97,0,12,1,1,1,0,0,551,0,0,0,0,0,0,0,0,0,0,0,0,0,0,0,0,0,0,0,0,0,0,0,0,0,0,0,0,0,0,0,0,0,0,0,0,0,0,0,0,0,0,0,0,0,0,0,0,0,0,EDU
https://github.com/cepa/dojo-tutorial,1,35,1,201,23,0,23,0,0,0,1,1,3,0,2039,18488,0,0,5637,498,0,0,0,0,0,0,0,0,0,0,0,0,0,0,0,0,0,0,0,0,0,0,0,0,0,0,0,0,0,0,0,0,0,0,0,0,0,0,0,0,0,0,0,0,0,EDU
https://github.com/tiw/angularjs-tutorial,2,27,0,3907,44,0,44,0,33,1,1,0,1,0,666,35819,0,0,0,0,0,0,0,0,0,0,0,0,0,0,0,0,0,0,0,0,0,0,0,0,0,0,0,0,0,0,0,0,0,0,0,0,0,0,0,0,0,0,0,0,0,0,0,0,0,EDU
https://github.com/errai/errai-tutorial,10,33,1,6129,26,0,26,0,220,8,1,1,3,1,3686,0,60416,0,2949,0,0,0,0,0,0,0,0,0,0,0,0,0,0,0,0,0,0,0,0,0,0,0,0,0,0,0,0,0,0,0,0,0,0,0,0,0,0,0,0,0,0,0,0,0,0,EDU
https://github.com/lihuazhang/appium-chinese-tutorial,1,62,2,452,171,0,171,0,12,2,1,0,0,0,704,0,0,0,0,0,0,0,0,0,0,0,0,0,0,0,0,0,0,0,0,0,0,0,0,0,0,0,0,0,0,0,0,0,0,0,0,0,0,0,0,0,0,0,0,0,0,0,0,0,0,EDU
https://github.com/asanderson15/rails-angular-tutorial,1,58,2,1192,189,0,189,0,12,1,1,1,4,0,1163,3415,0,0,3710,0,75785,0,0,0,0,0,0,0,0,0,12062,0,0,0,0,0,0,0,0,0,0,0,0,0,0,0,0,0,0,0,0,0,0,0,0,0,0,0,0,0,0,0,0,0,0,EDU
https://github.com/Cascading/scalding-tutorial,4,23,0,362,52,0,52,0,82,6,1,1,1,1,3006,0,0,0,0,0,0,0,0,0,0,0,0,0,0,0,0,0,0,41178,0,0,0,0,0,0,0,0,0,0,0,0,0,0,0,0,0,0,0,0,0,0,0,0,0,0,0,0,0,0,0,EDU
https://github.com/happen-zhang/symfony2-jobeet-tutorial,1,57,1,2069,108,0,108,0,116,3,1,1,0,0,23549,0,0,0,0,0,0,0,0,0,0,0,0,0,0,0,0,0,0,0,0,0,0,0,0,0,0,0,0,0,0,0,0,0,0,0,0,0,0,0,0,0,0,0,0,0,0,0,0,0,0,EDU
https://github.com/wliday/android-tutorial,1,21,1,253,56,0,56,0,10,1,1,1,1,0,1240,0,23668,0,0,0,0,0,0,0,0,0,0,0,0,0,0,0,0,0,0,0,0,0,0,0,0,0,0,0,0,0,0,0,0,0,0,0,0,0,0,0,0,0,0,0,0,0,0,0,0,EDU
https://github.com/JulianHill/R-Tutorials,2,110,6,498,107,0,107,0,34,3,1,1,1,0,62,0,0,0,0,0,0,0,0,0,0,0,25550,0,0,0,0,0,0,0,0,0,0,0,0,0,0,0,0,0,0,0,0,0,0,0,0,0,0,0,0,0,0,0,0,0,0,0,0,0,0,EDU
https://github.com/mburst/django-realtime-tutorial,1,61,2,105,127,0,127,0,5,3,1,1,2,0,0,1924,0,9750,0,0,0,0,0,0,0,0,0,0,0,0,0,0,0,0,0,0,0,0,0,0,0,0,0,0,0,0,0,0,0,0,0,0,0,0,0,0,0,0,0,0,0,0,0,0,0,EDU
https://github.com/glamp/ggplot-tutorial,5,21,1,24800,54,0,54,0,23,1,1,0,2,1,1068,0,0,232,0,0,0,0,0,405,0,0,0,0,0,0,0,0,0,0,0,0,0,0,0,0,0,0,0,0,0,0,0,0,0,0,0,0,0,0,0,0,0,0,0,0,0,0,0,0,0,EDU
https://github.com/python-recsys/recsys-tutorial,1,28,1,383,28,0,28,0,13,1,1,1,0,0,1230,0,0,0,0,0,0,0,0,0,0,0,0,0,0,0,0,0,0,0,0,0,0,0,0,0,0,0,0,0,0,0,0,0,0,0,0,0,0,0,0,0,0,0,0,0,0,0,0,0,0,EDU
https://github.com/python-uni/Tutoriales,2,17,0,22422,10,0,10,0,14,1,1,0,2,0,91,0,0,37700,0,0,0,0,0,0,0,0,0,0,0,0,0,116254,0,0,0,0,0,0,0,0,0,0,0,0,0,0,0,0,0,0,0,0,0,0,0,0,0,0,0,0,0,0,0,0,0,EDU
https://github.com/JiapengLi/GitTutorial,1,27,0,2649,24,0,24,0,12,1,1,1,0,0,11607,0,0,0,0,0,0,0,0,0,0,0,0,0,0,0,0,0,0,0,0,0,0,0,0,0,0,0,0,0,0,0,0,0,0,0,0,0,0,0,0,0,0,0,0,0,0,0,0,0,0,EDU
https://github.com/megharastogi/GameTutorial,2,31,0,14999,21,0,21,0,3,1,1,1,1,0,0,0,0,0,0,0,0,0,0,0,0,12536,0,0,0,0,0,0,0,0,0,0,0,0,0,0,0,0,0,0,0,0,0,0,0,0,0,0,0,0,0,0,0,0,0,0,0,0,0,0,0,EDU
https://github.com/Microduino/Microduino_Tutorials,1,80,2,99882,40,0,40,0,41,1,1,1,18,0,0,770,160140,2256,35413,9854,0,4919097,5861311,18907,0,17140,0,0,0,0,0,0,0,0,0,0,0,0,0,0,1366373,0,0,0,0,0,0,1108046,3673,0,2042,0,0,0,0,0,0,0,0,0,391,0,0,0,0,EDU
https://github.com/scikit-image/skimage-tutorials,2,106,2,44849,86,0,86,0,172,6,1,1,6,0,505,94652,0,82502,19142,0,0,0,0,0,0,0,0,0,0,0,0,0,0,0,0,0,0,0,0,0,0,0,0,0,0,0,0,0,0,0,0,0,0,0,0,0,0,0,0,0,0,0,0,0,0,EDU
https://github.com/divio/django-cms-tutorial,2,59,24,962,117,0,117,0,84,20,1,1,0,0,185,0,0,0,0,0,0,0,0,0,0,0,0,0,0,0,0,0,0,0,0,0,0,0,0,0,0,0,0,0,0,0,0,0,0,0,0,0,0,0,0,0,0,0,0,0,0,0,0,0,0,EDU
https://github.com/xHellerx/Math-tutorial,1,15,1,2075,92,0,92,0,276,11,1,1,3,0,2733,0,0,1988,0,0,0,0,0,0,0,0,0,0,0,0,0,993193,0,0,0,0,0,0,0,0,0,0,0,0,0,0,0,0,0,0,0,0,0,0,0,0,0,0,0,0,0,0,0,0,0,EDU
https://github.com/erangalp/database-tutorial,1,26,2,151,31,0,31,0,0,0,1,1,1,1,402,0,0,0,0,4715,0,0,0,0,0,0,0,0,0,0,0,0,0,0,0,0,0,0,0,0,0,0,0,0,0,0,0,0,0,0,0,0,0,0,0,0,0,0,0,0,0,0,0,0,0,EDU
https://github.com/dhrp/docker-tutorial,1,18,5,4184,64,0,64,0,95,18,1,1,4,0,1812,184005,0,40206,22464,0,0,0,0,0,0,0,0,0,0,0,47116,0,0,0,0,0,0,0,0,0,0,0,0,0,0,0,0,0,0,0,0,0,0,0,0,0,0,0,0,0,0,0,0,0,0,EDU
https://github.com/sebdah/meteor-chat-tutorial,1,45,2,155,188,0,188,0,8,1,1,1,2,1,1367,764,0,0,124,0,0,0,0,0,0,0,0,0,0,0,0,0,0,0,0,0,0,0,0,0,0,0,0,0,0,0,0,0,0,0,0,0,0,0,0,0,0,0,0,0,0,0,0,0,0,EDU
https://github.com/winneon/tutorial-repository,1,19,0,7,54,0,54,0,5,2,1,1,1,0,9645,0,0,0,0,0,0,0,0,143,0,0,0,0,0,0,0,0,0,0,0,0,0,0,0,0,0,0,0,0,0,0,0,0,0,0,0,0,0,0,0,0,0,0,0,0,0,0,0,0,0,EDU
https://github.com/reproducible-research/scipy-tutorial-2014,3,107,5,5556,25,0,25,1,255,7,1,1,5,1,1000,0,0,10022,2582,0,258,0,0,7193,0,0,0,0,0,0,0,3743,0,0,0,0,0,0,0,0,0,0,0,0,0,0,0,0,0,0,0,0,0,0,0,0,0,0,0,0,0,0,0,0,0,EDU
https://github.com/mechanicalgirl/young-coders-tutorial,1,52,0,58429,136,0,136,0,45,4,1,1,2,1,4738,0,0,10408,0,0,0,0,0,0,0,0,0,0,0,0,0,0,0,0,0,0,0,0,0,0,0,0,0,0,0,0,0,0,0,0,0,0,0,0,0,0,0,0,0,0,0,0,0,0,0,EDU
https://github.com/Kurento/kurento-tutorial-node,3,75,5,1463,59,0,59,0,105,13,1,1,3,0,6784,142170,0,0,10988,0,0,0,0,0,0,0,0,0,0,0,0,0,0,0,0,0,0,0,0,0,0,0,0,0,0,0,0,0,0,0,0,0,0,0,0,0,0,0,0,0,0,0,0,0,0,EDU
https://github.com/bitstorm/Wicket-tutorial-examples,7,68,0,84717,68,0,68,0,32,4,1,1,4,1,1258,7471,387703,0,122435,0,0,0,0,0,0,0,0,0,0,0,0,0,0,0,0,0,0,0,0,0,0,0,0,0,0,0,0,0,0,0,0,0,0,0,0,0,0,0,0,0,0,0,0,0,0,EDU
https://github.com/spacecowboy/AndroidTutorialContentProvider,2,51,1,6617,127,0,127,0,30,2,1,1,1,0,58987,0,22557,0,0,0,0,0,0,0,0,0,0,0,0,0,0,0,0,0,0,0,0,0,0,0,0,0,0,0,0,0,0,0,0,0,0,0,0,0,0,0,0,0,0,0,0,0,0,0,0,EDU
https://github.com/ros/ros_tutorials,10,101,1,881,69,0,69,0,139,13,1,1,3,0,0,0,0,68209,0,0,0,94377,0,0,0,0,0,0,0,0,0,0,0,0,0,0,0,0,0,0,0,0,0,0,0,0,0,0,0,0,0,0,0,0,0,0,0,0,0,0,0,0,0,0,0,EDU
https://github.com/nette/tutorial-quickstart,5,23,0,369,32,0,32,0,3,2,1,1,4,0,1345,0,0,0,485,7180,0,0,0,0,0,0,0,0,0,0,0,0,0,0,0,0,0,0,0,0,0,0,0,0,0,0,0,0,0,0,0,0,0,0,0,0,0,0,0,0,0,0,0,0,0,EDU
https://github.com/308tube/com.youtube.rest,7,187,1,3135,162,0,162,0,39,1,1,1,2,0,412,9070,40803,0,0,0,0,0,0,0,0,0,0,0,0,0,0,0,0,0,0,0,0,0,0,0,0,0,0,0,0,0,0,0,0,0,0,0,0,0,0,0,0,0,0,0,0,0,0,0,0,EDU
https://github.com/Kurento/kurento-tutorial-java,3,76,3,2998,50,0,50,0,233,12,1,0,5,1,4941,119047,295151,0,30197,0,0,0,0,144023,0,0,0,0,0,0,0,0,0,0,0,0,0,0,0,0,0,0,0,0,0,0,0,0,0,0,0,0,0,0,0,0,0,0,0,0,0,0,0,0,0,EDU
https://github.com/bhdrk/Tutorials,1,15,0,208,8,0,8,0,5,1,1,0,1,0,0,0,26473,0,0,0,0,0,0,0,0,0,0,0,0,0,0,0,0,0,0,0,0,0,0,0,0,0,0,0,0,0,0,0,0,0,0,0,0,0,0,0,0,0,0,0,0,0,0,0,0,EDU
https://github.com/Cascading/tutorials,1,11,2,7370,16,0,16,0,51,7,1,1,6,0,2097,0,1983827,0,33487,0,0,0,0,12776,0,0,0,0,0,0,0,0,0,9338,0,0,0,0,0,0,0,0,0,0,0,0,0,0,0,0,0,0,0,0,0,0,0,0,0,0,0,0,0,0,0,EDU
https://github.com/dkyang/UFLDL-Tutorial-Exercise,1,64,1,11614,59,0,59,0,4,2,1,0,5,0,755,0,0,0,0,0,0,2163,78484,0,0,0,0,0,0,0,0,0,0,0,0,0,0,0,0,708630,0,0,0,0,0,0,0,0,0,0,0,0,0,0,0,0,0,0,0,0,0,0,0,0,0,EDU
https://github.com/lifedim/SwiftCasts,1,164,2,709,174,0,174,0,25,2,1,1,3,0,43,0,0,0,0,0,0,314,0,0,0,662,0,0,0,0,0,0,31334,0,0,0,0,0,0,0,0,0,0,0,0,0,0,0,0,0,0,0,0,0,0,0,0,0,0,0,0,0,0,0,0,EDU
https://github.com/Tassandar/Rails-Tutorial-Translate,1,53,2,957,78,0,78,0,32,7,1,1,3,0,1359,735,0,0,117556,0,12568,0,0,0,0,0,0,0,0,0,0,0,0,0,0,0,0,0,0,0,0,0,0,0,0,0,0,0,0,0,0,0,0,0,0,0,0,0,0,0,0,0,0,0,0,EDU
https://github.com/TheInvader360/libgdx-gameservices-tutorial,1,49,1,13051,92,0,92,0,2,1,1,1,1,0,940,0,106639,0,0,0,0,0,0,0,0,0,0,0,0,0,0,0,0,0,0,0,0,0,0,0,0,0,0,0,0,0,0,0,0,0,0,0,0,0,0,0,0,0,0,0,0,0,0,0,0,EDU
https://github.com/maxmyers/FacebookPop,1,84,2,462,599,0,599,0,74,3,1,1,0,0,9803,0,0,0,0,0,0,0,0,0,0,0,0,0,0,0,0,0,0,0,0,0,0,0,0,0,0,0,0,0,0,0,0,0,0,0,0,0,0,0,0,0,0,0,0,0,0,0,0,0,0,EDU
https://github.com/mpirnat/django-tutorial,1,17,0,164,38,0,38,0,30,1,1,1,1,0,4562,0,0,11515,0,0,0,0,0,0,0,0,0,0,0,0,0,0,0,0,0,0,0,0,0,0,0,0,0,0,0,0,0,0,0,0,0,0,0,0,0,0,0,0,0,0,0,0,0,0,0,EDU
https://github.com/pyHPC/pyhpc-tutorial,4,19,3,14285,30,0,30,0,88,6,1,1,5,0,1433,2789,0,54503,0,0,0,902,18569,0,0,0,0,0,0,0,0,450106,0,0,0,0,0,0,0,0,0,0,0,0,0,0,0,0,0,0,0,0,0,0,0,0,0,0,0,0,0,0,0,0,0,EDU
https://github.com/AhmadNaserTurnkeySolutions/emu8086,1,45,1,2001,53,0,53,0,0,0,1,1,5,1,1871,0,0,0,0,0,0,0,1936,0,2576,0,0,0,0,0,0,0,0,0,0,0,0,0,0,0,0,0,0,0,0,0,86990,0,222984,0,0,0,0,0,0,0,0,0,0,0,0,0,0,0,0,EDU
https://github.com/ParsePlatform/JavaScriptModulesTutorial,1,65,0,10,38,0,38,0,4,2,1,1,1,1,12586,1885,0,0,0,0,0,0,0,0,0,0,0,0,0,0,0,0,0,0,0,0,0,0,0,0,0,0,0,0,0,0,0,0,0,0,0,0,0,0,0,0,0,0,0,0,0,0,0,0,0,EDU
https://github.com/coincreator/tutorials,1,17,0,672,5,0,5,0,8,1,1,0,0,0,0,0,0,0,0,0,0,0,0,0,0,0,0,0,0,0,0,0,0,0,0,0,0,0,0,0,0,0,0,0,0,0,0,0,0,0,0,0,0,0,0,0,0,0,0,0,0,0,0,0,0,EDU
https://github.com/jonase/reagent-tutorial,3,13,4,215,79,0,79,0,13,3,1,0,2,1,8071,0,0,0,0,0,0,0,0,0,0,0,0,0,0,0,0,0,0,0,0,0,0,0,3334,0,0,0,0,0,0,0,0,0,0,0,0,0,0,0,0,0,0,0,0,0,0,0,0,0,0,EDU
https://github.com/scala-js/scalajs-tutorial,3,19,0,34,27,0,27,0,8,2,1,1,2,0,139,0,0,0,0,0,0,0,0,0,0,0,0,0,0,0,0,0,0,1618,0,0,0,0,0,0,0,0,0,0,0,0,0,0,0,0,0,0,0,0,0,0,0,0,0,0,0,0,0,0,0,EDU
https://github.com/ros/urdf_tutorial,3,30,2,653,10,0,10,0,32,8,1,0,1,0,76,0,0,0,0,0,0,0,0,0,0,0,0,0,0,0,0,0,0,0,0,0,0,0,0,0,0,0,0,0,0,0,0,0,0,0,0,0,0,0,0,0,0,0,0,0,0,0,0,0,0,EDU
https://github.com/tutweb/Tutorial-Dasar-Codeigniter,1,106,0,558,12,0,12,0,9,2,1,1,2,0,444,0,0,0,0,2419324,0,0,0,0,0,0,0,0,0,52,0,0,0,0,0,0,0,0,0,0,0,0,0,0,0,0,0,0,0,0,0,0,0,0,0,0,0,0,0,0,0,0,0,0,0,EDU
https://github.com/alignedleft/strata-d3-tutorial,1,36,2,4735,123,0,123,0,15,2,1,1,1,0,676,267948,0,0,0,0,0,0,0,0,0,0,0,0,0,0,0,0,0,0,0,0,0,0,0,0,0,0,0,0,0,0,0,0,0,0,0,0,0,0,0,0,0,0,0,0,0,0,0,0,0,EDU
https://github.com/RobinThrift/metalsmith-tutorial,1,15,3,9,44,0,44,0,19,2,1,1,3,0,445,1684,0,0,158,0,0,0,0,0,0,0,0,0,0,0,199,0,0,0,0,0,0,0,0,0,0,0,0,0,0,0,0,0,0,0,0,0,0,0,0,0,0,0,0,0,0,0,0,0,0,EDU
https://github.com/jakecoffman/go-angular-tutorial,1,36,0,26,111,0,111,0,34,2,1,0,2,0,359,0,0,0,0,0,0,0,0,0,0,0,0,0,7609,0,0,0,0,0,0,0,0,0,0,0,0,0,0,0,0,0,0,0,0,0,0,0,0,0,0,0,0,0,0,0,0,0,0,0,0,EDU
https://github.com/cassidoo/HTML-CSS-Tutorial,2,38,1,6141,106,0,106,0,64,1,1,1,2,0,59585,0,0,0,1582,0,0,0,0,0,0,0,0,0,0,0,0,0,0,0,0,0,0,0,0,0,0,0,0,0,0,0,0,0,0,0,0,0,0,0,0,0,0,0,0,0,0,0,0,0,0,EDU
https://github.com/alexjlockwood/adp-applistloader,1,107,0,810,221,0,221,0,23,1,1,1,1,1,163,0,19415,0,0,0,0,0,0,0,0,0,0,0,0,0,0,0,0,0,0,0,0,0,0,0,0,0,0,0,0,0,0,0,0,0,0,0,0,0,0,0,0,0,0,0,0,0,0,0,0,EDU
https://github.com/sinch/android-messaging-tutorial-skeleton,1,60,1,978,33,0,33,0,20,1,1,1,1,1,544,0,372,0,0,0,0,0,0,0,0,0,0,0,0,0,0,0,0,0,0,0,0,0,0,0,0,0,0,0,0,0,0,0,0,0,0,0,0,0,0,0,0,0,0,0,0,0,0,0,0,EDU
https://github.com/sdnhub/SDNHub_Opendaylight_Tutorial,2,57,7,263,40,0,40,0,49,4,1,1,2,1,1117,0,165344,0,0,0,0,0,0,4128,0,0,0,0,0,0,0,0,0,0,0,0,0,0,0,0,0,0,0,0,0,0,0,0,0,0,0,0,0,0,0,0,0,0,0,0,0,0,0,0,0,EDU
https://github.com/TaiwanRUserGroup/DSC2014Tutorial,2,46,3,6860,65,0,65,0,193,11,1,1,2,0,3653,0,0,0,0,0,0,0,0,0,0,0,8558,0,0,0,0,0,0,0,0,0,0,0,0,0,0,0,0,0,0,0,0,0,0,0,0,0,0,0,0,0,0,0,0,0,0,0,0,0,0,EDU
https://github.com/briansjavablog/spring-webservices-tutorial,1,64,2,113,29,0,29,0,3,1,1,1,2,0,0,0,2764,0,0,0,0,0,0,0,0,0,0,0,0,0,0,0,0,0,0,0,0,0,0,0,0,0,0,0,0,0,0,0,0,0,0,0,0,0,0,0,0,0,0,0,0,0,0,0,0,EDU
https://github.com/nyergler/effective-django-tutorial,19,48,1,530,53,0,53,0,111,4,1,1,2,0,540,0,0,17019,0,0,0,0,0,0,0,0,0,0,0,0,0,0,0,0,0,0,0,0,0,0,0,0,0,0,0,0,0,0,0,0,0,0,0,0,0,0,0,0,0,0,0,0,0,0,0,EDU
https://github.com/jault3/ProcessTutorial,1,16,1,420,33,0,33,0,27,1,1,1,3,0,2168,0,106967,0,0,0,0,0,0,7484,0,0,0,0,0,0,0,0,0,0,0,0,0,0,0,0,0,4521,0,0,0,0,0,0,0,0,0,0,0,0,0,0,0,0,0,0,0,0,0,0,0,EDU
https://github.com/justinmwarner/GestureTutorial,1,13,1,3229,52,0,52,0,9,1,1,1,1,1,2450,0,15009,0,0,0,0,0,0,0,0,0,0,0,0,0,0,0,0,0,0,0,0,0,0,0,0,0,0,0,0,0,0,0,0,0,0,0,0,0,0,0,0,0,0,0,0,0,0,0,0,EDU
https://github.com/rohitsden/pig-tutorial,1,26,0,920,11,0,11,0,3,1,1,1,0,0,304,0,0,0,0,0,0,0,0,0,0,0,0,0,0,0,0,0,0,0,0,0,0,0,0,0,0,0,0,0,0,0,0,0,0,0,0,0,0,0,0,0,0,0,0,0,0,0,0,0,0,EDU
https://github.com/seekingalpha/SALQuickTutorial,1,12,2,563,61,0,61,5,21,2,1,1,2,1,3650,0,0,0,0,0,978,0,0,0,0,20274,0,0,0,0,0,0,0,0,0,0,0,0,0,0,0,0,0,0,0,0,0,0,0,0,0,0,0,0,0,0,0,0,0,0,0,0,0,0,0,EDU
https://github.com/MvvmCross/MvvmCross-Tutorials,2,248,6,66956,162,0,162,0,198,7,1,0,9,0,589,0,2590,0,2112,0,0,0,0,4401,2020743,0,0,0,0,0,0,0,0,0,0,0,0,0,0,0,0,0,51857,0,1192,0,0,0,0,0,21697,0,0,0,0,0,0,0,0,0,0,0,0,0,0,EDU
https://github.com/pixelnest/tutorial-2d-game-unity,1,79,0,23811,142,0,142,0,4,2,1,1,2,1,374,0,0,0,0,0,0,0,0,0,24063,0,0,0,0,0,0,0,0,0,0,0,0,0,0,0,0,0,0,0,0,0,0,0,0,0,0,0,0,0,0,0,0,0,0,0,0,0,0,0,0,EDU
https://github.com/ChristophAnastasiades/Lingulo-Responsive-Tutorial,1,59,1,272,31,0,31,0,10,1,1,1,3,1,936,12049,0,0,41541,0,0,0,0,0,0,0,0,0,0,0,0,0,0,0,0,0,0,0,0,0,0,0,0,0,0,0,0,0,0,0,0,0,0,0,0,0,0,0,0,0,0,0,0,0,0,EDU
https://github.com/triplepointfive/ogldev,1,38,2,109005,65,0,65,0,53,2,1,1,5,0,1720,0,0,0,0,0,0,2403405,92248,0,0,0,0,0,0,0,0,0,0,0,0,0,0,0,0,0,0,0,0,0,0,0,0,0,0,0,0,0,0,0,0,0,0,0,0,0,0,0,0,0,0,EDU
https://github.com/lintool/SparkTutorial,2,16,1,19448,30,0,30,0,20,2,1,1,0,0,0,0,0,0,0,0,0,0,0,0,0,0,0,0,0,0,0,0,0,0,0,0,0,0,0,0,0,0,0,0,0,0,0,0,0,0,0,0,0,0,0,0,0,0,0,0,0,0,0,0,0,EDU
https://github.com/msfrisbie/thinkster-firebase-tutorial,1,48,3,8854,49,0,49,0,5,1,1,0,4,0,144,3381872,0,0,341001,0,503,0,0,1015,0,0,0,0,0,0,0,0,0,0,0,0,0,0,0,0,0,0,0,0,0,0,0,0,0,0,0,0,0,0,0,0,0,0,0,0,0,0,0,0,0,EDU
https://github.com/sdiehl/kaleidoscope,1,68,5,453,461,0,461,0,131,13,1,1,6,1,2787,0,0,0,3003,0,0,0,1194,127,0,0,0,0,0,0,0,0,0,0,0,0,98251,0,0,0,0,0,0,0,0,0,0,0,0,0,0,0,0,0,0,0,0,0,0,0,0,0,0,0,0,EDU
https://github.com/PistonDevelopers/Piston-Tutorials,1,41,6,180,164,0,164,0,234,30,1,1,1,0,1179,0,0,0,0,0,0,0,0,0,0,0,0,0,0,0,0,0,0,0,0,0,0,0,0,0,0,0,0,2389,0,0,0,0,0,0,0,0,0,0,0,0,0,0,0,0,0,0,0,0,0,EDU
https://github.com/falconmasters/tutoriales,1,15,0,108,4,0,4,0,2,1,1,1,0,0,0,0,0,0,0,0,0,0,0,0,0,0,0,0,0,0,0,0,0,0,0,0,0,0,0,0,0,0,0,0,0,0,0,0,0,0,0,0,0,0,0,0,0,0,0,0,0,0,0,0,0,EDU
https://github.com/ihcsim/nodejs-tutorial,1,17,0,4639,23,0,23,0,39,2,1,1,3,1,673,5646,0,0,510,0,0,0,0,0,0,0,0,0,0,0,0,0,0,0,0,0,0,0,0,0,0,0,0,0,0,0,0,0,0,0,0,0,0,0,0,0,0,0,0,0,0,0,0,0,0,EDU
https://github.com/melonjs/tutorial-platformer,2,25,4,26113,9,0,9,0,118,10,1,1,3,1,1176,1059326,0,0,25450,0,0,0,0,0,0,0,0,0,0,0,0,0,0,0,0,0,0,0,0,0,0,0,0,0,0,0,0,0,0,0,0,0,0,0,0,0,0,0,0,0,0,0,0,0,0,EDU
https://github.com/kronik/UIViewController-Tutorial,1,24,1,3553,196,0,196,0,7,2,1,1,1,1,1472,0,0,0,0,0,0,0,0,0,0,19058,0,0,0,0,0,0,0,0,0,0,0,0,0,0,0,0,0,0,0,0,0,0,0,0,0,0,0,0,0,0,0,0,0,0,0,0,0,0,0,EDU
https://github.com/MandukaGames/tutorial-puzzle,2,16,1,65922,25,0,25,0,14,1,1,1,10,1,21217,0,437138,33299,0,0,0,7584267,16972847,26834,43441,853981,0,0,0,2767,0,0,0,0,0,0,0,0,0,0,0,0,0,0,18747,0,0,0,0,0,0,0,0,0,0,0,0,0,0,0,0,0,0,0,0,EDU
https://github.com/marcelcaraciolo/big-data-tutorial,2,46,0,61486,42,0,42,0,20,1,1,1,1,0,1571,0,0,18798,0,0,0,0,0,0,0,0,0,0,0,0,0,0,0,0,0,0,0,0,0,0,0,0,0,0,0,0,0,0,0,0,0,0,0,0,0,0,0,0,0,0,0,0,0,0,0,EDU
https://github.com/minrk/IPython-parallel-tutorial,1,34,1,6773,85,0,85,0,23,1,1,1,2,0,145,12532,0,15411,0,0,0,0,0,0,0,0,0,0,0,0,0,0,0,0,0,0,0,0,0,0,0,0,0,0,0,0,0,0,0,0,0,0,0,0,0,0,0,0,0,0,0,0,0,0,0,EDU
https://github.com/techgeek1019/ModdingTutorial,1,24,2,108965,10,0,10,0,15,1,1,0,1,0,0,0,75840,0,0,0,0,0,0,0,0,0,0,0,0,0,0,0,0,0,0,0,0,0,0,0,0,0,0,0,0,0,0,0,0,0,0,0,0,0,0,0,0,0,0,0,0,0,0,0,0,EDU
https://github.com/relevante/ibeacon-swift-tutorial,1,34,2,272,77,0,77,0,15,3,1,1,1,0,272,0,0,0,0,0,0,0,0,0,0,0,0,0,0,0,0,0,9881,0,0,0,0,0,0,0,0,0,0,0,0,0,0,0,0,0,0,0,0,0,0,0,0,0,0,0,0,0,0,0,0,EDU
https://github.com/maartendb/angular-sails-scrum-tutorial,4,31,3,391,82,0,82,0,19,1,1,1,2,0,11110,129674,0,0,1240,0,0,0,0,0,0,0,0,0,0,0,0,0,0,0,0,0,0,0,0,0,0,0,0,0,0,0,0,0,0,0,0,0,0,0,0,0,0,0,0,0,0,0,0,0,0,EDU
https://github.com/DavidBenko/TutorialView,1,11,2,3130,25,0,25,1,23,2,1,1,4,0,2151,0,9043,0,0,0,0,1278,0,0,0,24459,0,0,0,0,0,0,0,0,0,0,0,0,0,0,0,809,0,0,0,0,0,0,0,0,0,0,0,0,0,0,0,0,0,0,0,0,0,0,0,EDU
https://github.com/fonnesbeck/pytenn2014_tutorial,1,34,0,14610,79,0,79,0,16,2,1,1,0,1,2672,0,0,0,0,0,0,0,0,0,0,0,0,0,0,0,0,0,0,0,0,0,0,0,0,0,0,0,0,0,0,0,0,0,0,0,0,0,0,0,0,0,0,0,0,0,0,0,0,0,0,EDU
https://github.com/Rockncoder/TwitterTutorial,1,19,0,280,16,0,16,0,2,1,1,1,1,0,75,0,9966,0,0,0,0,0,0,0,0,0,0,0,0,0,0,0,0,0,0,0,0,0,0,0,0,0,0,0,0,0,0,0,0,0,0,0,0,0,0,0,0,0,0,0,0,0,0,0,0,EDU
https://github.com/GaelVaroquaux/sklearn_pandas_tutorial,1,35,0,12283,68,0,68,0,167,5,1,1,1,0,3680,0,0,36519,0,0,0,0,0,0,0,0,0,0,0,0,0,0,0,0,0,0,0,0,0,0,0,0,0,0,0,0,0,0,0,0,0,0,0,0,0,0,0,0,0,0,0,0,0,0,0,EDU
https://github.com/codedata/JavaTutorial,2,14,1,37624,28,0,28,0,44,1,1,1,4,0,3719,8799,117195,0,10677,0,0,0,0,0,0,0,0,0,0,0,0,0,0,0,0,0,0,0,0,0,0,18396,0,0,0,0,0,0,0,0,0,0,0,0,0,0,0,0,0,0,0,0,0,0,0,EDU
https://github.com/Nirman-Rathod/Spring,1,117,0,1200,95,0,95,0,17,1,1,1,1,0,0,0,97000,0,0,0,0,0,0,0,0,0,0,0,0,0,0,0,0,0,0,0,0,0,0,0,0,0,0,0,0,0,0,0,0,0,0,0,0,0,0,0,0,0,0,0,0,0,0,0,0,EDU
https://github.com/jengelsma/yacc-tutorial,1,17,0,136,17,0,17,0,3,1,1,1,0,0,104,0,0,0,0,0,0,0,0,0,0,0,0,0,0,0,0,0,0,0,0,0,0,0,0,0,0,0,0,0,0,0,0,0,0,0,0,0,0,0,0,0,0,0,0,0,0,0,0,0,0,EDU
https://github.com/gabrielemariotti/androiddev,1,583,4,5951,773,0,773,0,103,1,1,1,2,0,885,0,377480,0,0,0,0,0,0,0,0,0,0,0,0,0,0,0,0,0,0,0,0,0,0,0,0,3038,0,0,0,0,0,0,0,0,0,0,0,0,0,0,0,0,0,0,0,0,0,0,0,EDU
https://github.com/goodfeli/ccw_tutorial_theano,1,63,0,153,15,0,15,0,11,1,1,1,1,1,81,0,0,1631,0,0,0,0,0,0,0,0,0,0,0,0,0,0,0,0,0,0,0,0,0,0,0,0,0,0,0,0,0,0,0,0,0,0,0,0,0,0,0,0,0,0,0,0,0,0,0,EDU
https://github.com/JGallardo/tutorials,1,15,1,40950,3,0,3,0,103,1,1,1,10,0,4783,1813861,0,15887,714733,9839,486273,0,6451,12986,0,142075,0,0,0,953,429899,0,0,0,0,0,0,0,0,0,0,0,0,0,0,0,0,0,0,0,0,0,0,0,0,0,0,0,0,0,0,0,0,0,0,EDU
https://github.com/w3c/wai-tutorials,6,49,28,6930,65,0,65,0,1414,15,1,0,4,0,1980,27194,0,0,99565,0,8685,0,0,0,0,0,0,0,0,0,0,0,0,0,0,0,0,0,0,0,0,0,0,0,0,0,0,0,0,0,0,0,0,0,0,0,0,0,0,0,0,0,0,0,0,EDU
https://github.com/biojava/biojava-tutorial,2,14,3,5087,25,0,25,0,224,4,1,1,1,1,2104,0,0,5848,0,0,0,0,0,0,0,0,0,0,0,0,0,0,0,0,0,0,0,0,0,0,0,0,0,0,0,0,0,0,0,0,0,0,0,0,0,0,0,0,0,0,0,0,0,0,0,EDU
https://github.com/huwan/FFmpeg-Tutorial-CN,1,30,0,1200,72,0,72,0,6,1,1,1,1,0,1577,0,0,0,0,0,0,0,0,0,0,0,0,0,0,0,0,109230,0,0,0,0,0,0,0,0,0,0,0,0,0,0,0,0,0,0,0,0,0,0,0,0,0,0,0,0,0,0,0,0,0,EDU
https://github.com/piskvorky/topic_modeling_tutorial,1,35,2,439,54,0,54,0,19,3,1,1,1,0,4282,0,0,2101,0,0,0,0,0,0,0,0,0,0,0,0,0,0,0,0,0,0,0,0,0,0,0,0,0,0,0,0,0,0,0,0,0,0,0,0,0,0,0,0,0,0,0,0,0,0,0,EDU
https://github.com/jasonrhodes/hypermedia-tutorial,8,14,0,4488,23,0,23,0,31,1,1,1,1,1,854,4479,0,0,0,0,0,0,0,0,0,0,0,0,0,0,0,0,0,0,0,0,0,0,0,0,0,0,0,0,0,0,0,0,0,0,0,0,0,0,0,0,0,0,0,0,0,0,0,0,0,EDU
https://github.com/angularjs-de/angularjs-tutorial-code,1,46,0,17,29,0,29,0,7,3,1,1,3,0,0,4103,0,0,531,0,0,0,0,0,0,0,0,0,0,0,0,0,0,0,0,0,0,0,0,0,0,0,0,0,0,0,0,0,0,0,0,0,0,0,0,0,0,0,0,0,0,0,0,0,0,EDU
https://github.com/amueller/scikit-learn-interactive-tutorial,2,36,0,824,44,0,44,0,17,1,1,1,0,0,266,0,0,0,0,0,0,0,0,0,0,0,0,0,0,0,0,0,0,0,0,0,0,0,0,0,0,0,0,0,0,0,0,0,0,0,0,0,0,0,0,0,0,0,0,0,0,0,0,0,0,EDU
https://github.com/Kurento/kurento-tutorial-js,3,42,0,60146,32,0,32,0,142,12,1,1,3,0,8210,70509,0,0,12869,0,0,0,0,0,0,0,0,0,0,0,0,0,0,0,0,0,0,0,0,0,0,0,0,0,0,0,0,0,0,0,0,0,0,0,0,0,0,0,0,0,0,0,0,0,0,EDU
https://github.com/cozy/cozy-tutorial,16,15,0,1717,20,0,20,0,56,7,1,1,2,0,907,2808,0,0,0,0,0,0,0,0,0,0,0,0,0,0,0,0,0,0,0,0,0,0,0,0,0,0,0,0,0,0,0,0,0,0,0,0,0,0,0,0,0,0,0,0,0,0,0,0,0,EDU
https://github.com/strat0sphere/ThriftTutorial,1,18,3,617,13,0,13,0,42,10,1,1,7,0,264,54458,24747,28682,16435,0,0,0,0,0,0,0,0,0,0,0,0,0,0,0,0,0,0,0,0,0,0,0,0,0,0,0,0,0,0,0,0,0,0,0,0,0,0,0,0,0,0,0,0,0,0,EDU
https://github.com/dart-lang/dart-tutorials-samples,7,180,0,3796,96,0,96,0,312,14,1,1,4,1,1952,0,0,0,3199,0,0,0,0,1579,0,0,0,0,0,0,0,0,0,0,0,0,0,0,0,0,0,0,0,0,0,0,0,0,0,0,0,0,0,0,0,0,37009,0,0,0,0,0,0,0,0,EDU
https://github.com/romainr/hadoop-tutorials-examples,1,148,2,1581,153,0,153,0,86,3,1,1,9,1,2404,22225,750,8655,3557,0,0,0,0,21759,0,0,0,0,0,0,0,0,0,0,0,0,0,0,0,0,0,0,0,0,0,0,0,0,0,0,25595,0,0,0,0,0,0,0,0,0,0,0,0,0,0,EDU
https://github.com/cybercser/OpenGL_3_3_Tutorial_Translation,2,117,0,1141,271,0,271,0,107,2,1,1,0,0,672,0,0,0,0,0,0,0,0,0,0,0,0,0,0,0,0,0,0,0,0,0,0,0,0,0,0,0,0,0,0,0,0,0,0,0,0,0,0,0,0,0,0,0,0,0,0,0,0,0,0,EDU
https://github.com/coolAlias/Tutorial-Demo,2,12,0,232,21,0,21,0,54,1,1,1,1,0,383,0,90496,0,0,0,0,0,0,0,0,0,0,0,0,0,0,0,0,0,0,0,0,0,0,0,0,0,0,0,0,0,0,0,0,0,0,0,0,0,0,0,0,0,0,0,0,0,0,0,0,EDU
https://github.com/abidrahmank/OpenCV2-Python-Tutorials,1,313,89,13187,342,0,342,1,166,7,1,1,2,0,1071,0,0,8269,0,0,0,0,0,5137,0,0,0,0,0,0,0,0,0,0,0,0,0,0,0,0,0,0,0,0,0,0,0,0,0,0,0,0,0,0,0,0,0,0,0,0,0,0,0,0,0,EDU
https://github.com/phalcon/blog-tutorial,1,12,0,162,25,0,25,0,7,5,1,1,3,0,656,0,0,0,0,13654,0,0,0,0,0,0,0,0,0,0,0,0,0,0,0,0,0,0,0,0,0,0,0,0,0,0,0,0,0,0,0,0,0,0,0,0,0,0,0,0,0,0,0,0,0,EDU
https://github.com/magomimmo/modern-cljs,46,230,19,35095,2095,0,2095,0,1896,67,1,1,2,0,12911,0,0,0,0,0,0,0,0,0,0,0,0,0,0,0,0,0,0,0,0,0,0,0,40851,0,0,0,0,0,0,0,0,0,0,0,0,0,0,0,0,0,0,0,0,0,0,0,0,0,0,EDU
https://github.com/whereIsMyDipp/Tutorials,1,15,1,278,2,0,2,0,0,0,1,0,2,0,0,0,232,0,0,0,0,0,0,0,0,0,0,0,0,0,0,0,0,682,0,0,0,0,0,0,0,0,0,0,0,0,0,0,0,0,0,0,0,0,0,0,0,0,0,0,0,0,0,0,0,EDU
https://github.com/ProMobile/ViewPagerTutorial,1,43,1,506,19,0,19,0,2,1,1,1,1,0,129,0,2633,0,0,0,0,0,0,0,0,0,0,0,0,0,0,0,0,0,0,0,0,0,0,0,0,0,0,0,0,0,0,0,0,0,0,0,0,0,0,0,0,0,0,0,0,0,0,0,0,EDU
https://github.com/pydy/pydy-tutorial-human-standing,6,28,16,4068,51,0,51,0,186,8,1,1,3,0,6954,0,0,18688,0,0,0,0,0,0,0,0,0,0,0,0,0,0,0,0,0,0,0,0,0,0,0,0,0,0,0,0,0,0,0,0,0,0,0,0,0,0,0,0,0,0,0,0,0,0,0,EDU
https://github.com/howiehu/vim_tutorials,1,37,2,136,60,0,60,0,14,1,1,1,0,0,1428,0,0,0,0,0,0,0,0,0,0,0,0,0,0,0,0,0,0,0,0,0,0,0,0,0,0,0,0,0,0,0,0,0,0,0,0,0,0,0,0,0,0,0,0,0,0,0,0,0,0,EDU
https://github.com/ss23/php-tutorial,1,15,4,881,12,0,12,0,39,2,1,1,2,0,0,1692,0,0,34064,0,0,0,0,0,0,0,0,0,0,0,0,0,0,0,0,0,0,0,0,0,0,0,0,0,0,0,0,0,0,0,0,0,0,0,0,0,0,0,0,0,0,0,0,0,0,EDU
https://github.com/toniomg/TutorialBase,1,14,0,197,7,0,7,0,7,3,1,1,1,0,0,0,0,0,0,0,0,0,0,0,0,12279,0,0,0,0,0,0,0,0,0,0,0,0,0,0,0,0,0,0,0,0,0,0,0,0,0,0,0,0,0,0,0,0,0,0,0,0,0,0,0,EDU
https://github.com/aagarw30/R-Shinyapp-Tutorial,1,41,0,90974,21,0,21,0,17,1,1,0,1,0,379,0,0,0,0,0,0,0,0,0,0,0,36529,0,0,0,0,0,0,0,0,0,0,0,0,0,0,0,0,0,0,0,0,0,0,0,0,0,0,0,0,0,0,0,0,0,0,0,0,0,0,EDU
https://github.com/PaulL1/league-tutorial,12,11,1,340,24,0,24,0,12,1,1,1,4,1,971,56548,0,0,5108,0,21361,0,0,0,0,0,0,0,0,0,458,0,0,0,0,0,0,0,0,0,0,0,0,0,0,0,0,0,0,0,0,0,0,0,0,0,0,0,0,0,0,0,0,0,0,EDU
https://github.com/cgoldberg/python-unittest-tutorial,2,22,1,179,75,0,75,0,20,1,1,1,1,0,13103,0,0,1967,0,0,0,0,0,0,0,0,0,0,0,0,0,0,0,0,0,0,0,0,0,0,0,0,0,0,0,0,0,0,0,0,0,0,0,0,0,0,0,0,0,0,0,0,0,0,0,EDU
https://github.com/toniomg/TutorialParseBaaS,1,23,0,5207,28,0,28,0,0,0,1,1,2,0,0,0,0,0,0,0,0,699,0,0,0,186351,0,0,0,0,0,0,0,0,0,0,0,0,0,0,0,0,0,0,0,0,0,0,0,0,0,0,0,0,0,0,0,0,0,0,0,0,0,0,0,EDU
https://github.com/peepo/openGL-RPi-tutorial,1,22,1,1197,80,0,80,0,68,2,1,1,5,0,1319,0,0,0,0,0,0,148628,342488,0,0,0,0,0,0,0,0,0,0,0,0,0,0,0,0,0,0,0,0,0,0,0,0,0,0,0,0,0,0,0,0,0,0,0,0,0,0,0,0,0,0,EDU
https://github.com/astropy/astropy-tutorials,3,43,30,25206,35,0,35,0,473,15,1,1,6,0,1099,0,0,13006,23005,0,0,0,0,4646,0,0,0,0,0,0,0,0,0,0,0,0,0,0,0,0,0,0,0,0,0,0,0,0,0,0,0,0,0,0,0,0,0,0,0,0,0,0,0,0,0,EDU
https://github.com/ParsePlatform/ParseQueryAdapterTutorial,1,36,1,2779,26,0,26,0,1,1,1,1,2,0,653,0,6320,0,3753,0,0,0,0,0,0,0,0,0,0,0,0,0,0,0,0,0,0,0,0,0,0,0,0,0,0,0,0,0,0,0,0,0,0,0,0,0,0,0,0,0,0,0,0,0,0,EDU
https://github.com/tomlooman/ue4-tutorials,1,102,2,134731,170,0,170,0,23,1,1,1,3,0,139,0,0,0,0,0,0,19557,192,0,1277,0,0,0,0,0,0,0,0,0,0,0,0,0,0,0,0,0,0,0,0,0,0,0,0,0,0,0,0,0,0,0,0,0,0,0,0,0,0,0,0,EDU
https://github.com/ejmeij/entity-linking-and-retrieval-tutorial,2,45,0,93558,94,0,94,0,24,4,1,1,0,0,639,0,0,0,0,0,0,0,0,0,0,0,0,0,0,0,0,0,0,0,0,0,0,0,0,0,0,0,0,0,0,0,0,0,0,0,0,0,0,0,0,0,0,0,0,0,0,0,0,0,0,EDU
https://github.com/DaweiCheng/isotope-tutorial,1,13,0,176,15,0,15,0,2,1,1,1,1,0,215,45911,0,0,0,0,0,0,0,0,0,0,0,0,0,0,0,0,0,0,0,0,0,0,0,0,0,0,0,0,0,0,0,0,0,0,0,0,0,0,0,0,0,0,0,0,0,0,0,0,0,EDU
https://github.com/capnramses/antons_opengl_tutorials_book,1,88,2,45235,241,0,241,0,94,3,1,1,4,1,3400,0,0,0,0,0,0,2320944,5663346,0,0,22950,0,0,0,0,0,0,0,0,0,0,0,0,0,0,0,0,0,0,0,0,0,0,0,0,0,0,0,0,0,0,0,0,0,0,0,0,0,0,0,EDU
https://github.com/frankdu/android-gradle-dagger-tutorial,1,20,1,271,79,0,79,0,9,1,1,0,2,1,853,0,14709,0,0,0,0,0,0,0,0,0,0,0,0,0,0,0,0,0,0,0,0,0,0,0,0,2294,0,0,0,0,0,0,0,0,0,0,0,0,0,0,0,0,0,0,0,0,0,0,0,EDU
https://github.com/emmetio/emmet-docs,2,49,10,397,184,0,184,0,168,8,1,1,4,0,1285,230092,0,0,27073,0,0,0,0,0,0,0,0,0,0,0,1718,0,0,0,0,0,0,0,0,0,0,0,0,0,0,0,0,0,0,0,0,0,0,0,0,0,0,0,0,0,0,0,0,0,0,EDU
https://github.com/dnouri/pyramid-tutorial,1,11,0,311,21,0,21,0,2,1,1,1,3,0,1998,250540,0,58661,576867,0,0,0,0,0,0,0,0,0,0,0,0,0,0,0,0,0,0,0,0,0,0,0,0,0,0,0,0,0,0,0,0,0,0,0,0,0,0,0,0,0,0,0,0,0,0,EDU
https://github.com/jalehman/react-tutorial-om,1,13,0,278,222,0,222,0,32,3,1,1,1,0,1447,0,0,0,0,0,0,0,0,0,0,0,0,0,0,0,0,0,0,0,0,0,0,0,7671,0,0,0,0,0,0,0,0,0,0,0,0,0,0,0,0,0,0,0,0,0,0,0,0,0,0,EDU
https://github.com/cplain/augmented-reality-tutorial,1,32,2,595,25,0,25,0,5,1,1,1,1,0,20079,0,60618,0,0,0,0,0,0,0,0,0,0,0,0,0,0,0,0,0,0,0,0,0,0,0,0,0,0,0,0,0,0,0,0,0,0,0,0,0,0,0,0,0,0,0,0,0,0,0,0,EDU
