https://github.com/hopelessoptimism/datasets,1,12,0,37,33,0,33,0,58,1,1,1,0,0,8019,0,0,0,0,0,0,0,0,0,0,0,0,0,0,0,0,0,0,0,0,0,0,0,0,0,0,0,0,0,0,0,0,0,0,0,0,0,0,0,0,0,0,0,0,0,0,0,0,0,0,DATA
https://github.com/edinburghcouncil/datasets,1,11,5,17825,26,0,26,1,14,3,1,1,0,1,1939,0,0,0,0,0,0,0,0,0,0,0,0,0,0,0,0,0,0,0,0,0,0,0,0,0,0,0,0,0,0,0,0,0,0,0,0,0,0,0,0,0,0,0,0,0,0,0,0,0,0,DATA
https://github.com/livedoor/datasets,1,5,0,97920,52,0,52,0,2,1,1,1,0,0,201,0,0,0,0,0,0,0,0,0,0,0,0,0,0,0,0,0,0,0,0,0,0,0,0,0,0,0,0,0,0,0,0,0,0,0,0,0,0,0,0,0,0,0,0,0,0,0,0,0,0,DATA
https://github.com/NuCivic/dkan_dataset,22,13,7,1388,11,0,11,3,752,19,1,1,4,1,2015,9309,0,0,26104,375283,0,0,0,2106,0,0,0,0,0,0,0,0,0,0,0,0,0,0,0,0,0,0,0,0,0,0,0,0,0,0,0,0,0,0,0,0,0,0,0,0,0,0,0,0,0,DATA
https://github.com/shimizu/dataSet,1,0,0,5430,3,0,3,0,67,1,1,1,0,0,226,0,0,0,0,0,0,0,0,0,0,0,0,0,0,0,0,0,0,0,0,0,0,0,0,0,0,0,0,0,0,0,0,0,0,0,0,0,0,0,0,0,0,0,0,0,0,0,0,0,0,DATA
https://github.com/timmolter/Datasets,3,5,1,78848,8,0,8,0,147,2,1,1,1,1,10124,0,387229,0,0,0,0,0,0,0,0,0,0,0,0,0,0,0,0,0,0,0,0,0,0,0,0,0,0,0,0,0,0,0,0,0,0,0,0,0,0,0,0,0,0,0,0,0,0,0,0,DATA
https://github.com/MAECProject/datasets,1,5,0,34820,6,0,6,0,23,5,1,1,0,0,2032,0,0,0,0,0,0,0,0,0,0,0,0,0,0,0,0,0,0,0,0,0,0,0,0,0,0,0,0,0,0,0,0,0,0,0,0,0,0,0,0,0,0,0,0,0,0,0,0,0,0,DATA
https://github.com/ericmjonas/circuitdata,1,3,2,49660,14,0,14,0,17,1,1,1,1,1,1395,0,0,60937,0,0,0,0,0,0,0,0,0,0,0,0,0,0,0,0,0,0,0,0,0,0,0,0,0,0,0,0,0,0,0,0,0,0,0,0,0,0,0,0,0,0,0,0,0,0,0,DATA
https://github.com/mapbox/rasterio,16,113,91,18806,472,0,472,10,1727,38,1,1,3,1,9393,0,0,748719,0,0,0,34752,0,2942,0,0,0,0,0,0,0,0,0,0,0,0,0,0,0,0,0,0,0,0,0,0,0,0,0,0,0,0,0,0,0,0,0,0,0,0,0,0,0,0,0,DATA
https://github.com/socialsensor/twitter-dataset-collector,1,10,2,662,5,0,5,0,25,1,1,1,1,1,3579,0,42007,0,0,0,0,0,0,0,0,0,0,0,0,0,0,0,0,0,0,0,0,0,0,0,0,0,0,0,0,0,0,0,0,0,0,0,0,0,0,0,0,0,0,0,0,0,0,0,0,DATA
https://github.com/ardwort/indonesian-nlp-datasets,1,21,0,10972,27,0,27,0,53,3,1,1,2,0,300,0,0,11516,0,1870,0,0,0,0,0,0,0,0,0,0,0,0,0,0,0,0,0,0,0,0,0,0,0,0,0,0,0,0,0,0,0,0,0,0,0,0,0,0,0,0,0,0,0,0,0,DATA
https://github.com/pydata/xarray,9,136,235,9100,456,0,456,20,1669,47,1,1,3,1,5472,0,0,1038200,0,0,0,0,0,0,0,0,0,0,0,0,0,0,0,0,0,0,0,0,0,0,0,0,0,0,3148,0,0,0,0,0,0,0,0,0,0,0,0,0,0,0,0,0,0,0,0,DATA
https://github.com/codeforboston/finda,1,86,33,1506,47,0,47,0,245,15,1,1,3,1,650,416120,0,0,17815,0,0,0,0,0,0,0,0,0,0,0,0,0,0,0,0,0,0,0,0,0,0,0,0,0,0,0,0,0,0,0,0,0,0,0,0,0,0,0,0,0,0,0,0,0,0,DATA
https://github.com/ropensci/datasets,1,2,0,268,8,0,8,0,11,1,1,1,0,0,874,0,0,0,0,0,0,0,0,0,0,0,0,0,0,0,0,0,0,0,0,0,0,0,0,0,0,0,0,0,0,0,0,0,0,0,0,0,0,0,0,0,0,0,0,0,0,0,0,0,0,DATA
https://github.com/wxwidget/dataset,1,0,0,128,0,0,0,0,0,0,1,1,1,0,0,0,0,0,0,0,0,34029,0,0,0,0,0,0,0,0,0,0,0,0,0,0,0,0,0,0,0,0,0,0,0,0,0,0,0,0,0,0,0,0,0,0,0,0,0,0,0,0,0,0,0,DATA
https://github.com/sergiocima/Dataset,2,1,0,9160,0,0,0,0,17,1,1,1,0,0,0,0,0,0,0,0,0,0,0,0,0,0,0,0,0,0,0,0,0,0,0,0,0,0,0,0,0,0,0,0,0,0,0,0,0,0,0,0,0,0,0,0,0,0,0,0,0,0,0,0,0,DATA
https://github.com/manan89/DataSet,0,0,0,56,0,0,0,0,0,0,1,0,0,0,0,0,0,0,0,0,0,0,0,0,0,0,0,0,0,0,0,0,0,0,0,0,0,0,0,0,0,0,0,0,0,0,0,0,0,0,0,0,0,0,0,0,0,0,0,0,0,0,0,0,0,DATA
https://github.com/kics/DataSet,1,0,0,112,0,0,0,0,4,1,1,1,1,0,2855,0,0,11233,0,0,0,0,0,0,0,0,0,0,0,0,0,0,0,0,0,0,0,0,0,0,0,0,0,0,0,0,0,0,0,0,0,0,0,0,0,0,0,0,0,0,0,0,0,0,0,DATA
https://github.com/saikat107/dataset,1,0,0,5489,0,0,0,0,1,1,1,1,1,0,0,0,6453,0,0,0,0,0,0,0,0,0,0,0,0,0,0,0,0,0,0,0,0,0,0,0,0,0,0,0,0,0,0,0,0,0,0,0,0,0,0,0,0,0,0,0,0,0,0,0,0,DATA
https://github.com/lagden/dataset,2,0,0,176,0,0,0,0,8,1,1,1,1,1,777,4521,0,0,0,0,0,0,0,0,0,0,0,0,0,0,0,0,0,0,0,0,0,0,0,0,0,0,0,0,0,0,0,0,0,0,0,0,0,0,0,0,0,0,0,0,0,0,0,0,0,DATA
https://github.com/Mining-multiple-repos-data/dataset,1,1,0,0,0,0,0,0,1,1,1,1,0,0,127,0,0,0,0,0,0,0,0,0,0,0,0,0,0,0,0,0,0,0,0,0,0,0,0,0,0,0,0,0,0,0,0,0,0,0,0,0,0,0,0,0,0,0,0,0,0,0,0,0,0,DATA
https://github.com/Khalefa/dataset,1,0,0,1900,0,0,0,0,1,1,1,0,0,0,0,0,0,0,0,0,0,0,0,0,0,0,0,0,0,0,0,0,0,0,0,0,0,0,0,0,0,0,0,0,0,0,0,0,0,0,0,0,0,0,0,0,0,0,0,0,0,0,0,0,0,DATA
https://github.com/salehsub90/dataset,0,0,0,0,0,0,0,0,0,0,1,1,0,0,0,0,0,0,0,0,0,0,0,0,0,0,0,0,0,0,0,0,0,0,0,0,0,0,0,0,0,0,0,0,0,0,0,0,0,0,0,0,0,0,0,0,0,0,0,0,0,0,0,0,0,DATA
https://github.com/baba5246/Dataset,1,0,0,104,0,0,0,0,1,1,1,1,0,0,55,0,0,0,0,0,0,0,0,0,0,0,0,0,0,0,0,0,0,0,0,0,0,0,0,0,0,0,0,0,0,0,0,0,0,0,0,0,0,0,0,0,0,0,0,0,0,0,0,0,0,DATA
https://github.com/Balajigolla/Dataset,1,0,0,108,0,0,0,0,1,1,1,1,0,0,27,0,0,0,0,0,0,0,0,0,0,0,0,0,0,0,0,0,0,0,0,0,0,0,0,0,0,0,0,0,0,0,0,0,0,0,0,0,0,0,0,0,0,0,0,0,0,0,0,0,0,DATA
https://github.com/vne/dataset,1,0,0,148,0,0,0,0,3,1,1,1,2,1,181,25695,0,0,0,0,0,0,0,0,0,0,0,0,0,0,7856,0,0,0,0,0,0,0,0,0,0,0,0,0,0,0,0,0,0,0,0,0,0,0,0,0,0,0,0,0,0,0,0,0,0,DATA
https://github.com/lindaWang123/dataset,0,0,0,56,0,0,0,0,0,0,1,0,0,0,0,0,0,0,0,0,0,0,0,0,0,0,0,0,0,0,0,0,0,0,0,0,0,0,0,0,0,0,0,0,0,0,0,0,0,0,0,0,0,0,0,0,0,0,0,0,0,0,0,0,0,DATA
https://github.com/Cotes/dataset,2,0,0,1256,0,0,0,0,15,1,1,0,1,0,1600,0,68422,0,0,0,0,0,0,0,0,0,0,0,0,0,0,0,0,0,0,0,0,0,0,0,0,0,0,0,0,0,0,0,0,0,0,0,0,0,0,0,0,0,0,0,0,0,0,0,0,DATA
https://github.com/rforge/dataset,1,0,0,764,0,0,0,0,0,0,1,1,4,0,3610,0,0,0,0,1605,0,0,0,10650,0,0,1231153,0,0,4597,0,0,0,0,0,0,0,0,0,0,0,0,0,0,0,0,0,0,0,0,0,0,0,0,0,0,0,0,0,0,0,0,0,0,0,DATA
https://github.com/opencog/test-datasets,1,9,0,125487,6,0,6,1,125,5,1,1,2,0,83,0,0,0,0,0,0,0,0,1293,0,0,0,0,0,0,0,0,0,0,0,0,0,0,0,0,0,0,0,0,0,0,0,0,0,0,0,0,0,0,0,191877063,0,0,0,0,0,0,0,0,0,DATA
https://github.com/abresler/asb_datasets,1,7,1,1416,10,0,10,0,7,2,1,0,1,0,0,0,0,0,0,0,0,0,0,0,0,0,346,0,0,0,0,0,0,0,0,0,0,0,0,0,0,0,0,0,0,0,0,0,0,0,0,0,0,0,0,0,0,0,0,0,0,0,0,0,0,DATA
https://github.com/jalbertbowden/foursquare-user-dataset,1,6,0,94564,4,0,4,0,2,1,1,1,0,0,137,0,0,0,0,0,0,0,0,0,0,0,0,0,0,0,0,0,0,0,0,0,0,0,0,0,0,0,0,0,0,0,0,0,0,0,0,0,0,0,0,0,0,0,0,0,0,0,0,0,0,DATA
https://github.com/ezequieljuliano/DataSetConverter4Delphi,1,16,0,163,22,0,22,0,27,1,1,1,2,1,2658,0,0,0,0,0,0,0,0,0,0,0,0,0,0,0,0,0,0,0,0,0,0,0,0,0,0,0,0,0,0,0,0,0,0,0,0,0,0,0,0,0,0,0,0,0,0,0,0,0,0,DATA
https://github.com/sidooms/MovieTweetings,1,59,0,3660056,125,0,125,0,1185,2,1,1,0,1,9260,0,0,0,0,0,0,0,0,0,0,0,0,0,0,0,0,0,0,0,0,0,0,0,0,0,0,0,0,0,0,0,0,0,0,0,0,0,0,0,0,0,0,0,0,0,0,0,0,0,0,DATA
https://github.com/perrygeo/python-rasterstats,4,33,12,943,115,0,115,9,299,9,1,1,2,1,2498,0,0,72528,0,0,0,0,0,382,0,0,0,0,0,0,0,0,0,0,0,0,0,0,0,0,0,0,0,0,0,0,0,0,0,0,0,0,0,0,0,0,0,0,0,0,0,0,0,0,0,DATA
https://github.com/UrbanCCD-UChicago/plenario,6,34,31,122563,104,0,104,0,1478,17,1,1,7,1,5793,444335,0,592706,22088,0,0,0,0,1904,0,0,0,0,0,0,0,0,0,0,0,0,0,0,0,0,0,0,0,0,0,0,0,0,0,0,0,0,0,0,0,0,0,0,0,0,0,0,0,0,0,DATA
https://github.com/sergeyk/vislab,3,44,3,73174,58,0,58,0,208,2,1,1,13,1,76,109374,0,417779,188477,0,720,72184,1296120,14821,0,25051,0,0,0,0,0,3888,0,0,0,0,0,0,0,474925,0,0,0,0,0,0,0,0,0,0,0,0,0,0,0,0,0,0,0,0,0,0,0,0,0,DATA
https://github.com/rjtavares/football-crunching,1,13,0,1105,62,0,62,0,8,1,1,1,1,0,248,0,0,3609,0,0,0,0,0,0,0,0,0,0,0,0,0,0,0,0,0,0,0,0,0,0,0,0,0,0,0,0,0,0,0,0,0,0,0,0,0,0,0,0,0,0,0,0,0,0,0,DATA
https://github.com/uwdata/cappp-dataset,1,3,0,116,0,0,0,0,2,1,1,1,0,0,10,0,0,0,0,0,0,0,0,0,0,0,0,0,0,0,0,0,0,0,0,0,0,0,0,0,0,0,0,0,0,0,0,0,0,0,0,0,0,0,0,0,0,0,0,0,0,0,0,0,0,DATA
https://github.com/andresy/mnist,1,8,2,11640,5,0,5,0,2,1,1,1,1,0,620,0,0,0,0,0,0,0,0,0,0,0,0,0,0,0,0,0,0,0,0,0,0,1478,0,0,0,0,0,0,0,0,0,0,0,0,0,0,0,0,0,0,0,0,0,0,0,0,0,0,0,DATA
https://github.com/greentrace/green-dataset,1,2,0,162,2,0,2,0,5,3,1,0,0,0,2559,0,0,0,0,0,0,0,0,0,0,0,0,0,0,0,0,0,0,0,0,0,0,0,0,0,0,0,0,0,0,0,0,0,0,0,0,0,0,0,0,0,0,0,0,0,0,0,0,0,0,DATA
https://github.com/NESCent/1000-datasets,1,3,9,5780,5,0,5,0,108,3,1,1,3,0,1197,0,0,35672,0,0,0,0,0,0,0,0,485,0,0,0,0,5573242,0,0,0,0,0,0,0,0,0,0,0,0,0,0,0,0,0,0,0,0,0,0,0,0,0,0,0,0,0,0,0,0,0,DATA
https://github.com/alabid/sentimentstwitter,1,8,1,2013,9,0,9,0,48,2,1,1,3,0,4946,1633,0,33155,14045,0,0,0,0,0,0,0,0,0,0,0,0,0,0,0,0,0,0,0,0,0,0,0,0,0,0,0,0,0,0,0,0,0,0,0,0,0,0,0,0,0,0,0,0,0,0,DATA
https://github.com/kinlane/federal-agency-dataset-adoption,2,2,0,10217,5,0,5,0,154,2,1,1,2,0,72,0,0,0,0,0,0,0,0,55,0,0,0,0,0,0,0,0,0,0,0,0,0,0,0,0,0,0,0,0,0,0,0,0,0,0,0,0,0,0,0,0,0,0,0,0,0,0,0,0,0,DATA
https://github.com/koenvanbenthem/Dataset.R,2,2,0,128647,1,0,1,0,61,3,1,1,2,0,0,0,0,0,0,0,0,0,0,0,0,0,97473,0,0,0,0,60638,0,0,0,0,0,0,0,0,0,0,0,0,0,0,0,0,0,0,0,0,0,0,0,0,0,0,0,0,0,0,0,0,0,DATA
https://github.com/pbiecek/PISA2012lite,1,6,0,252585,10,0,10,1,45,2,1,1,2,0,1669,0,0,0,1168,0,0,0,0,0,0,0,47497,0,0,0,0,0,0,0,0,0,0,0,0,0,0,0,0,0,0,0,0,0,0,0,0,0,0,0,0,0,0,0,0,0,0,0,0,0,0,DATA
https://github.com/vasile/GTFS-viz,1,13,6,60,54,0,54,0,87,2,1,1,1,1,5047,0,0,0,0,0,35341,0,0,0,0,0,0,0,0,0,0,0,0,0,0,0,0,0,0,0,0,0,0,0,0,0,0,0,0,0,0,0,0,0,0,0,0,0,0,0,0,0,0,0,0,DATA
https://github.com/umbrae/reddit-top-2.5-million,1,192,4,463586,294,0,294,0,34,1,1,1,0,1,1582,0,0,0,0,0,0,0,0,0,0,0,0,0,0,0,0,0,0,0,0,0,0,0,0,0,0,0,0,0,0,0,0,0,0,0,0,0,0,0,0,0,0,0,0,0,0,0,0,0,0,DATA
https://github.com/dmwm/DBS,3,7,12,12915,2,0,2,0,611,2,1,1,3,0,763,0,0,1513668,0,0,0,0,0,32454,0,0,0,0,0,0,0,0,0,0,0,0,0,0,0,0,0,0,0,0,0,0,0,0,0,0,0,0,0,0,0,0,0,0,0,0,0,0,0,0,0,DATA
https://github.com/ctSkennerton/minced,1,4,0,519,20,0,20,7,34,3,1,1,3,1,2308,0,67553,0,0,0,0,0,0,791,0,0,0,0,0,0,0,0,0,0,0,0,0,0,0,0,0,0,0,0,0,0,0,0,0,0,0,0,0,0,0,0,0,0,0,0,0,0,0,0,0,DATA
https://github.com/ioos/compliance-checker,13,22,19,2894,13,0,13,15,754,18,1,1,1,1,25401,0,0,424408,0,0,0,0,0,0,0,0,0,0,0,0,0,0,0,0,0,0,0,0,0,0,0,0,0,0,0,0,0,0,0,0,0,0,0,0,0,0,0,0,0,0,0,0,0,0,0,DATA
https://github.com/datameet/india-election-data,1,40,0,99099,49,0,49,0,82,6,1,1,3,0,368,0,0,4922,0,0,0,0,0,0,0,0,0,0,0,130923,0,0,0,0,0,0,0,0,0,0,0,0,0,0,0,0,0,0,0,0,0,0,0,0,0,0,0,0,0,0,0,0,0,0,0,DATA
https://github.com/roryk/tiny-test-data,1,7,0,7077,20,0,20,0,22,3,1,1,1,1,484,0,0,2151,0,0,0,0,0,0,0,0,0,0,0,0,0,0,0,0,0,0,0,0,0,0,0,0,0,0,0,0,0,0,0,0,0,0,0,0,0,0,0,0,0,0,0,0,0,0,0,DATA
https://github.com/fergiemcdowall/reuters-21578-json,1,22,1,14384,8,0,8,0,14,1,1,1,0,1,99,0,0,0,0,0,0,0,0,0,0,0,0,0,0,0,0,0,0,0,0,0,0,0,0,0,0,0,0,0,0,0,0,0,0,0,0,0,0,0,0,0,0,0,0,0,0,0,0,0,0,DATA
https://github.com/tlevine/ckan-datasets,1,3,0,133068,2,0,2,0,8,1,1,0,0,0,0,0,0,0,0,0,0,0,0,0,0,0,0,0,0,0,0,0,0,0,0,0,0,0,0,0,0,0,0,0,0,0,0,0,0,0,0,0,0,0,0,0,0,0,0,0,0,0,0,0,0,DATA
https://github.com/ipython-books/cookbook-data,1,53,2,29947,95,0,95,0,19,2,1,1,0,0,2609,0,0,0,0,0,0,0,0,0,0,0,0,0,0,0,0,0,0,0,0,0,0,0,0,0,0,0,0,0,0,0,0,0,0,0,0,0,0,0,0,0,0,0,0,0,0,0,0,0,0,DATA
https://github.com/ailabitmo/linked-learning-datasets,2,4,2,1196,4,0,4,0,124,5,1,1,2,0,0,0,0,0,0,13567,0,0,0,0,0,0,0,0,0,0,0,0,0,0,0,0,0,0,0,0,0,0,0,0,0,0,0,0,0,0,0,0,0,0,0,0,0,0,0,0,0,0,0,0,0,DATA
https://github.com/Taranveer/Million_Song_dataset,1,3,0,2010,1,0,1,0,13,2,1,1,2,0,1008,0,0,1499,0,0,0,0,0,0,0,0,2057,0,0,0,0,0,0,0,0,0,0,0,0,0,0,0,0,0,0,0,0,0,0,0,0,0,0,0,0,0,0,0,0,0,0,0,0,0,0,DATA
https://github.com/jalbertbowden/large-movie-reviews-dataset,1,3,0,101288,1,0,1,0,2,1,1,1,0,0,144,0,0,0,0,0,0,0,0,0,0,0,0,0,0,0,0,0,0,0,0,0,0,0,0,0,0,0,0,0,0,0,0,0,0,0,0,0,0,0,0,0,0,0,0,0,0,0,0,0,0,DATA
https://github.com/alsbury/SequelProCopyPHPUnitDataset,1,2,0,112,5,0,5,0,3,1,1,1,0,1,1328,0,0,0,0,0,0,0,0,0,0,0,0,0,0,0,0,0,0,0,0,0,0,0,0,0,0,0,0,0,0,0,0,0,0,0,0,0,0,0,0,0,0,0,0,0,0,0,0,0,0,DATA
https://github.com/CloPeMa/garment_dataset,1,2,0,47432,1,0,1,0,1,1,1,1,2,1,1668,0,0,0,0,0,0,0,0,0,0,0,0,0,0,0,0,0,0,0,0,0,0,0,0,60891,0,0,0,0,0,0,0,0,0,0,0,0,0,0,0,0,0,0,0,0,0,0,0,0,0,DATA
https://github.com/Aysegul/torch-kitti,1,6,0,1164,12,0,12,0,13,1,1,1,1,1,1087,0,0,0,0,0,0,0,0,0,0,0,0,0,0,0,0,0,0,0,0,0,0,11020,0,0,0,0,0,0,0,0,0,0,0,0,0,0,0,0,0,0,0,0,0,0,0,0,0,0,0,DATA
https://github.com/edwinhu/wrds,1,15,2,449,14,0,14,0,29,2,1,1,1,0,3227,0,0,29850,0,0,0,0,0,0,0,0,0,0,0,0,0,0,0,0,0,0,0,0,0,0,0,0,0,0,0,0,0,0,0,0,0,0,0,0,0,0,0,0,0,0,0,0,0,0,0,DATA
https://github.com/zhfe99/helen,1,8,0,5448,7,0,7,0,10,1,1,1,2,0,2681,0,0,0,0,0,0,0,0,0,0,0,0,0,0,0,0,0,0,0,0,0,0,0,0,10996,0,0,0,0,0,0,0,0,0,0,0,0,0,0,0,0,0,0,0,0,0,0,0,0,0,DATA
https://github.com/Sotera/correlation-approximation,2,15,1,560,64,0,64,0,18,3,1,1,2,1,7417,0,0,0,0,0,0,0,0,3849,0,0,0,0,0,0,0,0,0,32388,0,0,0,0,0,0,0,0,0,0,0,0,0,0,0,0,0,0,0,0,0,0,0,0,0,0,0,0,0,0,0,DATA
https://github.com/jbenet/data,1,1,12,797,45,0,45,2,260,2,1,1,5,0,13172,0,0,1862,0,0,2309,0,0,0,0,0,0,0,96756,0,0,0,0,0,0,0,0,0,0,0,0,0,0,0,0,0,0,0,0,0,0,0,0,0,0,0,0,0,0,0,0,0,0,0,0,DATA
https://github.com/ioos/service-monitor,4,10,66,24788,5,0,5,5,673,7,1,1,5,0,1569,13456,0,194432,17804,0,0,0,0,2218,0,0,0,0,0,0,0,0,0,0,0,0,0,0,0,0,0,0,0,0,0,0,0,0,0,0,0,0,0,0,0,0,0,0,0,0,0,0,0,0,0,DATA
https://github.com/everett-wetchler/okcupid,1,10,2,58217,43,0,43,0,23,2,1,1,2,1,1987,0,0,20825,0,0,0,0,0,0,0,0,3987,0,0,0,0,0,0,0,0,0,0,0,0,0,0,0,0,0,0,0,0,0,0,0,0,0,0,0,0,0,0,0,0,0,0,0,0,0,0,DATA
https://github.com/ckan/example-add-dataset,1,2,1,961,0,0,0,0,5,3,1,1,1,0,396,0,0,1655,0,0,0,0,0,0,0,0,0,0,0,0,0,0,0,0,0,0,0,0,0,0,0,0,0,0,0,0,0,0,0,0,0,0,0,0,0,0,0,0,0,0,0,0,0,0,0,DATA
https://github.com/rochestercivicappchallenge/resources,1,17,0,3549,9,0,9,0,106,15,1,1,0,0,4993,0,0,0,0,0,0,0,0,0,0,0,0,0,0,0,0,0,0,0,0,0,0,0,0,0,0,0,0,0,0,0,0,0,0,0,0,0,0,0,0,0,0,0,0,0,0,0,0,0,0,DATA
https://github.com/sfsheath/roman-amphitheaters,3,7,0,4013,6,0,6,2,434,3,1,1,0,1,8077,0,0,0,0,0,0,0,0,0,0,0,0,0,0,0,0,0,0,0,0,0,0,0,0,0,0,0,0,0,0,0,0,0,0,0,0,0,0,0,0,0,0,0,0,0,0,0,0,0,0,DATA
https://github.com/pbiecek/archivist,2,4,2,42105,21,0,21,12,1163,6,1,1,2,0,3017,0,0,0,0,0,0,0,0,0,0,0,246833,0,0,0,0,0,0,0,0,0,0,0,0,0,0,0,0,0,0,0,0,0,0,0,0,0,0,0,0,0,0,0,0,0,0,0,0,0,0,DATA
https://github.com/P1sec/country_adjacency,1,2,0,140,4,0,4,0,1,1,1,1,1,1,1033,0,0,0,0,0,0,0,0,0,0,0,0,0,0,0,0,0,0,0,0,0,0,11432,0,0,0,0,0,0,0,0,0,0,0,0,0,0,0,0,0,0,0,0,0,0,0,0,0,0,0,DATA
https://github.com/jbenet/datadex,2,0,21,976,19,0,19,0,187,1,1,1,6,0,692,2236,0,0,7811,0,1085,0,0,1939,0,0,0,0,42914,0,2235,0,0,0,0,0,0,0,0,0,0,0,0,0,0,0,0,0,0,0,0,0,0,0,0,0,0,0,0,0,0,0,0,0,0,DATA
https://github.com/cihai/cihai-python,1,2,0,2408,8,0,8,0,387,1,1,1,1,1,3463,0,0,84042,0,0,0,0,0,0,0,0,0,0,0,0,0,0,0,0,0,0,0,0,0,0,0,0,0,0,0,0,0,0,0,0,0,0,0,0,0,0,0,0,0,0,0,0,0,0,0,DATA
https://github.com/bigmlcom/flatline,2,9,0,491,16,0,16,0,59,3,1,1,4,1,2124,0,0,10118,669,0,0,0,0,0,0,0,0,0,0,0,0,0,0,0,0,0,0,0,0,0,0,0,0,0,0,0,0,0,0,0,0,0,0,0,0,0,0,0,0,0,0,0,0,0,0,DATA
https://github.com/yaph/ipython-notebooks,1,4,0,25262,13,0,13,0,109,1,1,1,2,0,1523,0,0,1453,0,0,0,0,0,0,0,0,0,0,0,0,0,0,0,0,0,0,0,0,0,0,0,0,0,0,0,0,0,0,0,0,0,0,0,0,0,0,0,0,0,0,0,0,0,0,0,DATA
https://github.com/sidooms/Twitter-ratings,1,8,0,336212,18,0,18,0,9,2,1,1,1,1,5228,0,0,44455,0,0,0,0,0,0,0,0,0,0,0,0,0,0,0,0,0,0,0,0,0,0,0,0,0,0,0,0,0,0,0,0,0,0,0,0,0,0,0,0,0,0,0,0,0,0,0,DATA
https://github.com/choderalab/pymbar-datasets,1,2,3,156048,0,0,0,0,8,2,1,0,2,0,1513,0,0,114070,0,0,0,0,0,0,0,0,0,0,0,2540,0,0,0,0,0,0,0,0,0,0,0,0,0,0,0,0,0,0,0,0,0,0,0,0,0,0,0,0,0,0,0,0,0,0,0,DATA
https://github.com/datanium/datanium,1,5,5,15569,6,0,6,0,743,5,1,1,5,1,190,988696,0,30867,2051587,0,0,0,0,0,0,0,0,0,0,14024,0,0,0,0,0,0,0,0,0,0,0,0,0,0,0,0,0,0,0,0,0,0,0,0,0,0,0,0,0,0,0,0,0,0,0,DATA
https://github.com/wsdream/WS-DREAM,2,10,1,25090,8,0,8,0,146,1,1,1,3,1,11120,0,0,131548,0,0,0,78282,7398,0,0,0,0,0,0,0,0,0,0,0,0,0,0,0,0,0,0,0,0,0,0,0,0,0,0,0,0,0,0,0,0,0,0,0,0,0,0,0,0,0,0,DATA
https://github.com/bbc/rdfspace,1,4,0,402,33,0,33,0,35,1,1,1,1,1,2131,0,0,21552,0,0,0,0,0,0,0,0,0,0,0,0,0,0,0,0,0,0,0,0,0,0,0,0,0,0,0,0,0,0,0,0,0,0,0,0,0,0,0,0,0,0,0,0,0,0,0,DATA
https://github.com/AlasdairGray/HCLSValidator,3,2,6,401,5,0,5,0,9,2,1,1,3,0,1179,160977,0,0,3203,0,0,0,0,0,0,0,0,0,0,0,0,0,0,0,0,0,0,0,0,0,0,0,0,0,0,0,0,0,0,0,0,0,0,0,0,0,0,0,0,0,0,0,0,0,0,DATA
https://github.com/EmpregoLigado/BrazilianPhoneValidator,3,3,0,1331,16,0,16,2,22,6,1,1,1,1,3799,0,0,0,0,2363145,0,0,0,0,0,0,0,0,0,0,0,0,0,0,0,0,0,0,0,0,0,0,0,0,0,0,0,0,0,0,0,0,0,0,0,0,0,0,0,0,0,0,0,0,0,DATA
https://github.com/jsteemann/datasets,1,0,0,133908,0,0,0,0,4,1,1,1,0,0,843,0,0,0,0,0,0,0,0,0,0,0,0,0,0,0,0,0,0,0,0,0,0,0,0,0,0,0,0,0,0,0,0,0,0,0,0,0,0,0,0,0,0,0,0,0,0,0,0,0,0,DATA
https://github.com/vogievetsky/datasets,1,0,0,804,0,0,0,0,2,1,1,1,0,0,86,0,0,0,0,0,0,0,0,0,0,0,0,0,0,0,0,0,0,0,0,0,0,0,0,0,0,0,0,0,0,0,0,0,0,0,0,0,0,0,0,0,0,0,0,0,0,0,0,0,0,DATA
https://github.com/kp82/datasettest,1,0,0,140,0,0,0,0,1,1,1,0,1,0,0,0,160313,0,0,0,0,0,0,0,0,0,0,0,0,0,0,0,0,0,0,0,0,0,0,0,0,0,0,0,0,0,0,0,0,0,0,0,0,0,0,0,0,0,0,0,0,0,0,0,0,DATA
https://github.com/aliarsalankazmi/Datasets,1,0,0,4044,1,0,1,0,66,1,1,1,0,1,1913,0,0,0,0,0,0,0,0,0,0,0,0,0,0,0,0,0,0,0,0,0,0,0,0,0,0,0,0,0,0,0,0,0,0,0,0,0,0,0,0,0,0,0,0,0,0,0,0,0,0,DATA
https://github.com/Kyuujitsu/datasets,1,0,0,1088,0,0,0,0,4,1,1,1,0,0,0,0,0,0,0,0,0,0,0,0,0,0,0,0,0,0,0,0,0,0,0,0,0,0,0,0,0,0,0,0,0,0,0,0,0,0,0,0,0,0,0,0,0,0,0,0,0,0,0,0,0,DATA
https://github.com/CodeForCville/datasets,1,0,0,112,1,0,1,0,4,1,1,0,0,0,38,0,0,0,0,0,0,0,0,0,0,0,0,0,0,0,0,0,0,0,0,0,0,0,0,0,0,0,0,0,0,0,0,0,0,0,0,0,0,0,0,0,0,0,0,0,0,0,0,0,0,DATA
https://github.com/edwindj/datasets,1,0,0,1564,0,0,0,0,5,1,1,0,1,0,0,0,0,0,0,0,0,0,0,0,0,0,1530,0,0,0,0,0,0,0,0,0,0,0,0,0,0,0,0,0,0,0,0,0,0,0,0,0,0,0,0,0,0,0,0,0,0,0,0,0,0,DATA
https://github.com/genyang/datasets,1,0,0,21424,0,0,0,0,1,1,1,1,0,0,0,0,0,0,0,0,0,0,0,0,0,0,0,0,0,0,0,0,0,0,0,0,0,0,0,0,0,0,0,0,0,0,0,0,0,0,0,0,0,0,0,0,0,0,0,0,0,0,0,0,0,DATA
https://github.com/LonnyGomes/CountryGeoJSONCollection,1,8,0,64878,11,0,11,0,25,1,1,1,3,0,3737,1478,0,3296,0,0,0,0,0,298,0,0,0,0,0,0,0,0,0,0,0,0,0,0,0,0,0,0,0,0,0,0,0,0,0,0,0,0,0,0,0,0,0,0,0,0,0,0,0,0,0,DATA
https://github.com/sebhoss/datasets,1,0,2,232,1,0,1,0,39,1,1,1,1,1,2332,0,29643,0,0,0,0,0,0,0,0,0,0,0,0,0,0,0,0,0,0,0,0,0,0,0,0,0,0,0,0,0,0,0,0,0,0,0,0,0,0,0,0,0,0,0,0,0,0,0,0,DATA
https://github.com/iuliux/Datasets,1,0,0,248,1,0,1,0,9,1,1,1,0,1,730,0,0,0,0,0,0,0,0,0,0,0,0,0,0,0,0,0,0,0,0,0,0,0,0,0,0,0,0,0,0,0,0,0,0,0,0,0,0,0,0,0,0,0,0,0,0,0,0,0,0,DATA
https://github.com/sardeenz/datasets,1,0,0,13172,0,0,0,0,1,1,1,0,4,0,478,664,0,0,1752,0,19424,0,0,0,0,0,0,0,0,0,211,0,0,0,0,0,0,0,0,0,0,0,0,0,0,0,0,0,0,0,0,0,0,0,0,0,0,0,0,0,0,0,0,0,0,DATA
https://github.com/JeanGenet/datasets,0,0,0,0,0,0,0,0,0,0,1,0,0,0,0,0,0,0,0,0,0,0,0,0,0,0,0,0,0,0,0,0,0,0,0,0,0,0,0,0,0,0,0,0,0,0,0,0,0,0,0,0,0,0,0,0,0,0,0,0,0,0,0,0,0,DATA
https://github.com/zhaol/datasets,1,0,0,14708,0,0,0,0,16,1,1,0,0,0,0,0,0,0,0,0,0,0,0,0,0,0,0,0,0,0,0,0,0,0,0,0,0,0,0,0,0,0,0,0,0,0,0,0,0,0,0,0,0,0,0,0,0,0,0,0,0,0,0,0,0,DATA
https://github.com/26medias/datasetjs,1,0,0,100,0,0,0,0,1,1,1,1,1,0,0,0,0,0,0,0,0,0,0,0,0,0,0,0,0,0,0,0,0,0,0,0,0,0,0,0,0,0,0,0,0,0,0,0,0,0,0,0,0,0,0,0,0,0,0,0,0,0,0,0,0,DATA
https://github.com/lovehandle/datasets,1,0,0,21300,0,0,0,0,0,0,1,1,0,0,0,0,0,0,0,0,0,0,0,0,0,0,0,0,0,0,0,0,0,0,0,0,0,0,0,0,0,0,0,0,0,0,0,0,0,0,0,0,0,0,0,0,0,0,0,0,0,0,0,0,0,DATA
https://github.com/atkaiser/datasetlabeler,1,0,0,196,0,0,0,0,21,1,1,1,4,0,2739,760,0,0,2850,0,48254,0,0,0,0,0,0,0,0,0,422,0,0,0,0,0,0,0,0,0,0,0,0,0,0,0,0,0,0,0,0,0,0,0,0,0,0,0,0,0,0,0,0,0,0,DATA
https://github.com/snt-serval/datasets,1,0,0,43584,0,0,0,0,3,1,1,1,0,0,0,0,0,0,0,0,0,0,0,0,0,0,0,0,0,0,0,0,0,0,0,0,0,0,0,0,0,0,0,0,0,0,0,0,0,0,0,0,0,0,0,0,0,0,0,0,0,0,0,0,0,DATA
https://github.com/vicapow/datasets,1,0,0,104,1,0,1,0,1,1,1,1,0,0,384,0,0,0,0,0,0,0,0,0,0,0,0,0,0,0,0,0,0,0,0,0,0,0,0,0,0,0,0,0,0,0,0,0,0,0,0,0,0,0,0,0,0,0,0,0,0,0,0,0,0,DATA
https://github.com/idigbio-citsci-hackathon/datasets,1,0,0,164,0,0,0,0,2,1,1,1,0,1,41,0,0,0,0,0,0,0,0,0,0,0,0,0,0,0,0,0,0,0,0,0,0,0,0,0,0,0,0,0,0,0,0,0,0,0,0,0,0,0,0,0,0,0,0,0,0,0,0,0,0,DATA
https://github.com/murggu/datasets,1,0,0,1032,0,0,0,0,18,1,1,1,0,0,0,0,0,0,0,0,0,0,0,0,0,0,0,0,0,0,0,0,0,0,0,0,0,0,0,0,0,0,0,0,0,0,0,0,0,0,0,0,0,0,0,0,0,0,0,0,0,0,0,0,0,DATA
https://github.com/sozialhelden/poichecker,2,3,3,941,13,0,13,0,441,2,1,1,5,1,1728,27518,0,0,7118,0,205045,0,0,0,0,0,0,0,0,0,7533,0,0,0,0,0,0,0,0,0,0,0,0,0,0,0,0,0,0,0,0,0,0,0,0,0,0,0,0,0,0,0,0,0,0,DATA
https://github.com/kracwarlock/Movie-Recommender-and-Score-Prediction-System,1,9,0,305661,7,0,7,0,28,1,1,1,1,1,1400,0,0,0,0,0,0,0,0,0,0,0,0,0,0,0,0,0,0,0,0,0,0,0,0,29570,0,0,0,0,0,0,0,0,0,0,0,0,0,0,0,0,0,0,0,0,0,0,0,0,0,DATA
https://github.com/AKSW/n3-collection,2,5,12,1470,25,0,25,0,17,3,1,1,0,1,712,0,0,0,0,0,0,0,0,0,0,0,0,0,0,0,0,0,0,0,0,0,0,0,0,0,0,0,0,0,0,0,0,0,0,0,0,0,0,0,0,0,0,0,0,0,0,0,0,0,0,DATA
https://github.com/Nafis123/Nafisa,0,0,0,0,0,0,0,0,0,0,1,1,0,0,0,0,0,0,0,0,0,0,0,0,0,0,0,0,0,0,0,0,0,0,0,0,0,0,0,0,0,0,0,0,0,0,0,0,0,0,0,0,0,0,0,0,0,0,0,0,0,0,0,0,0,DATA
https://github.com/Pana/GeoDataCollection,1,2,0,116,9,0,9,0,2,1,1,1,0,1,692,0,0,0,0,0,0,0,0,0,0,0,0,0,0,0,0,0,0,0,0,0,0,0,0,0,0,0,0,0,0,0,0,0,0,0,0,0,0,0,0,0,0,0,0,0,0,0,0,0,0,DATA
https://github.com/colah/data,2,0,6,112,9,0,9,0,2,1,1,1,1,0,1925,0,0,3241,0,0,0,0,0,0,0,0,0,0,0,0,0,0,0,0,0,0,0,0,0,0,0,0,0,0,0,0,0,0,0,0,0,0,0,0,0,0,0,0,0,0,0,0,0,0,0,DATA
https://github.com/tvd-dataset/tvd,2,5,1,1190,3,0,3,0,291,2,1,1,1,1,449,0,0,133146,0,0,0,0,0,0,0,0,0,0,0,0,0,0,0,0,0,0,0,0,0,0,0,0,0,0,0,0,0,0,0,0,0,0,0,0,0,0,0,0,0,0,0,0,0,0,0,DATA
https://github.com/haripradhan/IrisRecognition,2,10,0,220,8,0,8,0,3,1,1,1,1,0,0,0,147551,0,0,0,0,0,0,0,0,0,0,0,0,0,0,0,0,0,0,0,0,0,0,0,0,0,0,0,0,0,0,0,0,0,0,0,0,0,0,0,0,0,0,0,0,0,0,0,0,DATA
https://github.com/yoshimasa1700/datasetCreator,1,0,0,152,0,0,0,0,0,0,1,0,3,0,0,0,0,24634,0,0,0,5917,0,12857,0,0,0,0,0,0,0,0,0,0,0,0,0,0,0,0,0,0,0,0,0,0,0,0,0,0,0,0,0,0,0,0,0,0,0,0,0,0,0,0,0,DATA
https://github.com/berdilaovidiu/DatasetViz,1,0,6,7480,0,0,0,0,7,1,1,1,1,0,0,0,120862,0,0,0,0,0,0,0,0,0,0,0,0,0,0,0,0,0,0,0,0,0,0,0,0,0,0,0,0,0,0,0,0,0,0,0,0,0,0,0,0,0,0,0,0,0,0,0,0,DATA
https://github.com/unidesigner/groundtruth-drosophila-vnc,1,4,0,41780,1,0,1,0,4,1,1,1,0,0,2566,0,0,0,0,0,0,0,0,0,0,0,0,0,0,0,0,0,0,0,0,0,0,0,0,0,0,0,0,0,0,0,0,0,0,0,0,0,0,0,0,0,0,0,0,0,0,0,0,0,0,DATA
https://github.com/luizgh/datasetCreator,1,1,1,1334,0,0,0,0,26,1,1,1,2,0,3594,0,0,109129,0,0,0,0,0,41,0,0,0,0,0,0,0,0,0,0,0,0,0,0,0,0,0,0,0,0,0,0,0,0,0,0,0,0,0,0,0,0,0,0,0,0,0,0,0,0,0,DATA
https://github.com/yoshimasa1700/dataset2,1,0,0,67960,0,0,0,0,0,0,1,0,0,0,0,0,0,0,0,0,0,0,0,0,0,0,0,0,0,0,0,0,0,0,0,0,0,0,0,0,0,0,0,0,0,0,0,0,0,0,0,0,0,0,0,0,0,0,0,0,0,0,0,0,0,DATA
https://github.com/zxqfox/process-dataset,1,0,0,108,0,0,0,0,2,1,1,1,1,1,974,1239,0,0,0,0,0,0,0,0,0,0,0,0,0,0,0,0,0,0,0,0,0,0,0,0,0,0,0,0,0,0,0,0,0,0,0,0,0,0,0,0,0,0,0,0,0,0,0,0,0,DATA
https://github.com/salehsub90/dataset14,1,0,0,0,0,0,0,0,1,1,1,1,0,0,47,0,0,0,0,0,0,0,0,0,0,0,0,0,0,0,0,0,0,0,0,0,0,0,0,0,0,0,0,0,0,0,0,0,0,0,0,0,0,0,0,0,0,0,0,0,0,0,0,0,0,DATA
https://github.com/milancurcic/netcdf_dataset,1,1,0,144,0,0,0,0,4,1,1,1,1,1,640,0,0,3588,0,0,0,0,0,0,0,0,0,0,0,0,0,0,0,0,0,0,0,0,0,0,0,0,0,0,0,0,0,0,0,0,0,0,0,0,0,0,0,0,0,0,0,0,0,0,0,DATA
https://github.com/antran89/OlympicsDataset,1,0,0,108,0,0,0,0,4,1,1,1,1,0,111,0,0,0,0,0,0,0,0,0,0,0,0,0,0,0,0,0,0,0,0,0,0,0,0,1509,0,0,0,0,0,0,0,0,0,0,0,0,0,0,0,0,0,0,0,0,0,0,0,0,0,DATA
https://github.com/simonfan/generator-dataset,1,0,0,108,0,0,0,0,2,1,1,1,1,1,1732,2368,0,0,0,0,0,0,0,0,0,0,0,0,0,0,0,0,0,0,0,0,0,0,0,0,0,0,0,0,0,0,0,0,0,0,0,0,0,0,0,0,0,0,0,0,0,0,0,0,0,DATA
https://github.com/mhdezs/dataset_fi,0,0,0,56,0,0,0,0,0,0,1,0,0,0,0,0,0,0,0,0,0,0,0,0,0,0,0,0,0,0,0,0,0,0,0,0,0,0,0,0,0,0,0,0,0,0,0,0,0,0,0,0,0,0,0,0,0,0,0,0,0,0,0,0,0,DATA
https://github.com/haltakov/synthetic-dataset,1,0,0,135564,1,0,1,0,12,1,1,0,3,1,5983,0,0,0,0,0,0,3881141,2831444,0,0,201810,0,0,0,0,0,0,0,0,0,0,0,0,0,0,0,0,0,0,0,0,0,0,0,0,0,0,0,0,0,0,0,0,0,0,0,0,0,0,0,DATA
https://github.com/joyceavestro/DatasetImporter,0,0,0,56,0,0,0,0,0,0,1,0,0,0,0,0,0,0,0,0,0,0,0,0,0,0,0,0,0,0,0,0,0,0,0,0,0,0,0,0,0,0,0,0,0,0,0,0,0,0,0,0,0,0,0,0,0,0,0,0,0,0,0,0,0,DATA
https://github.com/kabam-archived/dataset-loader,1,0,0,700,0,0,0,0,9,2,1,1,1,1,75,537510,0,0,0,0,0,0,0,0,0,0,0,0,0,0,0,0,0,0,0,0,0,0,0,0,0,0,0,0,0,0,0,0,0,0,0,0,0,0,0,0,0,0,0,0,0,0,0,0,0,DATA
https://github.com/Mining-multiple-repos-data/experimental_dataset,1,0,0,5732,0,0,0,0,6,1,1,0,0,0,1193,0,0,0,0,0,0,0,0,0,0,0,0,0,0,0,0,0,0,0,0,0,0,0,0,0,0,0,0,0,0,0,0,0,0,0,0,0,0,0,0,0,0,0,0,0,0,0,0,0,0,DATA
https://github.com/Novartis/gridvar,1,7,0,184,13,0,13,1,2,1,1,1,2,1,16816,81040,0,0,2106,0,0,0,0,0,0,0,0,0,0,0,0,0,0,0,0,0,0,0,0,0,0,0,0,0,0,0,0,0,0,0,0,0,0,0,0,0,0,0,0,0,0,0,0,0,0,DATA
https://github.com/CryptoPunk/looper,1,3,0,251,6,0,6,0,17,1,1,1,1,1,2945,0,0,34877,0,0,0,0,0,0,0,0,0,0,0,0,0,0,0,0,0,0,0,0,0,0,0,0,0,0,0,0,0,0,0,0,0,0,0,0,0,0,0,0,0,0,0,0,0,0,0,DATA
https://github.com/V1LL0/DatasetPreparator,1,0,0,132,0,0,0,0,9,1,1,0,1,0,0,0,4545,0,0,0,0,0,0,0,0,0,0,0,0,0,0,0,0,0,0,0,0,0,0,0,0,0,0,0,0,0,0,0,0,0,0,0,0,0,0,0,0,0,0,0,0,0,0,0,0,DATA
https://github.com/davidraba/dataset-catalog,1,0,0,4552,0,0,0,0,1,1,1,1,0,1,50,0,0,0,0,0,0,0,0,0,0,0,0,0,0,0,0,0,0,0,0,0,0,0,0,0,0,0,0,0,0,0,0,0,0,0,0,0,0,0,0,0,0,0,0,0,0,0,0,0,0,DATA
https://github.com/tristans/crossresults_dataset,1,0,0,116,0,0,0,0,4,1,1,1,0,0,977,0,0,0,0,0,0,0,0,0,0,0,0,0,0,0,0,0,0,0,0,0,0,0,0,0,0,0,0,0,0,0,0,0,0,0,0,0,0,0,0,0,0,0,0,0,0,0,0,0,0,DATA
https://github.com/AndreaCensi/dataset_rawseeds,2,0,0,194,0,0,0,0,0,0,1,0,0,0,34,0,0,0,0,0,0,0,0,0,0,0,0,0,0,0,0,0,0,0,0,0,0,0,0,0,0,0,0,0,0,0,0,0,0,0,0,0,0,0,0,0,0,0,0,0,0,0,0,0,0,DATA
https://github.com/eiiches/mining-dataset,1,0,0,152,0,0,0,0,10,1,1,1,1,0,477,0,1503,0,0,0,0,0,0,0,0,0,0,0,0,0,0,0,0,0,0,0,0,0,0,0,0,0,0,0,0,0,0,0,0,0,0,0,0,0,0,0,0,0,0,0,0,0,0,0,0,DATA
https://github.com/drupalprojects/dkan_dataset,2,0,0,939,0,0,0,0,752,19,0,1,4,1,2015,9309,0,0,26104,375283,0,0,0,2106,0,0,0,0,0,0,0,0,0,0,0,0,0,0,0,0,0,0,0,0,0,0,0,0,0,0,0,0,0,0,0,0,0,0,0,0,0,0,0,0,0,DATA
https://github.com/primaryobjects/deep-learning,3,18,1,780,33,0,33,0,7,1,1,1,1,0,1245,0,0,0,0,0,0,0,0,0,9726,0,0,0,0,0,0,0,0,0,0,0,0,0,0,0,0,0,0,0,0,0,0,0,0,0,0,0,0,0,0,0,0,0,0,0,0,0,0,0,0,DATA
https://github.com/frankscholten/mahout-sgd-bank-marketing,1,5,0,713,5,0,5,0,5,2,1,1,1,1,0,0,5968,0,0,0,0,0,0,0,0,0,0,0,0,0,0,0,0,0,0,0,0,0,0,0,0,0,0,0,0,0,0,0,0,0,0,0,0,0,0,0,0,0,0,0,0,0,0,0,0,DATA
https://github.com/crvanpollard/DVRPC-geodata,1,6,0,100190,3,0,3,0,82,2,1,1,0,0,1624,0,0,0,0,0,0,0,0,0,0,0,0,0,0,0,0,0,0,0,0,0,0,0,0,0,0,0,0,0,0,0,0,0,0,0,0,0,0,0,0,0,0,0,0,0,0,0,0,0,0,DATA
https://github.com/datasets/geo-boundaries-world-110m,1,9,2,217,13,0,13,0,2,2,1,1,0,0,243,0,0,0,0,0,0,0,0,0,0,0,0,0,0,0,0,0,0,0,0,0,0,0,0,0,0,0,0,0,0,0,0,0,0,0,0,0,0,0,0,0,0,0,0,0,0,0,0,0,0,DATA
https://github.com/inbo/data-publication,6,4,64,43366,6,0,6,0,398,3,1,1,2,1,1962,0,0,1623,0,0,0,0,0,0,0,0,0,0,0,0,0,0,0,0,0,0,0,0,0,0,0,0,0,0,0,0,0,0,0,0,0,0,0,0,0,0,0,0,0,0,0,0,0,0,0,DATA
https://github.com/JustinChu/STAT545A_MovieStats,1,9,1,6049,0,0,0,0,17,1,1,1,3,0,991,0,0,0,0,0,0,0,0,643,0,0,10066,0,0,716,0,0,0,0,0,0,0,0,0,0,0,0,0,0,0,0,0,0,0,0,0,0,0,0,0,0,0,0,0,0,0,0,0,0,0,DATA
https://github.com/FacultadInformatica-LinkedData/Curso2013-2014,1,8,0,3707,0,0,0,0,33,12,1,1,0,1,0,0,0,0,0,0,0,0,0,0,0,0,0,0,0,0,0,0,0,0,0,0,0,0,0,0,0,0,0,0,0,0,0,0,0,0,0,0,0,0,0,0,0,0,0,0,0,0,0,0,0,DATA
https://github.com/mgbarsky/streamcount,1,1,0,8640,11,0,11,0,72,2,1,1,3,1,4580,0,0,0,0,0,0,0,80938,0,0,5051,0,0,0,0,0,0,0,0,0,0,0,0,0,0,0,0,0,0,0,0,0,0,0,0,0,0,0,0,0,0,0,0,0,0,0,0,0,0,0,DATA
https://github.com/tanmaykm/CommonCrawl.jl,2,3,2,227,2,0,2,0,18,1,1,1,1,1,1872,0,0,0,0,0,0,0,0,0,0,0,0,0,0,0,0,0,0,0,0,0,0,0,0,0,0,0,0,0,0,0,0,0,0,0,0,0,0,0,0,0,0,0,12449,0,0,0,0,0,0,DATA
https://github.com/gingsmith/moviedemo,1,2,0,1636,0,0,0,0,23,1,1,1,2,0,69,0,0,0,0,0,0,0,0,72,0,0,0,0,0,0,0,0,0,8755,0,0,0,0,0,0,0,0,0,0,0,0,0,0,0,0,0,0,0,0,0,0,0,0,0,0,0,0,0,0,0,DATA
https://github.com/deepankgupta/cs229_project,1,2,0,2547,2,0,2,0,12,1,1,1,2,1,8612,0,0,12590,0,0,0,0,0,0,0,0,5684,0,0,0,0,0,0,0,0,0,0,0,0,0,0,0,0,0,0,0,0,0,0,0,0,0,0,0,0,0,0,0,0,0,0,0,0,0,0,DATA
https://github.com/amplia/weka-classifier-examples,1,4,0,1328,1,0,1,0,1,1,1,1,1,1,230,0,96437,0,0,0,0,0,0,0,0,0,0,0,0,0,0,0,0,0,0,0,0,0,0,0,0,0,0,0,0,0,0,0,0,0,0,0,0,0,0,0,0,0,0,0,0,0,0,0,0,DATA
https://github.com/dragonbook/actionRecognition,1,2,0,7,1,0,1,0,6,1,1,1,1,0,95,0,0,0,0,0,0,18868,0,0,0,0,0,0,0,0,0,0,0,0,0,0,0,0,0,0,0,0,0,0,0,0,0,0,0,0,0,0,0,0,0,0,0,0,0,0,0,0,0,0,0,DATA
https://github.com/helfer/py-rdd,1,2,0,336,1,0,1,0,71,2,1,1,2,0,386,0,0,31860,0,0,0,0,0,0,0,0,0,0,0,0,0,8181,0,0,0,0,0,0,0,0,0,0,0,0,0,0,0,0,0,0,0,0,0,0,0,0,0,0,0,0,0,0,0,0,0,DATA
https://github.com/diachron/quality,7,5,38,157930,2,0,2,0,863,7,1,1,2,1,3576,0,975372,0,0,0,0,0,0,1332,0,0,0,0,0,0,0,0,0,0,0,0,0,0,0,0,0,0,0,0,0,0,0,0,0,0,0,0,0,0,0,0,0,0,0,0,0,0,0,0,0,DATA
https://github.com/nghinv/tqa-dataset-utils-weeklytest,1,1,0,29600,0,0,0,0,18,1,1,0,1,0,0,0,0,0,0,0,0,0,0,122448,0,0,0,0,0,0,0,0,0,0,0,0,0,0,0,0,0,0,0,0,0,0,0,0,0,0,0,0,0,0,0,0,0,0,0,0,0,0,0,0,0,DATA
https://github.com/StevenCurran/TownCenterDatasetProcessing,1,0,0,3028,0,0,0,0,30,1,1,1,2,0,0,0,0,0,0,0,0,0,0,0,0,0,0,0,0,0,0,0,0,0,0,0,0,0,0,11595,0,0,0,0,0,0,0,0,0,0,0,0,0,0,0,0,0,0,0,0,0,0,0,0,0,DATA
https://github.com/nsTsoOrg/Dataset-Index-1990-1999,1,0,0,136,0,0,0,0,3,1,1,0,0,0,24,0,0,0,0,0,0,0,0,0,0,0,0,0,0,0,0,0,0,0,0,0,0,0,0,0,0,0,0,0,0,0,0,0,0,0,0,0,0,0,0,0,0,0,0,0,0,0,0,0,0,DATA
https://github.com/zxqfox/process-dataset-test,1,0,0,100,0,0,0,0,1,1,1,1,1,0,566,533,0,0,0,0,0,0,0,0,0,0,0,0,0,0,0,0,0,0,0,0,0,0,0,0,0,0,0,0,0,0,0,0,0,0,0,0,0,0,0,0,0,0,0,0,0,0,0,0,0,DATA
https://github.com/AndreaCensi/dataset_caltech_landroid,2,0,0,192,0,0,0,0,0,0,1,0,0,0,50,0,0,0,0,0,0,0,0,0,0,0,0,0,0,0,0,0,0,0,0,0,0,0,0,0,0,0,0,0,0,0,0,0,0,0,0,0,0,0,0,0,0,0,0,0,0,0,0,0,0,DATA
https://github.com/AndreaCensi/dataset_caltech_er1,2,0,0,143,0,0,0,0,0,0,1,0,0,0,40,0,0,0,0,0,0,0,0,0,0,0,0,0,0,0,0,0,0,0,0,0,0,0,0,0,0,0,0,0,0,0,0,0,0,0,0,0,0,0,0,0,0,0,0,0,0,0,0,0,0,DATA
https://github.com/PCerles/Yelp-dataset-project,0,0,0,86448,0,0,0,0,0,0,1,1,0,0,0,0,0,0,0,0,0,0,0,0,0,0,0,0,0,0,0,0,0,0,0,0,0,0,0,0,0,0,0,0,0,0,0,0,0,0,0,0,0,0,0,0,0,0,0,0,0,0,0,0,0,DATA
https://github.com/TheGazette/Dataset-Index-1990-1999,1,1,0,5022,0,0,0,0,2,1,1,1,0,0,0,0,0,0,0,0,0,0,0,0,0,0,0,0,0,0,0,0,0,0,0,0,0,0,0,0,0,0,0,0,0,0,0,0,0,0,0,0,0,0,0,0,0,0,0,0,0,0,0,0,0,DATA
https://github.com/eXascaleInfolab/scientific_NER_dataset,1,1,0,321,1,0,1,0,7,1,1,1,0,0,661,0,0,0,0,0,0,0,0,0,0,0,0,0,0,0,0,0,0,0,0,0,0,0,0,0,0,0,0,0,0,0,0,0,0,0,0,0,0,0,0,0,0,0,0,0,0,0,0,0,0,DATA
https://github.com/JingChen2013/3DMotionDataset,1,0,0,0,0,0,0,0,1,1,1,1,0,1,40,0,0,0,0,0,0,0,0,0,0,0,0,0,0,0,0,0,0,0,0,0,0,0,0,0,0,0,0,0,0,0,0,0,0,0,0,0,0,0,0,0,0,0,0,0,0,0,0,0,0,DATA
https://github.com/denissys/dbunit-dataset-generator,1,0,0,100,0,0,0,0,1,1,1,1,1,0,0,0,2235,0,0,0,0,0,0,0,0,0,0,0,0,0,0,0,0,0,0,0,0,0,0,0,0,0,0,0,0,0,0,0,0,0,0,0,0,0,0,0,0,0,0,0,0,0,0,0,0,DATA
https://github.com/NassOssareh/edfi-small-sample-dataset,1,0,0,60,0,0,0,0,39,1,1,0,0,0,51,0,0,0,0,0,0,0,0,0,0,0,0,0,0,0,0,0,0,0,0,0,0,0,0,0,0,0,0,0,0,0,0,0,0,0,0,0,0,0,0,0,0,0,0,0,0,0,0,0,0,DATA
https://github.com/AndreaCensi/dataset_caltech_unicorn,2,0,0,168,0,0,0,0,0,0,1,0,0,0,48,0,0,0,0,0,0,0,0,0,0,0,0,0,0,0,0,0,0,0,0,0,0,0,0,0,0,0,0,0,0,0,0,0,0,0,0,0,0,0,0,0,0,0,0,0,0,0,0,0,0,DATA
https://github.com/jsikorski/million-song-dataset-challenge,2,0,0,296,0,0,0,0,32,2,1,0,2,0,259,2143,0,41879,0,0,0,0,0,0,0,0,0,0,0,0,0,0,0,0,0,0,0,0,0,0,0,0,0,0,0,0,0,0,0,0,0,0,0,0,0,0,0,0,0,0,0,0,0,0,0,DATA
https://github.com/TheGazette/Dataset-Index-1950-1959,1,0,0,11876,0,0,0,0,2,1,1,1,0,0,0,0,0,0,0,0,0,0,0,0,0,0,0,0,0,0,0,0,0,0,0,0,0,0,0,0,0,0,0,0,0,0,0,0,0,0,0,0,0,0,0,0,0,0,0,0,0,0,0,0,0,DATA
https://github.com/TheGazette/Dataset-Index-1970-1979,1,0,0,6776,0,0,0,0,2,1,1,1,0,0,0,0,0,0,0,0,0,0,0,0,0,0,0,0,0,0,0,0,0,0,0,0,0,0,0,0,0,0,0,0,0,0,0,0,0,0,0,0,0,0,0,0,0,0,0,0,0,0,0,0,0,DATA
https://github.com/marcoguerini/google_plus_images_dataset,1,0,0,124,0,0,0,1,2,1,1,1,0,0,197,0,0,0,0,0,0,0,0,0,0,0,0,0,0,0,0,0,0,0,0,0,0,0,0,0,0,0,0,0,0,0,0,0,0,0,0,0,0,0,0,0,0,0,0,0,0,0,0,0,0,DATA
https://github.com/sethdeckard/Lamb-Richman-dataset,1,0,0,3834,1,0,1,0,113,1,1,1,4,1,3581,0,0,0,0,0,0,0,0,117,267999,0,0,0,0,0,0,0,0,0,0,0,0,0,0,0,0,0,0,0,0,0,0,0,0,0,0,0,0,0,0,0,0,0,0,0,0,0,0,0,0,DATA
https://github.com/TheGazette/Dataset-Index-1930-1939,1,0,0,10232,0,0,0,0,4,1,1,1,0,0,0,0,0,0,0,0,0,0,0,0,0,0,0,0,0,0,0,0,0,0,0,0,0,0,0,0,0,0,0,0,0,0,0,0,0,0,0,0,0,0,0,0,0,0,0,0,0,0,0,0,0,DATA
https://github.com/Taranveer/Samsung-S2-Dataset,0,0,0,0,0,0,0,0,0,0,1,1,0,0,0,0,0,0,0,0,0,0,0,0,0,0,0,0,0,0,0,0,0,0,0,0,0,0,0,0,0,0,0,0,0,0,0,0,0,0,0,0,0,0,0,0,0,0,0,0,0,0,0,0,0,DATA
https://github.com/mw-ding/10605-ML-LargeDataset,1,0,0,3392,0,0,0,0,2,1,1,0,1,0,44,0,59931,0,0,0,0,0,0,0,0,0,0,0,0,0,0,0,0,0,0,0,0,0,0,0,0,0,0,0,0,0,0,0,0,0,0,0,0,0,0,0,0,0,0,0,0,0,0,0,0,DATA
https://github.com/knudmoeller/dogfood-dataset-validator,1,0,0,128,0,0,0,0,5,1,1,1,2,0,2262,0,0,0,0,0,6968,0,0,2116,0,0,0,0,0,0,0,0,0,0,0,0,0,0,0,0,0,0,0,0,0,0,0,0,0,0,0,0,0,0,0,0,0,0,0,0,0,0,0,0,0,DATA
https://github.com/fraunhoferfokus/odp-dataset-portlet,1,0,0,368,0,0,0,0,3,1,1,0,2,1,318,0,77963,0,4214,0,0,0,0,0,0,0,0,0,0,0,0,0,0,0,0,0,0,0,0,0,0,0,0,0,0,0,0,0,0,0,0,0,0,0,0,0,0,0,0,0,0,0,0,0,0,DATA
https://github.com/ECG-XMU/ShoeMountIMU-Dataset,1,0,0,36085,0,0,0,0,5,2,1,1,0,0,183,0,0,0,0,0,0,0,0,0,0,0,0,0,0,0,0,0,0,0,0,0,0,0,0,0,0,0,0,0,0,0,0,0,0,0,0,0,0,0,0,0,0,0,0,0,0,0,0,0,0,DATA
https://github.com/mrkaiser/MovieDatasetBuilder,1,0,0,100,0,0,0,0,1,1,1,1,1,0,0,0,0,3888,0,0,0,0,0,0,0,0,0,0,0,0,0,0,0,0,0,0,0,0,0,0,0,0,0,0,0,0,0,0,0,0,0,0,0,0,0,0,0,0,0,0,0,0,0,0,0,DATA
https://github.com/TheGazette/Dataset-Index-1940-1949,1,0,0,18684,0,0,0,0,2,1,1,1,0,0,0,0,0,0,0,0,0,0,0,0,0,0,0,0,0,0,0,0,0,0,0,0,0,0,0,0,0,0,0,0,0,0,0,0,0,0,0,0,0,0,0,0,0,0,0,0,0,0,0,0,0,DATA
https://github.com/Reegenerator/Sample-CustomizeDatasetCS,1,0,0,2340,0,0,0,0,4,1,1,0,0,0,275,0,0,0,0,0,0,0,0,0,0,0,0,0,0,0,0,0,0,0,0,0,0,0,0,0,0,0,0,0,0,0,0,0,0,0,0,0,0,0,0,0,0,0,0,0,0,0,0,0,0,DATA
https://github.com/tbehailu/co-occurrence_in_dataset,1,0,0,188,0,0,0,0,5,1,1,1,1,0,607,0,21465,0,0,0,0,0,0,0,0,0,0,0,0,0,0,0,0,0,0,0,0,0,0,0,0,0,0,0,0,0,0,0,0,0,0,0,0,0,0,0,0,0,0,0,0,0,0,0,0,DATA
https://github.com/GeoSprocket/ssudan-eco,2,4,1,194680,3,0,3,0,89,1,1,1,2,0,434,15606,0,0,11776,0,0,0,0,0,0,0,0,0,0,0,0,0,0,0,0,0,0,0,0,0,0,0,0,0,0,0,0,0,0,0,0,0,0,0,0,0,0,0,0,0,0,0,0,0,0,DATA
https://github.com/yaya213/DBLP-Name-Disambiguation-Dataset,1,1,1,1540,0,0,0,0,5,1,1,0,0,0,66,0,0,0,0,0,0,0,0,0,0,0,0,0,0,0,0,0,0,0,0,0,0,0,0,0,0,0,0,0,0,0,0,0,0,0,0,0,0,0,0,0,0,0,0,0,0,0,0,0,0,DATA
https://github.com/1mdc/dataset-text-mining,1,0,0,114880,0,0,0,0,3,1,1,0,0,0,0,0,0,0,0,0,0,0,0,0,0,0,0,0,0,0,0,0,0,0,0,0,0,0,0,0,0,0,0,0,0,0,0,0,0,0,0,0,0,0,0,0,0,0,0,0,0,0,0,0,0,DATA
https://github.com/angleman/Human-Numbers-Dataset,1,0,0,214,0,0,0,0,3,1,1,1,0,0,183,0,0,0,0,0,0,0,0,0,0,0,0,0,0,0,0,0,0,0,0,0,0,0,0,0,0,0,0,0,0,0,0,0,0,0,0,0,0,0,0,0,0,0,0,0,0,0,0,0,0,DATA
https://github.com/XJ12/Wikipedia-Dataset-Analysis,1,0,0,108,0,0,0,0,6,1,1,1,1,0,182,0,0,7255,0,0,0,0,0,0,0,0,0,0,0,0,0,0,0,0,0,0,0,0,0,0,0,0,0,0,0,0,0,0,0,0,0,0,0,0,0,0,0,0,0,0,0,0,0,0,0,DATA
https://github.com/TheGazette/Dataset-Index-1920-1929,1,0,0,27604,0,0,0,0,5,1,1,1,0,0,0,0,0,0,0,0,0,0,0,0,0,0,0,0,0,0,0,0,0,0,0,0,0,0,0,0,0,0,0,0,0,0,0,0,0,0,0,0,0,0,0,0,0,0,0,0,0,0,0,0,0,DATA
https://github.com/apievangelist/adopted-federal-agency-dataset,4,0,0,161,0,0,0,0,12,2,1,1,0,1,865,0,0,0,0,0,0,0,0,0,0,0,0,0,0,0,0,0,0,0,0,0,0,0,0,0,0,0,0,0,0,0,0,0,0,0,0,0,0,0,0,0,0,0,0,0,0,0,0,0,0,DATA
https://github.com/TheGazette/Dataset-Index-1900-1909,1,1,0,12827,0,0,0,0,6,2,1,1,0,0,0,0,0,0,0,0,0,0,0,0,0,0,0,0,0,0,0,0,0,0,0,0,0,0,0,0,0,0,0,0,0,0,0,0,0,0,0,0,0,0,0,0,0,0,0,0,0,0,0,0,0,DATA
https://github.com/servetti-polito/neubot-dash-dataset,1,0,0,124,0,0,0,0,6,1,1,0,0,0,11456,0,0,0,0,0,0,0,0,0,0,0,0,0,0,0,0,0,0,0,0,0,0,0,0,0,0,0,0,0,0,0,0,0,0,0,0,0,0,0,0,0,0,0,0,0,0,0,0,0,0,DATA
https://github.com/kenwbrand/XML_WSDL-Dataset-component,1,1,0,524,0,0,0,0,0,0,1,1,1,0,0,0,0,0,0,0,0,0,0,0,0,0,0,0,0,0,0,0,0,0,0,0,0,0,0,0,0,0,0,0,0,0,0,0,0,0,0,0,0,0,0,0,0,0,0,0,0,0,0,0,0,DATA
https://github.com/npmcomponent/code42day-dataset,1,0,0,152,0,0,0,0,20,3,1,0,1,1,869,1977,0,0,0,0,0,0,0,0,0,0,0,0,0,0,0,0,0,0,0,0,0,0,0,0,0,0,0,0,0,0,0,0,0,0,0,0,0,0,0,0,0,0,0,0,0,0,0,0,0,DATA
https://github.com/nsTsoOrg/Dataset-Index-2010-2019,1,0,0,156,0,0,0,0,5,2,1,0,0,0,39,0,0,0,0,0,0,0,0,0,0,0,0,0,0,0,0,0,0,0,0,0,0,0,0,0,0,0,0,0,0,0,0,0,0,0,0,0,0,0,0,0,0,0,0,0,0,0,0,0,0,DATA
https://github.com/traversaro/dir-dataset-format,1,0,1,276,1,0,1,0,29,1,1,1,1,0,557,0,0,29935,0,0,0,0,0,0,0,0,0,0,0,0,0,0,0,0,0,0,0,0,0,0,0,0,0,0,0,0,0,0,0,0,0,0,0,0,0,0,0,0,0,0,0,0,0,0,0,DATA
https://github.com/TheGazette/Dataset-Index-1980-1989,1,0,0,4980,0,0,0,0,2,1,1,1,0,0,0,0,0,0,0,0,0,0,0,0,0,0,0,0,0,0,0,0,0,0,0,0,0,0,0,0,0,0,0,0,0,0,0,0,0,0,0,0,0,0,0,0,0,0,0,0,0,0,0,0,0,DATA
https://github.com/TheGazette/Dataset-Index-1960-1969,1,0,0,7776,0,0,0,0,2,1,1,1,0,0,0,0,0,0,0,0,0,0,0,0,0,0,0,0,0,0,0,0,0,0,0,0,0,0,0,0,0,0,0,0,0,0,0,0,0,0,0,0,0,0,0,0,0,0,0,0,0,0,0,0,0,DATA
https://github.com/acouch/dkan_dataset_test,1,0,0,132,0,0,0,0,6,1,1,0,1,0,0,0,0,0,0,0,0,0,0,907,0,0,0,0,0,0,0,0,0,0,0,0,0,0,0,0,0,0,0,0,0,0,0,0,0,0,0,0,0,0,0,0,0,0,0,0,0,0,0,0,0,DATA
https://github.com/TheGazette/Dataset-Index-1910-1919,1,1,0,101585,0,0,0,0,4,1,1,1,0,0,0,0,0,0,0,0,0,0,0,0,0,0,0,0,0,0,0,0,0,0,0,0,0,0,0,0,0,0,0,0,0,0,0,0,0,0,0,0,0,0,0,0,0,0,0,0,0,0,0,0,0,DATA
https://github.com/hadley/cran-logs-dplyr,1,5,1,171,4,0,4,0,23,2,1,1,1,0,760,0,0,0,0,0,0,0,0,0,0,0,5965,0,0,0,0,0,0,0,0,0,0,0,0,0,0,0,0,0,0,0,0,0,0,0,0,0,0,0,0,0,0,0,0,0,0,0,0,0,0,DATA
https://github.com/trevorcampbell/dynamic-means,3,1,0,942,17,0,17,0,138,2,1,1,4,1,7950,0,0,0,0,0,0,143970,0,207,0,0,0,0,0,0,0,0,0,0,0,0,0,1376,0,0,0,0,0,0,0,0,0,0,0,0,0,0,0,0,0,0,0,0,0,0,0,0,0,0,0,DATA
https://github.com/jugglinmike/datamap,1,0,0,240,7,0,7,0,9,1,1,1,2,1,1322,313475,0,0,3735,0,0,0,0,0,0,0,0,0,0,0,0,0,0,0,0,0,0,0,0,0,0,0,0,0,0,0,0,0,0,0,0,0,0,0,0,0,0,0,0,0,0,0,0,0,0,DATA
https://github.com/bhavishya235/Web-Classification,1,5,0,287032,4,0,4,0,0,0,1,1,18,0,0,0,898,20748,46590,2277,0,2003578,14685918,876780,0,66921,12396973,0,0,57816,0,208849,0,0,0,0,0,0,0,0,0,0,0,0,0,2122,0,0,20544,1100,0,0,0,0,175039,0,0,0,0,0,0,7180165,0,0,0,DATA
https://github.com/StoneCypher/sc_erl_datasets,1,0,0,164,2,0,2,0,11,1,1,1,2,1,964,0,0,0,895,0,0,0,0,0,0,0,0,0,0,0,0,0,0,0,0,0,0,0,0,0,0,0,0,0,0,8751,0,0,0,0,0,0,0,0,0,0,0,0,0,0,0,0,0,0,0,DATA
https://github.com/bicici/SMTData,1,0,0,956,3,0,3,0,10,1,1,1,0,0,470,0,0,0,0,0,0,0,0,0,0,0,0,0,0,0,0,0,0,0,0,0,0,0,0,0,0,0,0,0,0,0,0,0,0,0,0,0,0,0,0,0,0,0,0,0,0,0,0,0,0,DATA
https://github.com/adalca/mmda,1,0,0,84,2,0,2,0,18,1,1,1,2,0,2253,0,0,0,0,0,0,0,0,1822,0,0,0,0,0,0,0,0,0,0,0,0,0,0,0,192280,0,0,0,0,0,0,0,0,0,0,0,0,0,0,0,0,0,0,0,0,0,0,0,0,0,DATA
https://github.com/lovehandle/naics-2012,1,1,0,1476,3,0,3,0,0,0,1,1,1,0,1483,1900,0,0,0,0,0,0,0,0,0,0,0,0,0,0,0,0,0,0,0,0,0,0,0,0,0,0,0,0,0,0,0,0,0,0,0,0,0,0,0,0,0,0,0,0,0,0,0,0,0,DATA
https://github.com/rozap/census-explorer,1,0,1,704,3,0,3,0,14,1,1,1,4,0,207,140896,0,6507,311792,0,0,0,0,200,0,0,0,0,0,0,0,0,0,0,0,0,0,0,0,0,0,0,0,0,0,0,0,0,0,0,0,0,0,0,0,0,0,0,0,0,0,0,0,0,0,DATA
https://github.com/davidok8/kaiseki-datasets,1,1,0,225548,1,0,1,0,5,1,1,1,0,0,347,0,0,0,0,0,0,0,0,0,0,0,0,0,0,0,0,0,0,0,0,0,0,0,0,0,0,0,0,0,0,0,0,0,0,0,0,0,0,0,0,0,0,0,0,0,0,0,0,0,0,DATA
https://github.com/alkalait/gprege-datasets,1,1,0,19368,0,0,0,0,4,1,1,1,0,0,233,0,0,0,0,0,0,0,0,0,0,0,0,0,0,0,0,0,0,0,0,0,0,0,0,0,0,0,0,0,0,0,0,0,0,0,0,0,0,0,0,0,0,0,0,0,0,0,0,0,0,DATA
https://github.com/stormpython/Elasticsearch-datasets,1,0,0,2780,0,0,0,0,4,1,1,0,0,0,46,0,0,0,0,0,0,0,0,0,0,0,0,0,0,0,0,0,0,0,0,0,0,0,0,0,0,0,0,0,0,0,0,0,0,0,0,0,0,0,0,0,0,0,0,0,0,0,0,0,0,DATA
https://github.com/vital-ai/vital-datasets,1,0,0,82097,1,0,1,0,7,2,1,0,2,0,30,0,0,0,0,0,0,0,0,1800,0,0,0,0,0,0,0,0,0,0,0,0,0,0,0,0,0,0,0,0,0,0,0,0,0,0,0,0,0,0,0,0,0,0,0,0,0,0,0,0,0,DATA
https://github.com/alexaverbuch/shortestpath_bench,1,2,0,4432,7,0,7,0,36,1,1,1,1,0,5273,0,25114,0,0,0,0,0,0,0,0,0,0,0,0,0,0,0,0,0,0,0,0,0,0,0,0,0,0,0,0,0,0,0,0,0,0,0,0,0,0,0,0,0,0,0,0,0,0,0,0,DATA
https://github.com/WMBEdmands/MetMSLine,2,6,2,23479,4,0,4,1,11,1,1,1,1,1,1815,0,0,0,0,0,0,0,0,0,0,0,111044,0,0,0,0,0,0,0,0,0,0,0,0,0,0,0,0,0,0,0,0,0,0,0,0,0,0,0,0,0,0,0,0,0,0,0,0,0,0,DATA
https://github.com/LastMinuteMtp/hackathon-datasets,1,0,0,8176,0,0,0,0,6,1,1,1,1,0,33,0,0,0,6198,0,0,0,0,0,0,0,0,0,0,0,0,0,0,0,0,0,0,0,0,0,0,0,0,0,0,0,0,0,0,0,0,0,0,0,0,0,0,0,0,0,0,0,0,0,0,DATA
https://github.com/svkerr/dataSets,1,0,0,10400,0,0,0,0,9,1,1,1,1,0,0,0,0,0,0,0,0,0,0,0,0,0,42198,0,0,0,0,0,0,0,0,0,0,0,0,0,0,0,0,0,0,0,0,0,0,0,0,0,0,0,0,0,0,0,0,0,0,0,0,0,0,DATA
https://github.com/fionntan/CleanDatasets,1,0,0,132,0,0,0,0,4,1,1,1,1,0,75,0,0,2743,0,0,0,0,0,0,0,0,0,0,0,0,0,0,0,0,0,0,0,0,0,0,0,0,0,0,0,0,0,0,0,0,0,0,0,0,0,0,0,0,0,0,0,0,0,0,0,DATA
https://github.com/imlinhao/wifilocation-datasets,1,0,0,26964,0,0,0,0,2,1,1,1,0,0,0,0,0,0,0,0,0,0,0,0,0,0,0,0,0,0,0,0,0,0,0,0,0,0,0,0,0,0,0,0,0,0,0,0,0,0,0,0,0,0,0,0,0,0,0,0,0,0,0,0,0,DATA
https://github.com/TheGrimmScientist/SampleDatasets,1,1,0,29858,0,0,0,0,4,1,1,1,0,0,79,0,0,0,0,0,0,0,0,0,0,0,0,0,0,0,0,0,0,0,0,0,0,0,0,0,0,0,0,0,0,0,0,0,0,0,0,0,0,0,0,0,0,0,0,0,0,0,0,0,0,DATA
https://github.com/jzbontar/torch_datasets,1,0,0,164,0,0,0,0,7,1,1,0,1,0,0,0,0,0,0,0,0,0,0,0,0,0,0,0,0,0,0,0,0,0,0,0,0,4526,0,0,0,0,0,0,0,0,0,0,0,0,0,0,0,0,0,0,0,0,0,0,0,0,0,0,0,DATA
https://github.com/sumnous/DBLP-parser,1,2,0,472,1,0,1,0,1,1,1,1,1,0,64,0,2282,0,0,0,0,0,0,0,0,0,0,0,0,0,0,0,0,0,0,0,0,0,0,0,0,0,0,0,0,0,0,0,0,0,0,0,0,0,0,0,0,0,0,0,0,0,0,0,0,DATA
https://github.com/jonmagic/us-zip-codes,1,2,0,14216,1,0,1,0,10,1,1,1,1,1,942,0,0,0,0,0,1550,0,0,0,0,0,0,0,0,0,0,0,0,0,0,0,0,0,0,0,0,0,0,0,0,0,0,0,0,0,0,0,0,0,0,0,0,0,0,0,0,0,0,0,0,DATA
https://github.com/strategist922/Oozie-CoordinatorJobDatasetTriggered,1,0,0,60,0,0,0,0,3,1,1,1,0,0,415,0,0,0,0,0,0,0,0,0,0,0,0,0,0,0,0,0,0,0,0,0,0,0,0,0,0,0,0,0,0,0,0,0,0,0,0,0,0,0,0,0,0,0,0,0,0,0,0,0,0,DATA
https://github.com/redbox-harvester/redbox-dataset-jdbc-harvester-template,2,0,0,7588,0,0,0,0,20,1,1,1,4,1,283,0,0,0,457,0,0,0,0,954,0,0,0,0,0,0,5699,0,0,0,0,0,0,0,0,0,0,18477,0,0,0,0,0,0,0,0,0,0,0,0,0,0,0,0,0,0,0,0,0,0,0,DATA
https://github.com/clarinova-data/source-dataset-subset-variation-dbundle,1,0,0,108,0,0,0,0,0,0,1,0,1,0,0,0,0,8579,0,0,0,0,0,0,0,0,0,0,0,0,0,0,0,0,0,0,0,0,0,0,0,0,0,0,0,0,0,0,0,0,0,0,0,0,0,0,0,0,0,0,0,0,0,0,0,DATA
https://github.com/thebenwaters/yelp-dataset-geographical-topic-modeling,1,0,0,1916,0,0,0,0,2,1,1,1,1,1,245,0,0,55091,0,0,0,0,0,0,0,0,0,0,0,0,0,0,0,0,0,0,0,0,0,0,0,0,0,0,0,0,0,0,0,0,0,0,0,0,0,0,0,0,0,0,0,0,0,0,0,DATA
https://github.com/gburnettdba/Cville_datasets,1,0,0,136,0,0,0,0,2,1,1,0,0,0,37,0,0,0,0,0,0,0,0,0,0,0,0,0,0,0,0,0,0,0,0,0,0,0,0,0,0,0,0,0,0,0,0,0,0,0,0,0,0,0,0,0,0,0,0,0,0,0,0,0,0,DATA
https://github.com/timmy21/pipestat,1,2,0,550,2,0,2,7,0,0,1,1,1,0,14898,0,0,112011,0,0,0,0,0,0,0,0,0,0,0,0,0,0,0,0,0,0,0,0,0,0,0,0,0,0,0,0,0,0,0,0,0,0,0,0,0,0,0,0,0,0,0,0,0,0,0,DATA
https://github.com/alinutzal/msr2014-dup_bug_dataset,1,0,0,132,0,0,0,0,4,1,1,0,0,0,69,0,0,0,0,0,0,0,0,0,0,0,0,0,0,0,0,0,0,0,0,0,0,0,0,0,0,0,0,0,0,0,0,0,0,0,0,0,0,0,0,0,0,0,0,0,0,0,0,0,0,DATA
https://github.com/Pikky/network,0,0,0,56,0,0,0,0,0,0,1,1,0,0,0,0,0,0,0,0,0,0,0,0,0,0,0,0,0,0,0,0,0,0,0,0,0,0,0,0,0,0,0,0,0,0,0,0,0,0,0,0,0,0,0,0,0,0,0,0,0,0,0,0,0,DATA
https://github.com/datamade/wopr-data,6,2,4,27757,2,0,2,0,16,3,1,1,1,1,1088,0,0,24866,0,0,0,0,0,0,0,0,0,0,0,0,0,0,0,0,0,0,0,0,0,0,0,0,0,0,0,0,0,0,0,0,0,0,0,0,0,0,0,0,0,0,0,0,0,0,0,DATA
https://github.com/zhangzhu/Smoking-dataset-from-Google-Trends,1,0,0,212,0,0,0,0,2,1,1,1,0,0,968,0,0,0,0,0,0,0,0,0,0,0,0,0,0,0,0,0,0,0,0,0,0,0,0,0,0,0,0,0,0,0,0,0,0,0,0,0,0,0,0,0,0,0,0,0,0,0,0,0,0,DATA
https://github.com/atomminder/Machine_Learning_with_Large_Dataset,1,0,0,336,1,0,1,0,4,1,1,1,2,0,450,0,182859,472,0,0,0,0,0,0,0,0,0,0,0,0,0,0,0,0,0,0,0,0,0,0,0,0,0,0,0,0,0,0,0,0,0,0,0,0,0,0,0,0,0,0,0,0,0,0,0,DATA
https://github.com/akshayats/14-ROMAN-3D-Dataset,1,0,0,80904,0,0,0,0,55,1,1,1,1,0,0,0,0,0,0,0,0,0,0,0,0,0,0,0,0,0,0,586919,0,0,0,0,0,0,0,0,0,0,0,0,0,0,0,0,0,0,0,0,0,0,0,0,0,0,0,0,0,0,0,0,0,DATA
https://github.com/billderose/ygo,1,0,0,1396,0,0,0,0,14,1,1,1,2,0,0,0,0,0,0,0,0,0,0,0,0,0,620,0,1173,0,0,0,0,0,0,0,0,0,0,0,0,0,0,0,0,0,0,0,0,0,0,0,0,0,0,0,0,0,0,0,0,0,0,0,0,DATA
https://github.com/rossjones/ons-datasets-scraper,1,1,0,120,0,0,0,0,1,1,1,1,1,0,0,0,0,1555,0,0,0,0,0,0,0,0,0,0,0,0,0,0,0,0,0,0,0,0,0,0,0,0,0,0,0,0,0,0,0,0,0,0,0,0,0,0,0,0,0,0,0,0,0,0,0,DATA
https://github.com/azvoleff/gfcanalysis,1,2,1,204,6,0,6,0,183,2,1,1,1,0,2160,0,0,0,0,0,0,0,0,0,0,0,47673,0,0,0,0,0,0,0,0,0,0,0,0,0,0,0,0,0,0,0,0,0,0,0,0,0,0,0,0,0,0,0,0,0,0,0,0,0,0,DATA
https://github.com/coecms/CMIP5-utils,1,3,2,42,2,0,2,0,25,1,1,1,1,1,2235,0,0,46054,0,0,0,0,0,0,0,0,0,0,0,0,0,0,0,0,0,0,0,0,0,0,0,0,0,0,0,0,0,0,0,0,0,0,0,0,0,0,0,0,0,0,0,0,0,0,0,DATA
https://github.com/mode/data_kit,1,0,3,252,3,0,3,0,31,1,1,1,0,1,459,0,0,0,0,0,0,0,0,0,0,0,0,0,0,0,0,0,0,0,0,0,0,0,0,0,0,0,0,0,0,0,0,0,0,0,0,0,0,0,0,0,0,0,0,0,0,0,0,0,0,DATA
https://github.com/cihai/cihaidata-unihan,1,1,0,105,6,0,6,0,113,1,1,1,1,1,5769,0,0,55511,0,0,0,0,0,0,0,0,0,0,0,0,0,0,0,0,0,0,0,0,0,0,0,0,0,0,0,0,0,0,0,0,0,0,0,0,0,0,0,0,0,0,0,0,0,0,0,DATA
https://github.com/gt-big-data/movie-lens,1,1,0,69920,3,0,3,0,5,1,1,1,6,0,0,2420,0,2637,1624,17214,0,0,0,643,0,0,0,0,0,716,0,0,0,0,0,0,0,0,0,0,0,0,0,0,0,0,0,0,0,0,0,0,0,0,0,0,0,0,0,0,0,0,0,0,0,DATA
https://github.com/kmatzen/nyc3dcars-labeler,1,1,0,50640,6,0,6,0,15,1,1,1,5,1,910,1499596,0,84424,393633,0,0,0,0,1192,0,0,0,0,0,0,0,0,0,0,0,0,0,0,0,0,0,0,0,0,0,0,0,0,0,0,0,0,0,0,0,0,0,0,0,0,0,0,0,0,0,DATA
https://github.com/dfm/data.arxiv.io,2,0,0,124,6,0,6,0,6,1,1,1,1,1,611,0,0,4094,0,0,0,0,0,0,0,0,0,0,0,0,0,0,0,0,0,0,0,0,0,0,0,0,0,0,0,0,0,0,0,0,0,0,0,0,0,0,0,0,0,0,0,0,0,0,0,DATA
https://github.com/i-akiya/R4CDISC,6,1,2,908,3,0,3,0,55,1,1,1,0,0,175,0,0,0,0,0,0,0,0,0,0,0,0,0,0,0,0,0,0,0,0,0,0,0,0,0,0,0,0,0,0,0,0,0,0,0,0,0,0,0,0,0,0,0,0,0,0,0,0,0,0,DATA
https://github.com/lemondan/Focal-liver-lesions-dataset-in-CEUS,1,0,0,274864,0,0,0,0,4,1,1,1,0,0,1367,0,0,0,0,0,0,0,0,0,0,0,0,0,0,0,0,0,0,0,0,0,0,0,0,0,0,0,0,0,0,0,0,0,0,0,0,0,0,0,0,0,0,0,0,0,0,0,0,0,0,DATA
https://github.com/thekingofkings/gowalla-exp,1,1,0,326384,5,0,5,0,92,1,1,1,4,0,1077,0,136203,2949,0,0,0,0,0,0,0,0,0,0,0,0,0,0,0,0,0,0,0,0,0,76875,0,0,0,0,0,0,0,0,0,0,0,0,0,0,0,0,0,0,0,0,0,0,0,0,0,DATA
https://github.com/bhaibeka/MetaGx0,2,2,0,660,0,0,0,0,77,1,1,1,1,0,546,0,0,0,0,0,0,0,0,0,0,0,149142,0,0,0,0,0,0,0,0,0,0,0,0,0,0,0,0,0,0,0,0,0,0,0,0,0,0,0,0,0,0,0,0,0,0,0,0,0,0,DATA
https://github.com/rmaestre/amazon-sentiwordnet,1,2,0,2003,0,0,0,0,4,1,1,1,3,1,4621,0,0,6511,0,0,0,0,0,0,0,0,1987,0,0,0,0,0,0,0,0,0,0,0,0,0,0,0,0,0,0,0,0,0,0,0,0,0,0,0,0,0,0,0,0,0,0,0,0,0,0,DATA
https://github.com/JohanDS/Dataset-versioning--for-KOS-data-sets-,1,1,1,165,1,0,1,0,15,2,1,1,1,1,139,0,0,0,0,0,0,0,0,0,0,0,0,0,0,0,0,0,0,0,0,0,0,0,0,0,0,0,0,0,0,0,0,0,0,0,0,0,0,0,0,0,0,0,0,0,0,0,0,0,0,DATA
https://github.com/Kayrnt/AkkaMapReduceSample,1,1,0,110,14,0,14,0,1,1,1,1,2,0,1980,0,0,0,451,0,0,0,0,0,0,0,0,0,0,0,0,0,0,6987,0,0,0,0,0,0,0,0,0,0,0,0,0,0,0,0,0,0,0,0,0,0,0,0,0,0,0,0,0,0,0,DATA
https://github.com/JPrez38/data.un.gov-datamanager,1,0,0,136,0,0,0,0,3,1,1,1,1,0,90,0,0,2954,0,0,0,0,0,0,0,0,0,0,0,0,0,0,0,0,0,0,0,0,0,0,0,0,0,0,0,0,0,0,0,0,0,0,0,0,0,0,0,0,0,0,0,0,0,0,0,DATA
https://github.com/IgniteUI/finance-sample,1,10,1,6875,8,0,8,0,8,3,1,1,4,1,1956,937076,0,0,54169,0,0,0,0,0,1354,0,0,0,0,0,0,0,0,0,0,0,0,0,0,0,0,0,0,0,0,0,0,0,0,0,0,0,0,0,0,0,0,0,0,0,0,0,0,0,0,DATA
https://github.com/jebyrne/PhotorealisticVirtualCity,1,2,0,356,0,0,0,0,12,1,1,1,1,0,2657,0,0,0,0,0,0,0,0,0,0,0,0,0,0,0,0,0,0,0,0,0,0,0,0,27182,0,0,0,0,0,0,0,0,0,0,0,0,0,0,0,0,0,0,0,0,0,0,0,0,0,DATA
https://github.com/zunayed/pyDataAnalysis,1,1,0,1221,5,0,5,0,24,1,1,1,3,0,170,0,0,8845,407,0,0,0,0,0,0,0,0,0,0,0,0,0,0,0,0,0,0,0,0,0,0,0,0,0,0,0,0,0,0,0,0,0,0,0,0,0,0,0,0,0,0,0,0,0,0,DATA
https://github.com/pbiecek/PIAAC,1,3,0,413011,1,0,1,0,7,1,1,1,1,1,807,0,0,0,0,0,0,0,0,0,0,0,3441,0,0,0,0,0,0,0,0,0,0,0,0,0,0,0,0,0,0,0,0,0,0,0,0,0,0,0,0,0,0,0,0,0,0,0,0,0,0,DATA
https://github.com/shenzhun/creating-enron-spam-corpus-from-raw-data,1,3,0,103572,2,0,2,0,48,1,1,1,2,0,3060,0,0,3498,0,0,0,0,0,1010,0,0,0,0,0,0,0,0,0,0,0,0,0,0,0,0,0,0,0,0,0,0,0,0,0,0,0,0,0,0,0,0,0,0,0,0,0,0,0,0,0,DATA
https://github.com/opensport/american-football.db,1,2,0,160,11,0,11,0,13,1,1,1,0,0,1069,0,0,0,0,0,0,0,0,0,0,0,0,0,0,0,0,0,0,0,0,0,0,0,0,0,0,0,0,0,0,0,0,0,0,0,0,0,0,0,0,0,0,0,0,0,0,0,0,0,0,DATA
https://github.com/mmayo888/MayoSunDatasets,1,0,0,6160,0,0,0,0,1,1,1,1,0,0,0,0,0,0,0,0,0,0,0,0,0,0,0,0,0,0,0,0,0,0,0,0,0,0,0,0,0,0,0,0,0,0,0,0,0,0,0,0,0,0,0,0,0,0,0,0,0,0,0,0,0,DATA
https://github.com/malaria51/Models-and-Datasets,0,0,0,56,0,0,0,0,0,0,1,1,0,0,0,0,0,0,0,0,0,0,0,0,0,0,0,0,0,0,0,0,0,0,0,0,0,0,0,0,0,0,0,0,0,0,0,0,0,0,0,0,0,0,0,0,0,0,0,0,0,0,0,0,0,DATA
https://github.com/malaria51/Report---Models---Datasets,0,0,0,56,0,0,0,0,0,0,1,1,0,0,0,0,0,0,0,0,0,0,0,0,0,0,0,0,0,0,0,0,0,0,0,0,0,0,0,0,0,0,0,0,0,0,0,0,0,0,0,0,0,0,0,0,0,0,0,0,0,0,0,0,0,DATA
https://github.com/renaud/topic_models_datasets,1,2,0,17736,0,0,0,0,4,1,1,1,1,0,1617,0,0,967,0,0,0,0,0,0,0,0,0,0,0,0,0,0,0,0,0,0,0,0,0,0,0,0,0,0,0,0,0,0,0,0,0,0,0,0,0,0,0,0,0,0,0,0,0,0,0,DATA
https://github.com/kacebe/AtlantGIS,5,2,0,11987,4,0,4,0,24,1,1,1,0,1,913,0,0,0,0,0,0,0,0,0,0,0,0,0,0,0,0,0,0,0,0,0,0,0,0,0,0,0,0,0,0,0,0,0,0,0,0,0,0,0,0,0,0,0,0,0,0,0,0,0,0,DATA
https://github.com/pabloms/dataSetGenerator,0,0,0,56,0,0,0,0,0,0,1,0,0,0,0,0,0,0,0,0,0,0,0,0,0,0,0,0,0,0,0,0,0,0,0,0,0,0,0,0,0,0,0,0,0,0,0,0,0,0,0,0,0,0,0,0,0,0,0,0,0,0,0,0,0,DATA
https://github.com/duongNA/DataSetBuilder,1,0,0,108,0,0,0,0,0,0,1,1,1,0,0,0,8629,0,0,0,0,0,0,0,0,0,0,0,0,0,0,0,0,0,0,0,0,0,0,0,0,0,0,0,0,0,0,0,0,0,0,0,0,0,0,0,0,0,0,0,0,0,0,0,0,DATA
https://github.com/qingzhanggithub/medline-collaboration-datasets,1,1,0,1300,0,0,0,0,1,1,1,1,0,1,135,0,0,0,0,0,0,0,0,0,0,0,0,0,0,0,0,0,0,0,0,0,0,0,0,0,0,0,0,0,0,0,0,0,0,0,0,0,0,0,0,0,0,0,0,0,0,0,0,0,0,DATA
https://github.com/fraunhoferfokus/odp-manage-datasets-portlet,1,0,0,320,0,0,0,0,4,1,1,0,1,1,105,0,79475,0,0,0,0,0,0,0,0,0,0,0,0,0,0,0,0,0,0,0,0,0,0,0,0,0,0,0,0,0,0,0,0,0,0,0,0,0,0,0,0,0,0,0,0,0,0,0,0,DATA
https://github.com/FredYao/Streamed_Graph_Datasets,1,0,0,30,0,0,0,0,26,1,1,1,1,0,1571,0,0,64673,0,0,0,0,0,0,0,0,0,0,0,0,0,0,0,0,0,0,0,0,0,0,0,0,0,0,0,0,0,0,0,0,0,0,0,0,0,0,0,0,0,0,0,0,0,0,0,DATA
https://github.com/yahtaa/chattstand,1,0,0,2104,0,0,0,0,19,1,1,1,4,0,648,641,0,0,546,0,27312,0,0,0,0,0,0,0,0,0,229,0,0,0,0,0,0,0,0,0,0,0,0,0,0,0,0,0,0,0,0,0,0,0,0,0,0,0,0,0,0,0,0,0,0,DATA
https://github.com/sreeram-boyapati/MLGround,1,1,0,128,0,0,0,0,5,1,1,1,3,0,43,0,0,3607,0,0,0,0,0,0,0,0,0,0,0,0,0,0,0,0,0,0,0,0,0,9823,0,0,0,0,0,0,0,0,0,0,0,0,0,0,0,0,0,0,0,0,0,0,0,0,0,DATA
https://github.com/sr320/qdod,1,1,0,11052,1,0,1,0,84,2,1,1,2,0,1578,0,0,0,0,0,0,0,0,0,0,0,0,0,0,0,0,0,0,0,0,0,0,0,0,0,0,0,0,0,0,0,0,0,0,0,0,0,0,0,0,0,0,0,0,0,0,0,0,0,0,DATA
https://github.com/johnlfield/Validation_data,1,0,0,9984,0,0,0,0,0,0,1,1,0,0,0,0,0,0,0,0,0,0,0,0,0,0,0,0,0,0,0,0,0,0,0,0,0,0,0,0,0,0,0,0,0,0,0,0,0,0,0,0,0,0,0,0,0,0,0,0,0,0,0,0,0,DATA
https://github.com/stnava/Haxby2001,3,0,0,4656,0,0,0,0,2,1,1,1,0,0,293,0,0,0,0,0,0,0,0,0,0,0,0,0,0,0,0,0,0,0,0,0,0,0,0,0,0,0,0,0,0,0,0,0,0,0,0,0,0,0,0,0,0,0,0,0,0,0,0,0,0,DATA
https://github.com/aschumilin/wikilinks,1,0,0,180,0,0,0,0,9,1,1,1,2,0,0,0,0,10371,0,0,0,0,0,111,0,0,0,0,0,0,0,0,0,0,0,0,0,0,0,0,0,0,0,0,0,0,0,0,0,0,0,0,0,0,0,0,0,0,0,0,0,0,0,0,0,DATA
https://github.com/prettymanga/Suslov,1,0,0,112,0,0,0,0,1,1,1,1,0,0,38,0,0,0,0,0,0,0,0,0,0,0,0,0,0,0,0,0,0,0,0,0,0,0,0,0,0,0,0,0,0,0,0,0,0,0,0,0,0,0,0,0,0,0,0,0,0,0,0,0,0,DATA
https://github.com/Jfortin1/shinyMethylData,1,0,0,152203,0,0,0,0,24,2,1,1,1,0,229,0,0,0,0,0,0,0,0,0,0,0,7752,0,0,0,0,0,0,0,0,0,0,0,0,0,0,0,0,0,0,0,0,0,0,0,0,0,0,0,0,0,0,0,0,0,0,0,0,0,0,DATA
https://github.com/sangheestyle/data_google_play,1,1,0,4680,0,0,0,0,1,1,1,1,0,0,0,0,0,0,0,0,0,0,0,0,0,0,0,0,0,0,0,0,0,0,0,0,0,0,0,0,0,0,0,0,0,0,0,0,0,0,0,0,0,0,0,0,0,0,0,0,0,0,0,0,0,DATA
https://github.com/richil-bhalerao/yelp239,1,1,0,1976,0,0,0,0,13,3,1,1,5,0,52,58327,0,546473,168325,0,0,0,18662,1250,0,0,0,0,0,0,0,0,0,0,0,0,0,0,0,0,0,0,0,0,0,0,0,0,0,0,0,0,0,0,0,0,0,0,0,0,0,0,0,0,0,DATA
https://github.com/matthewethomas/AdoLite,1,0,0,132,0,0,0,0,3,1,1,1,1,1,39,0,0,0,0,0,0,0,0,0,34931,0,0,0,0,0,0,0,0,0,0,0,0,0,0,0,0,0,0,0,0,0,0,0,0,0,0,0,0,0,0,0,0,0,0,0,0,0,0,0,0,DATA
https://github.com/aschumilin/Wikinews,1,0,0,356,0,0,0,0,12,1,1,1,2,0,0,0,0,145975,0,0,0,0,0,3989,0,0,0,0,0,0,0,0,0,0,0,0,0,0,0,0,0,0,0,0,0,0,0,0,0,0,0,0,0,0,0,0,0,0,0,0,0,0,0,0,0,DATA
https://github.com/elcodedocle/crawlexa,1,2,0,214,4,0,4,0,1,1,1,1,1,0,4709,0,0,0,0,81681,0,0,0,0,0,0,0,0,0,0,0,0,0,0,0,0,0,0,0,0,0,0,0,0,0,0,0,0,0,0,0,0,0,0,0,0,0,0,0,0,0,0,0,0,0,DATA
https://github.com/mpbrotherton/plutolabs,2,0,0,112,0,0,0,0,1,1,1,1,0,1,43,0,0,0,0,0,0,0,0,0,0,0,0,0,0,0,0,0,0,0,0,0,0,0,0,0,0,0,0,0,0,0,0,0,0,0,0,0,0,0,0,0,0,0,0,0,0,0,0,0,0,DATA
https://github.com/ksiddhartha/SocrataUpdateCategory,1,1,1,136,1,0,1,0,5,1,1,1,0,0,1047,0,0,0,0,0,0,0,0,0,0,0,0,0,0,0,0,0,0,0,0,0,0,0,0,0,0,0,0,0,0,0,0,0,0,0,0,0,0,0,0,0,0,0,0,0,0,0,0,0,0,DATA
https://github.com/wy51r/MovieLen-resys,1,0,0,64,0,0,0,0,8,1,1,1,0,0,0,0,0,0,0,0,0,0,0,0,0,0,0,0,0,0,0,0,0,0,0,0,0,0,0,0,0,0,0,0,0,0,0,0,0,0,0,0,0,0,0,0,0,0,0,0,0,0,0,0,0,DATA
https://github.com/gp48maz1/Q,1,0,0,0,0,0,0,0,1,1,1,1,0,0,13,0,0,0,0,0,0,0,0,0,0,0,0,0,0,0,0,0,0,0,0,0,0,0,0,0,0,0,0,0,0,0,0,0,0,0,0,0,0,0,0,0,0,0,0,0,0,0,0,0,0,DATA
https://github.com/brg8/phenome,1,0,0,116,0,0,0,0,3,1,1,1,1,0,755,0,0,0,0,0,360,0,0,0,0,0,0,0,0,0,0,0,0,0,0,0,0,0,0,0,0,0,0,0,0,0,0,0,0,0,0,0,0,0,0,0,0,0,0,0,0,0,0,0,0,DATA
https://github.com/radproject/libertun,1,1,0,2547,0,0,0,0,4,1,1,1,0,0,44,0,0,0,0,0,0,0,0,0,0,0,0,0,0,0,0,0,0,0,0,0,0,0,0,0,0,0,0,0,0,0,0,0,0,0,0,0,0,0,0,0,0,0,0,0,0,0,0,0,0,DATA
https://github.com/medialabufrj/pyds,1,0,0,116,0,0,0,0,2,1,1,1,1,0,0,0,0,546,0,0,0,0,0,0,0,0,0,0,0,0,0,0,0,0,0,0,0,0,0,0,0,0,0,0,0,0,0,0,0,0,0,0,0,0,0,0,0,0,0,0,0,0,0,0,0,DATA
https://github.com/stefano-meschiari/Systemic-Live,2,2,1,24287,2,0,2,0,24,1,1,1,5,0,1529,1032938,0,0,26927,17098,0,0,0,1494,0,0,0,0,0,0,0,0,0,0,0,0,0,0,0,0,0,0,0,0,0,0,0,0,0,0,0,0,0,0,0,0,0,0,0,0,0,0,0,0,0,DATA
https://github.com/j2kun/reality-mining,1,2,0,8660,2,0,2,0,4,1,1,1,1,0,204,0,0,9804,0,0,0,0,0,0,0,0,0,0,0,0,0,0,0,0,0,0,0,0,0,0,0,0,0,0,0,0,0,0,0,0,0,0,0,0,0,0,0,0,0,0,0,0,0,0,0,DATA
https://github.com/pavan046/higdataset,1,1,0,37016,2,0,2,0,15,1,1,1,0,0,1074,0,0,0,0,0,0,0,0,0,0,0,0,0,0,0,0,0,0,0,0,0,0,0,0,0,0,0,0,0,0,0,0,0,0,0,0,0,0,0,0,0,0,0,0,0,0,0,0,0,0,DATA
https://github.com/faustineinsun/MahoutHadoopUseCase,1,4,0,651,5,0,5,0,15,1,1,1,2,1,1694,0,25100,0,0,0,0,0,0,4315,0,0,0,0,0,0,0,0,0,0,0,0,0,0,0,0,0,0,0,0,0,0,0,0,0,0,0,0,0,0,0,0,0,0,0,0,0,0,0,0,0,DATA
https://github.com/bmcfee/msd_search,1,0,0,144,2,0,2,0,7,1,1,1,1,0,67,0,0,2232,0,0,0,0,0,0,0,0,0,0,0,0,0,0,0,0,0,0,0,0,0,0,0,0,0,0,0,0,0,0,0,0,0,0,0,0,0,0,0,0,0,0,0,0,0,0,0,DATA
https://github.com/insideout10/Eurovoc-Classifier,1,0,0,144,2,0,2,0,7,2,1,1,1,0,1060,0,0,0,0,0,5252,0,0,0,0,0,0,0,0,0,0,0,0,0,0,0,0,0,0,0,0,0,0,0,0,0,0,0,0,0,0,0,0,0,0,0,0,0,0,0,0,0,0,0,0,DATA
https://github.com/ajing/ChemTreeMap,6,2,0,222346,3,0,3,3,272,2,1,1,4,1,675,47530,0,40515,26465,0,0,0,0,0,0,0,0,0,0,0,0,0,0,0,0,0,0,0,0,0,0,0,0,0,0,0,0,0,0,0,0,0,0,0,0,0,0,0,0,0,0,0,0,0,0,DATA
https://github.com/o19s/StackExchangeElasticSearch,1,1,0,7176,3,0,3,0,6,1,1,1,1,0,508,0,0,3809,0,0,0,0,0,0,0,0,0,0,0,0,0,0,0,0,0,0,0,0,0,0,0,0,0,0,0,0,0,0,0,0,0,0,0,0,0,0,0,0,0,0,0,0,0,0,0,DATA
https://github.com/btracey/stackmc,1,1,0,380,3,0,3,0,9,1,1,1,1,0,0,0,0,0,0,0,0,0,0,0,0,0,0,0,121596,0,0,0,0,0,0,0,0,0,0,0,0,0,0,0,0,0,0,0,0,0,0,0,0,0,0,0,0,0,0,0,0,0,0,0,0,DATA
https://github.com/rashika/Face-Recognizer,1,3,0,29704,1,0,1,0,3,1,1,1,6,0,256,0,100316,41666,0,0,0,96130,107208,0,0,0,0,0,0,0,0,0,0,0,0,0,0,0,0,35475,0,0,0,0,0,0,0,0,0,0,0,0,0,0,0,0,0,0,0,0,0,0,0,0,0,DATA
https://github.com/steveandroulakis/mytardisuploader,1,3,0,143,1,0,1,0,10,1,1,1,1,1,420,0,0,14403,0,0,0,0,0,0,0,0,0,0,0,0,0,0,0,0,0,0,0,0,0,0,0,0,0,0,0,0,0,0,0,0,0,0,0,0,0,0,0,0,0,0,0,0,0,0,0,DATA
https://github.com/bcoe/enronsearch,1,1,0,265,3,0,3,0,32,2,1,1,4,1,1422,48786,16888,0,3745,0,0,0,0,0,0,0,0,0,0,0,0,0,0,0,0,0,0,0,0,0,0,0,0,0,0,0,0,0,0,0,0,0,0,0,0,0,0,0,0,0,0,0,0,0,0,DATA
https://github.com/dagilmore/forREST,6,1,0,2736,3,0,3,0,42,2,1,1,3,0,140,0,23394,22575,0,0,0,0,0,0,0,0,0,0,0,0,0,0,0,2089,0,0,0,0,0,0,0,0,0,0,0,0,0,0,0,0,0,0,0,0,0,0,0,0,0,0,0,0,0,0,0,DATA
https://github.com/clarinova-data/source1-dataset1-subset1-variation1-dbundle,1,0,0,108,0,0,0,0,0,0,1,0,1,0,0,0,0,8579,0,0,0,0,0,0,0,0,0,0,0,0,0,0,0,0,0,0,0,0,0,0,0,0,0,0,0,0,0,0,0,0,0,0,0,0,0,0,0,0,0,0,0,0,0,0,0,DATA
https://github.com/dblandin/RubyMotion-UITableView-UICollectionView-Dataset-Swap,1,0,0,120,0,0,0,0,1,1,1,0,1,0,973,0,0,0,0,0,10276,0,0,0,0,0,0,0,0,0,0,0,0,0,0,0,0,0,0,0,0,0,0,0,0,0,0,0,0,0,0,0,0,0,0,0,0,0,0,0,0,0,0,0,0,DATA
https://github.com/clarinova-data/source-dataset-subset-variation-ca0d-dbundle,1,0,0,148,0,0,0,0,0,0,1,0,1,0,0,0,0,4801,0,0,0,0,0,0,0,0,0,0,0,0,0,0,0,0,0,0,0,0,0,0,0,0,0,0,0,0,0,0,0,0,0,0,0,0,0,0,0,0,0,0,0,0,0,0,0,DATA
https://github.com/ldbc/ldbc_spb_optional_datasets_deprecated,1,0,0,57420,0,0,0,0,12,1,1,1,0,0,787,0,0,0,0,0,0,0,0,0,0,0,0,0,0,0,0,0,0,0,0,0,0,0,0,0,0,0,0,0,0,0,0,0,0,0,0,0,0,0,0,0,0,0,0,0,0,0,0,0,0,DATA
https://github.com/yangliuy/Debate-DataSets_NAACL13,1,1,0,948,0,0,0,0,3,1,1,1,0,0,1981,0,0,0,0,0,0,0,0,0,0,0,0,0,0,0,0,0,0,0,0,0,0,0,0,0,0,0,0,0,0,0,0,0,0,0,0,0,0,0,0,0,0,0,0,0,0,0,0,0,0,DATA
https://github.com/UCSBGauchos/MovieLensRecommendation,1,0,0,3196,6,0,6,0,112,1,1,1,1,0,5017,0,81334,0,0,0,0,0,0,0,0,0,0,0,0,0,0,0,0,0,0,0,0,0,0,0,0,0,0,0,0,0,0,0,0,0,0,0,0,0,0,0,0,0,0,0,0,0,0,0,0,DATA
https://github.com/parag1102/BayesianClassifier,1,0,0,116,0,0,0,0,5,1,1,1,0,0,485,0,0,0,0,0,0,0,0,0,0,0,0,0,0,0,0,0,0,0,0,0,0,0,0,0,0,0,0,0,0,0,0,0,0,0,0,0,0,0,0,0,0,0,0,0,0,0,0,0,0,DATA
https://github.com/danielribeirosilva/CMU.11641.HW4,1,1,0,143,0,0,0,0,13,1,1,1,1,0,0,0,72434,0,0,0,0,0,0,0,0,0,0,0,0,0,0,0,0,0,0,0,0,0,0,0,0,0,0,0,0,0,0,0,0,0,0,0,0,0,0,0,0,0,0,0,0,0,0,0,0,DATA
https://github.com/foxrw/Data,1,0,0,60,0,0,0,0,0,0,1,1,0,0,44,0,0,0,0,0,0,0,0,0,0,0,0,0,0,0,0,0,0,0,0,0,0,0,0,0,0,0,0,0,0,0,0,0,0,0,0,0,0,0,0,0,0,0,0,0,0,0,0,0,0,DATA
https://github.com/AndreiAustin/Smith_QC,0,0,0,56,0,0,0,0,0,0,1,1,0,0,0,0,0,0,0,0,0,0,0,0,0,0,0,0,0,0,0,0,0,0,0,0,0,0,0,0,0,0,0,0,0,0,0,0,0,0,0,0,0,0,0,0,0,0,0,0,0,0,0,0,0,DATA
https://github.com/guptarah/bi_addiction_scripts,1,0,0,10388,0,0,0,0,0,0,1,1,14,0,447,143702,0,118022,3710,124016,1649,2515316,78009,58496,206438,0,0,0,0,819088,0,28619,0,0,0,0,0,0,0,0,0,0,0,0,0,0,0,0,0,0,0,0,0,0,0,0,0,0,0,0,0,39497,0,0,0,DATA
https://github.com/rossjones/ckanext-pubsub,1,1,0,152,1,0,1,0,5,1,1,1,1,1,1600,0,0,1165,0,0,0,0,0,0,0,0,0,0,0,0,0,0,0,0,0,0,0,0,0,0,0,0,0,0,0,0,0,0,0,0,0,0,0,0,0,0,0,0,0,0,0,0,0,0,0,DATA
https://github.com/Thalako/PseudoPrecip,0,0,0,0,0,0,0,0,0,0,1,1,0,0,0,0,0,0,0,0,0,0,0,0,0,0,0,0,0,0,0,0,0,0,0,0,0,0,0,0,0,0,0,0,0,0,0,0,0,0,0,0,0,0,0,0,0,0,0,0,0,0,0,0,0,DATA
https://github.com/arkygeek/DataRanking,1,0,0,14604,0,0,0,0,76,1,1,1,4,0,0,0,0,0,0,0,0,579517,200203,1326,0,0,0,0,0,0,0,0,0,0,0,0,0,0,0,0,0,0,0,0,0,0,0,0,0,0,0,0,0,0,0,0,0,0,0,0,0,0,0,0,0,DATA
https://github.com/chrisatkin/tarp-data,1,0,0,268,0,0,0,0,0,0,1,1,0,1,130,0,0,0,0,0,0,0,0,0,0,0,0,0,0,0,0,0,0,0,0,0,0,0,0,0,0,0,0,0,0,0,0,0,0,0,0,0,0,0,0,0,0,0,0,0,0,0,0,0,0,DATA
https://github.com/Dhanyatha/RecommendationSystem,1,0,0,2984,1,0,1,0,1,1,1,1,3,0,0,0,0,0,0,0,0,0,0,643,0,0,0,0,0,716,0,0,0,0,0,0,0,0,0,5972,0,0,0,0,0,0,0,0,0,0,0,0,0,0,0,0,0,0,0,0,0,0,0,0,0,DATA
https://github.com/jborowitz/enron,1,0,0,164,0,0,0,0,3,1,1,1,2,0,0,0,0,7239,0,0,0,0,0,191,0,0,0,0,0,0,0,0,0,0,0,0,0,0,0,0,0,0,0,0,0,0,0,0,0,0,0,0,0,0,0,0,0,0,0,0,0,0,0,0,0,DATA
https://github.com/etalab/dactylo,1,0,0,220,0,0,0,0,0,0,1,1,3,1,86,1123,0,144932,5800,0,0,0,0,0,0,0,0,0,0,0,0,0,0,0,0,0,0,0,0,0,0,0,0,0,0,0,0,0,0,0,0,0,0,0,0,0,0,0,0,0,0,0,0,0,0,DATA
https://github.com/jvlmdr/go-pascal-voc,1,0,0,112,0,0,0,0,8,1,1,1,1,0,0,0,0,0,0,0,0,0,0,0,0,0,0,0,13973,0,0,0,0,0,0,0,0,0,0,0,0,0,0,0,0,0,0,0,0,0,0,0,0,0,0,0,0,0,0,0,0,0,0,0,0,DATA
https://github.com/jebyrne/Penn-FSE,1,0,0,172,0,0,0,0,2,1,1,1,3,0,2264,0,0,0,0,0,0,0,0,4551,0,0,0,0,0,0,0,0,0,0,0,0,0,0,0,18678,0,0,0,0,0,0,0,0,0,0,0,0,0,0,0,0,0,0,0,0,0,0,0,0,0,DATA
https://github.com/mistrm82/GU-meta,1,1,0,53840,0,0,0,0,9,1,1,1,2,0,123,14238,0,0,2100,0,0,0,0,0,0,0,0,0,0,0,0,0,0,0,0,0,0,0,0,0,0,0,0,0,0,0,0,0,0,0,0,0,0,0,0,0,0,0,0,0,0,0,0,0,0,DATA
https://github.com/jmedzihorsky/vuc_2013,1,0,0,1293,1,0,1,0,0,0,1,1,1,0,595,0,0,0,0,0,0,0,0,0,0,0,0,0,0,0,0,4538,0,0,0,0,0,0,0,0,0,0,0,0,0,0,0,0,0,0,0,0,0,0,0,0,0,0,0,0,0,0,0,0,0,DATA
https://github.com/klangner/feedscraper,1,0,0,164,0,0,0,0,3,1,1,1,1,0,136,0,0,225010,0,0,0,0,0,0,0,0,0,0,0,0,0,0,0,0,0,0,0,0,0,0,0,0,0,0,0,0,0,0,0,0,0,0,0,0,0,0,0,0,0,0,0,0,0,0,0,DATA
https://github.com/nurainir/DFedQ,1,0,0,196128,0,0,0,0,2,1,1,1,1,1,48,0,0,0,0,0,0,0,0,12006,0,0,0,0,0,0,0,0,0,0,0,0,0,0,0,0,0,0,0,0,0,0,0,0,0,0,0,0,0,0,0,0,0,0,0,0,0,0,0,0,0,DATA
https://github.com/nirev/scraperwiki-zapimoveis,1,0,0,112,1,0,1,0,5,1,1,1,0,1,84,0,0,0,0,0,0,0,0,0,0,0,0,0,0,0,0,0,0,0,0,0,0,0,0,0,0,0,0,0,0,0,0,0,0,0,0,0,0,0,0,0,0,0,0,0,0,0,0,0,0,DATA
https://github.com/code4as/QueryParsingAlgorithmonTRECdata,0,0,0,0,0,0,0,0,0,0,1,1,0,0,0,0,0,0,0,0,0,0,0,0,0,0,0,0,0,0,0,0,0,0,0,0,0,0,0,0,0,0,0,0,0,0,0,0,0,0,0,0,0,0,0,0,0,0,0,0,0,0,0,0,0,DATA
https://github.com/gokceneraslan/imdb-shiny-app,1,0,0,219368,0,0,0,0,16,1,1,1,3,0,0,0,0,1206,0,0,0,0,0,66,0,0,21156,0,0,0,0,0,0,0,0,0,0,0,0,0,0,0,0,0,0,0,0,0,0,0,0,0,0,0,0,0,0,0,0,0,0,0,0,0,0,DATA
https://github.com/alexlag/ds-markup,2,0,0,1476,0,0,0,0,88,1,1,1,2,0,143,33324,0,0,2728,0,0,0,0,0,0,0,0,0,0,0,0,0,0,0,0,0,0,0,0,0,0,0,0,0,0,0,0,0,0,0,0,0,0,0,0,0,0,0,0,0,0,0,0,0,0,DATA
https://github.com/BinPro/CONCOCT-test-data,1,1,1,553679,0,0,0,0,13,4,1,1,0,0,206,0,0,0,0,0,0,0,0,0,0,0,0,0,0,0,0,0,0,0,0,0,0,0,0,0,0,0,0,0,0,0,0,0,0,0,0,0,0,0,0,0,0,0,0,0,0,0,0,0,0,DATA
https://github.com/abhinavp13/Opengl-Ubuntu,1,0,0,6372,0,0,0,0,2,1,1,1,3,0,90,0,0,0,0,0,0,81933,20647,0,0,0,0,0,0,0,0,0,0,0,0,0,0,0,0,0,0,0,0,0,0,0,0,0,0,0,0,0,0,0,0,0,0,0,0,0,0,0,0,0,0,DATA
https://github.com/l3303/Com.Ken.Net.Stack,1,0,0,104,0,0,0,0,1,1,1,1,1,0,0,0,0,0,0,0,0,0,0,0,11967,0,0,0,0,0,0,0,0,0,0,0,0,0,0,0,0,0,0,0,0,0,0,0,0,0,0,0,0,0,0,0,0,0,0,0,0,0,0,0,0,DATA
https://github.com/lupanh/PhenominerSSL,1,0,0,82460,1,0,1,0,1,1,1,1,1,0,89,0,88286,0,0,0,0,0,0,0,0,0,0,0,0,0,0,0,0,0,0,0,0,0,0,0,0,0,0,0,0,0,0,0,0,0,0,0,0,0,0,0,0,0,0,0,0,0,0,0,0,DATA
https://github.com/bhaibeka/METANET,1,0,0,120,0,0,0,0,2,1,1,1,1,0,58,0,0,0,0,0,0,0,0,0,0,0,31352,0,0,0,0,0,0,0,0,0,0,0,0,0,0,0,0,0,0,0,0,0,0,0,0,0,0,0,0,0,0,0,0,0,0,0,0,0,0,DATA
https://github.com/ecir2014/corporate_sentiment,1,0,0,108,0,0,0,0,1,1,1,1,0,0,81,0,0,0,0,0,0,0,0,0,0,0,0,0,0,0,0,0,0,0,0,0,0,0,0,0,0,0,0,0,0,0,0,0,0,0,0,0,0,0,0,0,0,0,0,0,0,0,0,0,0,DATA
https://github.com/jamougha/onsstat,3,0,0,572,0,0,0,0,53,1,1,1,4,1,2374,11583,0,16336,1681,0,0,0,0,167,0,0,0,0,0,0,0,0,0,0,0,0,0,0,0,0,0,0,0,0,0,0,0,0,0,0,0,0,0,0,0,0,0,0,0,0,0,0,0,0,0,DATA
