https://github.com/mojombo/mojombo.github.io,1,680,10,471,731,0,731,0,98,2,1,1,3,0,953,0,0,0,6709,0,3550,0,0,0,0,0,0,0,0,0,0,0,0,0,0,0,0,0,0,0,0,0,0,0,0,0,0,0,0,0,0,0,0,0,0,0,0,0,0,0,0,0,0,0,0,WEB
https://github.com/atmos/atmos.github.io,3,52,0,840,29,0,29,0,170,2,1,1,2,1,539,0,0,0,0,0,1588,0,0,0,0,0,0,0,0,0,0,0,0,0,0,0,0,0,0,0,0,0,0,0,0,0,0,0,0,0,0,0,0,0,0,0,0,0,0,0,0,0,0,0,0,WEB
https://github.com/jasonrudolph/jasonrudolph.github.io,1,18,0,84329,25,0,25,0,198,1,1,1,6,0,1087,2002,0,0,8289,0,3288,0,0,108,0,0,0,0,0,0,0,0,0,0,0,0,0,0,0,0,0,5406,0,0,0,0,0,0,0,0,0,0,0,0,0,0,0,0,0,0,0,0,0,0,0,WEB
https://github.com/jqr/jqr.github.io,1,16,0,282,25,0,25,0,73,1,0,1,3,0,0,10715,0,0,8015,0,0,0,0,0,0,0,0,0,0,0,0,0,0,0,0,0,0,0,0,0,0,0,0,0,0,0,0,0,0,0,0,0,0,0,0,0,0,0,0,0,0,0,0,0,0,WEB
https://github.com/al3x/al3x.github.io,1,6,0,2578,46,0,46,0,244,1,1,1,2,0,1081,0,0,0,1230,0,0,0,0,0,0,0,0,0,0,0,0,0,0,0,0,0,0,0,0,0,0,0,0,0,0,0,0,0,0,0,0,0,0,0,0,0,0,0,0,0,0,0,0,0,0,WEB
https://github.com/wulfovitch/wulfovitch.github.io,2,7,0,870,6,0,6,0,10,1,1,1,1,0,878,0,0,0,0,0,372,0,0,0,0,0,0,0,0,0,0,0,0,0,0,0,0,0,0,0,0,0,0,0,0,0,0,0,0,0,0,0,0,0,0,0,0,0,0,0,0,0,0,0,0,WEB
https://github.com/chad/chad.github.io,3,7,0,50020,5,0,5,0,11,1,1,1,4,0,0,0,0,0,11224,0,600,0,0,151,0,0,0,0,0,0,0,0,0,0,0,0,0,0,0,0,0,0,0,0,0,0,0,0,0,0,0,0,0,0,0,0,0,0,0,0,0,0,0,0,0,WEB
https://github.com/olesenm/olesenm.github.io,1,7,0,3953,5,0,5,0,0,0,0,1,1,0,0,0,0,0,8201,0,0,0,0,0,0,0,0,0,0,0,0,0,0,0,0,0,0,0,0,0,0,0,0,0,0,0,0,0,0,0,0,0,0,0,0,0,0,0,0,0,0,0,0,0,0,WEB
https://github.com/ascarter/ascarter.github.io,2,5,0,320,5,0,5,0,41,1,1,1,3,0,878,0,0,0,30496,0,10815,0,0,0,0,0,0,0,0,0,0,0,0,0,0,0,0,0,0,0,0,0,0,0,0,0,0,0,0,0,0,0,0,0,0,0,0,0,0,0,0,0,0,0,0,WEB
https://github.com/jodosha/jodosha.github.io,5,4,1,12031,5,0,5,0,1,1,1,1,1,0,0,0,0,0,0,0,0,0,0,0,0,0,0,0,0,0,0,0,0,0,0,0,0,0,0,0,0,0,0,0,0,0,0,0,0,0,0,0,0,0,0,0,0,0,0,0,0,0,0,0,0,WEB
https://github.com/mmcgrana/mmcgrana.github.io,2,3,1,650,6,0,6,0,90,2,1,1,1,0,355,0,0,0,7206,0,0,0,0,0,0,0,0,0,0,0,0,0,0,0,0,0,0,0,0,0,0,0,0,0,0,0,0,0,0,0,0,0,0,0,0,0,0,0,0,0,0,0,0,0,0,WEB
https://github.com/koraktor/koraktor.github.io,1,3,0,179,5,0,5,0,35,1,0,1,1,0,0,0,0,0,1981,0,0,0,0,0,0,0,0,0,0,0,0,0,0,0,0,0,0,0,0,0,0,0,0,0,0,0,0,0,0,0,0,0,0,0,0,0,0,0,0,0,0,0,0,0,0,WEB
https://github.com/martinisoft/martinisoft.github.io,2,1,0,1323,6,0,6,0,188,1,0,1,5,0,581,0,0,0,29735,0,5621,0,0,1191,0,0,0,0,0,0,1616,0,0,0,0,0,0,0,0,0,0,0,0,0,0,0,0,0,0,0,0,0,0,0,0,0,0,0,0,0,0,0,0,0,0,WEB
https://github.com/esminc/esminc.github.io,2,2,0,95005,5,0,5,0,1,1,1,0,1,0,0,0,0,0,0,0,0,0,0,0,0,0,0,0,0,0,0,0,0,0,0,0,0,0,0,0,0,0,0,0,0,0,0,0,0,0,0,0,0,0,0,0,0,0,0,0,0,0,0,0,0,WEB
https://github.com/mattn/mattn.github.io,1,1,0,304,4,0,4,0,152,19,1,1,2,0,0,0,0,0,6157,0,0,0,0,0,0,0,0,0,0,0,0,0,0,0,0,0,0,0,0,0,0,0,0,0,0,0,0,0,0,0,0,0,0,0,0,0,0,0,0,0,0,0,0,0,0,WEB
https://github.com/yusukebe/yusukebe.github.io,1,2,0,53555,2,0,2,0,72,1,1,0,3,0,0,112321,0,0,124315,0,0,0,0,0,0,0,0,0,0,0,0,0,0,0,0,0,0,0,0,0,0,0,0,0,0,0,0,0,0,0,0,0,0,0,0,0,0,0,0,0,0,0,0,0,0,WEB
https://github.com/rstacruz/rstacruz.github.io,3,1,0,1172,8,0,8,0,207,1,1,1,5,0,508,710,0,0,18314,0,2793,0,0,0,0,0,0,0,0,0,0,0,0,0,0,0,0,0,0,0,0,0,0,0,0,0,0,0,0,0,0,0,0,0,0,0,0,0,0,0,0,0,0,0,0,WEB
https://github.com/RichGuk/27smiles,1,1,0,795,5,0,5,0,69,1,1,1,2,0,86,0,0,0,35577,0,11293,0,0,0,0,0,0,0,0,0,0,0,0,0,0,0,0,0,0,0,0,0,0,0,0,0,0,0,0,0,0,0,0,0,0,0,0,0,0,0,0,0,0,0,0,WEB
https://github.com/al3xandr3/al3xandr3.github.io,1,2,0,10393,4,0,4,0,864,1,1,1,5,0,822,2808,0,0,3032,0,3649,0,0,0,0,0,0,0,0,0,0,0,0,0,0,0,0,0,0,0,0,0,0,0,0,0,0,0,0,0,0,0,0,0,0,0,0,0,0,0,0,0,0,0,0,WEB
https://github.com/the-foundation/the-foundation.github.io,1,1,0,32355,5,0,5,0,192,3,1,1,5,0,2281,0,0,0,8079,0,49,0,0,928,0,0,0,0,0,0,0,0,0,0,0,0,0,0,0,0,0,0,0,0,0,0,0,0,0,0,0,0,0,0,0,0,0,0,0,0,0,0,0,0,0,WEB
https://github.com/dave1010/dave1010.github.io,1,2,0,594,1,0,1,0,45,3,1,1,4,0,107,5773,0,0,51658,0,4483,0,0,0,0,0,0,0,0,0,0,0,0,0,0,0,0,0,0,0,0,0,0,0,0,0,0,0,0,0,0,0,0,0,0,0,0,0,0,0,0,0,0,0,0,WEB
https://github.com/dougaitken/dougaitken.github.io,1,2,1,152,0,0,0,0,124,1,1,1,2,0,519,0,0,0,2531,0,0,0,0,0,0,0,0,0,0,0,0,0,0,0,0,0,0,0,0,0,0,0,0,0,0,0,0,0,0,0,0,0,0,0,0,0,0,0,0,0,0,0,0,0,0,WEB
https://github.com/whatcould/commitify,1,0,0,104,6,0,6,0,10,1,1,1,1,0,0,0,0,6022,0,0,0,0,0,0,0,0,0,0,0,0,0,0,0,0,0,0,0,0,0,0,0,0,0,0,0,0,0,0,0,0,0,0,0,0,0,0,0,0,0,0,0,0,0,0,0,WEB
https://github.com/chrislloyd/chrislloyd.github.io,2,1,1,3515,4,0,4,1,181,1,1,0,1,0,0,0,0,0,0,0,0,0,0,0,0,0,0,0,0,0,0,0,0,0,0,0,0,0,0,0,0,0,0,0,0,0,0,0,0,0,0,0,0,0,0,0,0,0,0,0,0,0,0,0,0,WEB
https://github.com/foca/foca.github.io,1,0,0,37,4,0,4,0,14,1,1,1,2,0,0,0,0,0,3620,0,0,0,0,0,0,0,0,0,0,0,0,0,0,0,0,0,0,0,0,0,0,0,0,0,0,0,0,0,0,0,0,0,0,0,0,0,0,0,0,0,0,0,0,0,0,WEB
https://github.com/kevwil/kevwil.github.io,1,1,0,156,3,0,3,0,29,1,1,1,2,0,93,0,0,0,298,0,0,0,0,0,0,0,0,0,0,0,0,0,0,0,0,0,0,0,0,0,0,0,0,0,0,0,0,0,0,0,0,0,0,0,0,0,0,0,0,0,0,0,0,0,0,WEB
https://github.com/phillc/phillc.github.io,6,0,0,2588,3,0,3,0,936,115,1,1,4,0,3248,56567,0,0,108098,0,57209,0,0,0,0,0,0,0,0,0,0,0,0,0,0,0,0,0,0,0,0,0,0,0,0,0,0,0,0,0,0,0,0,0,0,0,0,0,0,0,0,0,0,0,0,WEB
https://github.com/fdb/fdb.github.io,1,0,0,73550,3,0,3,0,175,1,1,1,7,0,1073,96319,0,10085,141872,0,956,0,0,131,0,0,0,0,0,0,2632,0,0,0,0,0,0,0,0,0,0,0,0,0,0,0,0,0,0,0,0,0,0,0,0,0,0,0,0,0,0,0,0,0,0,WEB
https://github.com/Overbryd/overbryd.github.io,1,0,0,7477,3,0,3,0,53,1,1,1,4,0,0,1442,0,0,22591,0,459,0,0,0,0,0,0,0,0,0,0,0,0,0,0,0,0,0,0,0,0,0,0,0,0,0,0,0,0,0,0,0,0,0,0,0,0,0,0,0,0,0,0,0,0,WEB
https://github.com/jicknan/jicknan.github.io,1,0,0,768,3,0,3,0,6,1,1,1,2,0,0,64805,0,0,32478,0,0,0,0,0,0,0,0,0,0,0,0,0,0,0,0,0,0,0,0,0,0,0,0,0,0,0,0,0,0,0,0,0,0,0,0,0,0,0,0,0,0,0,0,0,0,WEB
https://github.com/mwunsch/mwunsch.github.io,1,1,0,913,3,0,3,0,247,2,1,1,3,0,202,0,0,0,6294,0,12654,0,0,0,0,0,0,0,0,0,0,0,0,0,0,0,0,0,0,0,0,0,0,0,0,0,0,0,0,0,0,0,0,0,0,0,0,0,0,0,0,0,0,0,0,WEB
https://github.com/jeduan/jeduan.github.io,1,1,0,1221,3,0,3,0,59,1,1,1,4,0,208,2065,0,0,8451,0,971,0,0,0,0,0,0,0,0,0,0,0,0,0,0,0,0,0,0,0,0,0,0,0,0,0,0,0,0,0,0,0,0,0,0,0,0,0,0,0,0,0,0,0,0,WEB
https://github.com/roberto/roberto.github.io,2,0,0,7920,3,0,3,0,2,1,1,1,2,1,112,0,0,0,34914,0,0,0,0,0,0,0,0,0,0,0,0,0,0,0,0,0,0,0,0,0,0,0,0,0,0,0,0,0,0,0,0,0,0,0,0,0,0,0,0,0,0,0,0,0,0,WEB
https://github.com/marklogic/marklogic.github.io,1,1,1,104,3,0,3,0,9,1,1,1,0,0,133,0,0,0,0,0,0,0,0,0,0,0,0,0,0,0,0,0,0,0,0,0,0,0,0,0,0,0,0,0,0,0,0,0,0,0,0,0,0,0,0,0,0,0,0,0,0,0,0,0,0,WEB
https://github.com/anthonylewis/anthonylewis.github.io,1,0,0,140,3,0,3,0,5,2,1,1,0,0,69,0,0,0,0,0,0,0,0,0,0,0,0,0,0,0,0,0,0,0,0,0,0,0,0,0,0,0,0,0,0,0,0,0,0,0,0,0,0,0,0,0,0,0,0,0,0,0,0,0,0,WEB
https://github.com/drewfranklin/drewfranklin.github.io,1,0,0,164,3,0,3,0,68,1,1,1,2,0,0,0,0,0,13950,0,0,0,0,0,0,0,0,0,0,0,0,0,0,0,0,0,0,0,0,0,0,0,0,0,0,0,0,0,0,0,0,0,0,0,0,0,0,0,0,0,0,0,0,0,0,WEB
https://github.com/kentbrew/kentbrew.github.io,1,0,0,596,3,0,3,0,185,40,1,1,2,0,57,545,0,0,1643,0,0,0,0,0,0,0,0,0,0,0,0,0,0,0,0,0,0,0,0,0,0,0,0,0,0,0,0,0,0,0,0,0,0,0,0,0,0,0,0,0,0,0,0,0,0,WEB
https://github.com/kubicek/kubicek.github.io,3,0,0,2835,3,0,3,0,9,1,1,1,3,0,0,0,0,0,8810,0,1207,0,0,0,0,0,0,0,0,0,0,0,0,0,0,0,0,0,0,0,0,0,0,0,0,0,0,0,0,0,0,0,0,0,0,0,0,0,0,0,0,0,0,0,0,WEB
https://github.com/davidwparker/davidwparker.github.io,1,0,0,9512,3,0,3,0,154,1,1,1,6,0,0,711078,0,0,11683,0,1530,0,0,0,0,0,0,0,0,0,0,0,0,0,0,0,0,0,0,0,0,0,0,0,0,0,0,35050,0,0,0,0,0,0,0,0,0,0,0,0,0,0,0,0,0,WEB
https://github.com/ykzts/ykzts.github.io,1,0,0,128,0,0,0,0,26,1,0,1,0,0,19,0,0,0,0,0,0,0,0,0,0,0,0,0,0,0,0,0,0,0,0,0,0,0,0,0,0,0,0,0,0,0,0,0,0,0,0,0,0,0,0,0,0,0,0,0,0,0,0,0,0,WEB
https://github.com/rchk/rchk.github.io,2,0,0,608,1,0,1,0,12,1,1,1,2,0,24,16017,0,0,24471,0,0,0,0,0,0,0,0,0,0,0,0,0,0,0,0,0,0,0,0,0,0,0,0,0,0,0,0,0,0,0,0,0,0,0,0,0,0,0,0,0,0,0,0,0,0,WEB
https://github.com/maximos/maximus-web,5,1,22,5816,16,0,16,0,888,1,1,1,8,1,1060,1065,0,0,15842,0,0,0,0,1217,0,0,0,0,0,298889,4347,0,0,0,0,0,0,0,0,0,0,0,5380,0,0,0,0,0,56,0,0,0,0,0,0,0,0,0,0,0,0,0,0,0,0,WEB
https://github.com/olleolleolle/olleolleolle.github.io,1,0,0,140,2,0,2,0,6,1,1,1,2,0,71,503,0,0,10701,0,0,0,0,0,0,0,0,0,0,0,0,0,0,0,0,0,0,0,0,0,0,0,0,0,0,0,0,0,0,0,0,0,0,0,0,0,0,0,0,0,0,0,0,0,0,WEB
https://github.com/jbalogh/jbalogh.github.io,1,0,0,332,2,0,2,0,8,2,1,1,3,0,0,0,0,0,5983,0,0,0,0,61,0,0,0,0,0,0,0,0,0,0,0,0,0,0,0,0,0,0,0,0,0,0,0,0,0,0,0,0,0,0,0,0,0,0,0,0,0,0,0,0,0,WEB
https://github.com/hakobe/hakobe.github.io,2,0,1,192,2,0,2,0,4,1,1,0,2,0,0,0,0,0,6895,0,0,0,0,0,0,0,0,0,0,0,0,0,0,0,0,0,0,0,0,0,0,0,0,0,0,0,0,0,0,0,0,0,0,0,0,0,0,0,0,0,0,0,0,0,0,WEB
https://github.com/soveran/soveran.github.io,1,0,0,108,2,0,2,0,6,1,1,0,0,0,77,0,0,0,0,0,0,0,0,0,0,0,0,0,0,0,0,0,0,0,0,0,0,0,0,0,0,0,0,0,0,0,0,0,0,0,0,0,0,0,0,0,0,0,0,0,0,0,0,0,0,WEB
https://github.com/douglasjarquin/douglasjarquin.github.io,2,0,2,308,2,0,2,0,8,1,1,1,1,0,0,0,0,0,11224,0,0,0,0,0,0,0,0,0,0,0,0,0,0,0,0,0,0,0,0,0,0,0,0,0,0,0,0,0,0,0,0,0,0,0,0,0,0,0,0,0,0,0,0,0,0,WEB
https://github.com/nov/nov.github.io,2,0,0,220,2,0,2,0,4,1,1,1,1,0,0,3127,0,0,0,0,0,0,0,0,0,0,0,0,0,0,0,0,0,0,0,0,0,0,0,0,0,0,0,0,0,0,0,0,0,0,0,0,0,0,0,0,0,0,0,0,0,0,0,0,0,WEB
https://github.com/hpoydar/hpoydar.github.io,3,0,0,1112,2,0,2,0,68,1,1,1,5,0,215,289,0,0,20593,0,543,0,0,0,0,0,0,0,0,0,3507,0,0,0,0,0,0,0,0,0,0,0,0,0,0,0,0,5514,0,0,0,0,0,0,0,0,0,0,0,0,0,0,0,0,0,WEB
https://github.com/yhara/yhara.github.io,1,0,0,308,2,0,2,0,0,0,1,1,1,0,0,139334,0,0,0,0,0,0,0,0,0,0,0,0,0,0,0,0,0,0,0,0,0,0,0,0,0,0,0,0,0,0,0,0,0,0,0,0,0,0,0,0,0,0,0,0,0,0,0,0,0,WEB
https://github.com/hsbt/hsbt.github.io,1,0,0,314472,2,0,2,0,50,1,1,1,1,0,32,0,0,0,0,0,0,0,0,0,0,0,0,0,0,0,0,0,0,0,0,0,0,0,0,0,0,0,0,0,0,0,0,0,0,0,0,0,0,0,0,0,0,0,0,0,0,0,0,0,0,WEB
https://github.com/JonGretar/JonGretar.github.io,1,0,0,832,2,0,2,0,14,1,1,1,2,0,74,2804,0,0,800,0,0,0,0,0,0,0,0,0,0,0,0,0,0,0,0,0,0,0,0,0,0,0,0,0,0,0,0,0,0,0,0,0,0,0,0,0,0,0,0,0,0,0,0,0,0,WEB
https://github.com/jbouse/jbouse.github.io,1,0,0,156,2,0,2,0,3,1,1,1,2,0,0,48,0,0,11920,0,0,0,0,0,0,0,0,0,0,0,0,0,0,0,0,0,0,0,0,0,0,0,0,0,0,0,0,0,0,0,0,0,0,0,0,0,0,0,0,0,0,0,0,0,0,WEB
https://github.com/erisdev/erisdev.github.io,7,0,0,3220,2,0,2,0,0,0,0,1,3,1,158,1347,0,0,4918,0,0,0,0,0,0,0,0,0,0,0,0,0,0,0,0,0,0,0,0,0,0,0,0,0,0,0,0,0,0,0,0,0,0,0,0,0,0,0,0,0,0,0,0,0,0,WEB
https://github.com/kseistrup/kseistrup.github.io,2,0,0,4036,2,0,2,0,19,1,1,1,2,0,84,0,0,0,6632,0,0,0,0,0,0,0,0,0,0,0,0,0,0,0,0,0,0,0,0,0,0,0,0,0,0,0,0,0,0,0,0,0,0,0,0,0,0,0,0,0,0,0,0,0,0,WEB
https://github.com/cosmin/cosmin.github.io,1,1,1,21087,2,0,2,0,125,3,1,1,2,0,0,0,0,0,8595,0,0,0,0,10144,0,0,0,0,0,0,0,0,0,0,0,0,0,0,0,0,0,0,0,0,0,0,0,0,0,0,0,0,0,0,0,0,0,0,0,0,0,0,0,0,0,WEB
https://github.com/amaia/amaia.github.io,0,0,0,48,2,0,2,0,0,0,1,0,0,0,0,0,0,0,0,0,0,0,0,0,0,0,0,0,0,0,0,0,0,0,0,0,0,0,0,0,0,0,0,0,0,0,0,0,0,0,0,0,0,0,0,0,0,0,0,0,0,0,0,0,0,WEB
https://github.com/artisonian/artisonian.github.io,1,0,0,160,2,0,2,0,5,1,1,1,2,0,67,536,0,0,7722,0,0,0,0,0,0,0,0,0,0,0,0,0,0,0,0,0,0,0,0,0,0,0,0,0,0,0,0,0,0,0,0,0,0,0,0,0,0,0,0,0,0,0,0,0,0,WEB
https://github.com/mfilej/mfilej.github.io,1,0,0,3610,2,0,2,0,31,1,1,0,3,0,0,0,0,0,34955,0,3659,0,0,0,0,0,0,0,0,0,0,0,0,0,0,0,0,0,0,0,0,0,0,0,0,0,0,0,0,0,0,0,0,0,0,0,0,0,0,0,0,0,0,0,0,WEB
https://github.com/evocateur/evocateur.github.io,1,0,0,128,2,0,2,0,2,1,1,1,2,0,65,0,0,0,6318,0,49,0,0,0,0,0,0,0,0,0,0,0,0,0,0,0,0,0,0,0,0,0,0,0,0,0,0,0,0,0,0,0,0,0,0,0,0,0,0,0,0,0,0,0,0,WEB
https://github.com/mootoh/mootoh.github.io,2,0,0,136,2,0,2,0,6,1,1,1,1,0,9,0,0,0,71,0,0,0,0,0,0,0,0,0,0,0,0,0,0,0,0,0,0,0,0,0,0,0,0,0,0,0,0,0,0,0,0,0,0,0,0,0,0,0,0,0,0,0,0,0,0,WEB
https://github.com/radu/radu.github.io,1,0,0,1,2,0,2,0,2,1,1,0,1,0,0,0,0,0,0,0,0,0,0,0,0,0,0,0,0,0,0,0,0,0,0,0,0,0,0,0,0,0,0,0,0,0,0,0,0,0,0,0,0,0,0,0,0,0,0,0,0,0,0,0,0,WEB
https://github.com/akollegger/akollegger.github.io,1,0,0,1268,2,0,2,0,609,55,1,1,2,0,370,0,0,0,1342,0,11642,0,0,0,0,0,0,0,0,0,0,0,0,0,0,0,0,0,0,0,0,0,0,0,0,0,0,0,0,0,0,0,0,0,0,0,0,0,0,0,0,0,0,0,0,WEB
https://github.com/sander/sander.github.io,1,0,0,936,2,0,2,0,5,1,1,1,1,0,0,165272,0,0,0,0,0,0,0,0,0,0,0,0,0,0,0,0,0,0,0,0,0,0,0,0,0,0,0,0,0,0,0,0,0,0,0,0,0,0,0,0,0,0,0,0,0,0,0,0,0,WEB
https://github.com/beppu/beppu.github.io,1,0,0,1776,2,0,2,0,12,1,1,1,4,0,0,16529,0,0,76530,0,0,0,0,0,0,0,0,0,0,0,0,0,0,0,0,0,0,0,0,0,0,0,0,0,0,0,0,0,0,0,0,0,0,0,0,0,0,0,0,0,0,0,0,0,0,WEB
https://github.com/kotp/kotp.github.io,1,0,0,19,2,0,2,0,14,1,1,1,1,0,11,0,0,0,0,0,0,0,0,0,0,0,0,0,0,0,0,0,0,0,0,0,0,0,0,0,0,0,0,0,0,0,0,0,0,0,0,0,0,0,0,0,0,0,0,0,0,0,0,0,0,WEB
https://github.com/aadl/aadl.github.io,1,0,1,4,2,0,2,0,7,1,1,1,2,0,142,0,0,0,387,0,0,0,0,0,0,0,0,0,0,0,0,0,0,0,0,0,0,0,0,0,0,0,0,0,0,0,0,0,0,0,0,0,0,0,0,0,0,0,0,0,0,0,0,0,0,WEB
https://github.com/qbit/qbit.github.io,1,0,0,416,2,0,2,0,17,1,1,1,2,0,0,6640,0,0,3522,0,0,0,0,0,0,0,0,0,0,0,0,0,0,0,0,0,0,0,0,0,0,0,0,0,0,0,0,0,0,0,0,0,0,0,0,0,0,0,0,0,0,0,0,0,0,WEB
https://github.com/claudinec/claudinec.github.io,3,1,4,2290,2,0,2,0,185,1,1,1,4,1,4549,584,0,0,46476,0,1890,0,0,0,0,0,0,0,0,0,0,0,0,0,0,0,0,0,0,0,0,0,0,0,0,0,0,0,0,0,0,0,0,0,0,0,0,0,0,0,0,0,0,0,0,WEB
https://github.com/blech/blech.github.io,1,1,0,112,2,0,2,0,7,2,1,1,1,0,0,0,0,0,4048,0,0,0,0,0,0,0,0,0,0,0,0,0,0,0,0,0,0,0,0,0,0,0,0,0,0,0,0,0,0,0,0,0,0,0,0,0,0,0,0,0,0,0,0,0,0,WEB
https://github.com/tuxsoul/tuxsoul.github.io,2,1,0,1565,2,0,2,0,27,3,0,1,4,1,1033,1280,0,0,36181,0,3154,0,0,0,0,0,0,0,0,0,0,0,0,0,0,0,0,0,0,0,0,0,0,0,0,0,0,0,0,0,0,0,0,0,0,0,0,0,0,0,0,0,0,0,0,WEB
https://github.com/VxJasonxV/vxjasonxv.github.io,1,0,0,304,2,0,2,0,12,1,1,1,0,0,157,0,0,0,0,0,0,0,0,0,0,0,0,0,0,0,0,0,0,0,0,0,0,0,0,0,0,0,0,0,0,0,0,0,0,0,0,0,0,0,0,0,0,0,0,0,0,0,0,0,0,WEB
https://github.com/sewpafly/sewpafly.github.io,1,0,0,76,2,0,2,0,2,1,1,1,0,0,0,0,0,0,0,0,0,0,0,0,0,0,0,0,0,0,0,0,0,0,0,0,0,0,0,0,0,0,0,0,0,0,0,0,0,0,0,0,0,0,0,0,0,0,0,0,0,0,0,0,0,WEB
https://github.com/jenaiz/jenaiz.github.io,1,0,0,2173,2,0,2,0,51,1,1,1,2,0,0,0,0,0,49815,0,0,0,0,0,0,0,0,0,0,0,0,0,0,0,0,0,0,0,0,0,0,0,0,0,0,0,0,0,0,0,0,0,0,0,0,0,0,0,0,0,0,0,0,0,0,WEB
https://github.com/duckpuppy/duckpuppy.github.io,1,0,0,572,2,0,2,0,18,1,1,1,3,0,0,16017,0,0,23041,0,0,0,0,0,0,0,0,0,0,0,0,0,0,0,0,0,0,0,0,0,0,0,0,0,0,0,0,0,0,0,0,0,0,0,0,0,0,0,0,0,0,0,0,0,0,WEB
https://github.com/danlentz/danlentz.github.io,1,0,0,484,2,0,2,0,172,40,1,0,3,0,1651,1807,0,0,16476,0,11760,0,0,0,0,0,0,0,0,0,0,0,0,0,0,0,0,0,0,0,0,0,0,0,0,0,0,0,0,0,0,0,0,0,0,0,0,0,0,0,0,0,0,0,0,WEB
https://github.com/JNRowe/jnrowe.github.io,2,0,0,3966,2,0,2,0,527,1,1,1,2,1,680,0,0,2264,0,0,0,0,0,0,0,0,0,0,0,0,0,0,0,0,0,0,0,0,0,0,0,0,0,0,0,0,0,0,0,0,0,0,0,0,0,0,0,0,0,0,0,0,0,0,0,WEB
https://github.com/kogakure/kogakure.github.io,1,0,0,80,2,0,2,0,0,0,1,1,0,0,0,0,0,0,0,0,0,0,0,0,0,0,0,0,0,0,0,0,0,0,0,0,0,0,0,0,0,0,0,0,0,0,0,0,0,0,0,0,0,0,0,0,0,0,0,0,0,0,0,0,0,WEB
https://github.com/cmaggard/cmaggard.github.io,1,0,0,204,2,0,2,0,19,1,1,1,2,0,0,0,0,0,17056,0,395,0,0,0,0,0,0,0,0,0,0,0,0,0,0,0,0,0,0,0,0,0,0,0,0,0,0,0,0,0,0,0,0,0,0,0,0,0,0,0,0,0,0,0,0,WEB
https://github.com/fujin/fujin.github.io,2,0,0,1256,2,0,2,0,29,1,1,1,1,0,0,69105,0,0,0,0,0,0,0,0,0,0,0,0,0,0,0,0,0,0,0,0,0,0,0,0,0,0,0,0,0,0,0,0,0,0,0,0,0,0,0,0,0,0,0,0,0,0,0,0,0,WEB
https://github.com/marcoshack/marcoshack.github.io,1,0,0,1888,2,0,2,0,85,1,1,1,4,0,45,61,0,0,592,0,897,0,0,1260,0,0,0,0,0,0,0,0,0,0,0,0,0,0,0,0,0,0,0,0,0,0,0,0,0,0,0,0,0,0,0,0,0,0,0,0,0,0,0,0,0,WEB
https://github.com/ELLIOTTCABLE/ELLIOTTCABLE.github.io,1,0,0,124,2,0,2,0,7,1,1,0,2,0,0,0,0,0,2029,0,0,0,0,0,0,0,0,0,0,0,0,0,0,0,0,0,0,0,0,0,0,0,0,0,0,0,0,0,0,0,0,0,0,0,0,0,0,0,0,0,0,0,0,0,0,WEB
https://github.com/charliek/charliek.github.io,1,0,0,164,2,0,2,0,2,2,0,1,1,0,0,0,0,0,9969,0,0,0,0,0,0,0,0,0,0,0,0,0,0,0,0,0,0,0,0,0,0,0,0,0,0,0,0,0,0,0,0,0,0,0,0,0,0,0,0,0,0,0,0,0,0,WEB
https://github.com/arnar/arnar.github.io,1,0,0,176,2,0,2,0,3,1,1,1,0,0,0,0,0,0,0,0,0,0,0,0,0,0,0,0,0,0,0,0,0,0,0,0,0,0,0,0,0,0,0,0,0,0,0,0,0,0,0,0,0,0,0,0,0,0,0,0,0,0,0,0,0,WEB
https://github.com/mworks/mworks.github.io,1,0,0,462,2,0,2,0,102,2,1,1,3,0,709,0,0,0,4436,0,73,0,0,0,0,0,0,0,0,0,0,0,0,0,0,0,0,0,0,0,0,0,0,0,0,0,0,0,0,0,0,0,0,0,0,0,0,0,0,0,0,0,0,0,0,WEB
https://github.com/anolson/anolson.github.io,1,0,0,7244,1,0,1,0,26,1,1,1,1,0,0,0,0,0,1070,0,0,0,0,0,0,0,0,0,0,0,0,0,0,0,0,0,0,0,0,0,0,0,0,0,0,0,0,0,0,0,0,0,0,0,0,0,0,0,0,0,0,0,0,0,0,WEB
https://github.com/Antaranian/Gitarion,1,0,0,110,3,0,3,0,4,1,1,1,1,0,539,0,0,0,0,0,0,0,0,0,0,0,0,0,0,0,0,0,0,0,0,0,0,0,0,0,0,0,0,0,0,0,0,0,0,0,0,0,0,0,0,0,0,0,0,0,0,0,0,0,0,WEB
https://github.com/Tomohiro/tomohiro.github.io,2,0,4,9277,0,0,0,0,81,1,1,1,4,0,1281,0,0,0,38100,0,1077,0,0,0,0,0,0,0,0,0,395,0,0,0,0,0,0,0,0,0,0,0,0,0,0,0,0,0,0,0,0,0,0,0,0,0,0,0,0,0,0,0,0,0,0,WEB
https://github.com/michaeltri/michaeltri.github.io,1,0,0,2797,1,0,1,0,105,1,1,0,3,0,3,424989,0,0,22729,0,0,0,0,0,0,0,0,0,0,0,0,0,0,0,0,0,0,0,0,0,0,0,0,0,0,0,0,0,0,0,0,0,0,0,0,0,0,0,0,0,0,0,0,0,0,WEB
https://github.com/mattfarina/mattfarina.github.io,2,0,0,128,1,0,1,0,6,1,0,0,0,0,0,0,0,0,0,0,0,0,0,0,0,0,0,0,0,0,0,0,0,0,0,0,0,0,0,0,0,0,0,0,0,0,0,0,0,0,0,0,0,0,0,0,0,0,0,0,0,0,0,0,0,WEB
https://github.com/zlu/zlu.github.io,2,0,0,89712,1,0,1,0,19,1,1,0,2,0,60,0,0,0,6939,0,716,0,0,0,0,0,0,0,0,0,0,0,0,0,0,0,0,0,0,0,0,0,0,0,0,0,0,0,0,0,0,0,0,0,0,0,0,0,0,0,0,0,0,0,0,WEB
https://github.com/Haegin/haegin.github.io,1,1,2,13083,1,0,1,0,70,2,1,1,4,0,0,5773,0,0,40541,0,0,0,0,0,0,0,0,0,0,0,0,0,0,0,0,0,0,0,0,0,0,0,0,0,0,0,0,0,0,0,0,0,0,0,0,0,0,0,0,0,0,0,0,0,0,WEB
https://github.com/deduce/deduce.github.io,1,0,0,488,1,0,1,0,7,1,1,0,3,0,0,48,0,0,21744,0,0,0,0,0,0,0,0,0,0,0,0,0,0,0,0,0,0,0,0,0,0,0,0,0,0,0,0,0,0,0,0,0,0,0,0,0,0,0,0,0,0,0,0,0,0,WEB
https://github.com/gfx/gfx.github.io,1,0,0,12668,1,0,1,0,29,1,1,0,4,0,0,639627,0,0,0,0,213,0,0,0,553,0,0,0,0,10574,0,0,0,0,0,0,0,0,0,0,0,0,0,0,0,0,0,0,0,0,0,0,0,0,0,0,0,0,0,0,0,0,0,0,0,WEB
https://github.com/luma/luma.github.io,2,0,0,28248,1,0,1,0,20,1,1,1,3,0,0,536,0,0,7165,0,0,0,0,0,0,0,0,0,0,0,0,0,0,0,0,0,0,0,0,0,0,0,0,0,0,0,0,0,0,0,0,0,0,0,0,0,0,0,0,0,0,0,0,0,0,WEB
https://github.com/localhost/localhost.github.io,1,0,0,152,1,0,1,0,4,1,1,0,0,0,0,0,0,0,0,0,0,0,0,0,0,0,0,0,0,0,0,0,0,0,0,0,0,0,0,0,0,0,0,0,0,0,0,0,0,0,0,0,0,0,0,0,0,0,0,0,0,0,0,0,0,WEB
https://github.com/levent/levent.github.io,6,0,0,3346,1,0,1,0,501,1,1,0,5,0,54,7675,0,0,14155,0,4279,0,0,105,0,0,0,0,0,0,0,0,0,0,0,0,0,0,0,0,0,0,0,0,0,0,0,0,0,0,0,0,0,0,0,0,0,0,0,0,0,0,0,0,0,WEB
https://github.com/jdennes/jdennes.github.io,1,0,0,943,1,0,1,0,103,1,1,1,4,1,47,0,0,0,1080,0,79,0,0,136,0,0,0,0,0,0,0,0,0,0,0,0,0,0,0,0,0,0,0,0,0,0,0,0,0,0,0,0,0,0,0,0,0,0,0,0,0,0,0,0,0,WEB
https://github.com/koush/koush.github.io,1,0,0,73,1,0,1,0,7,1,1,0,1,0,0,0,0,0,0,0,0,0,0,0,0,0,0,0,0,0,0,0,0,0,0,0,0,0,0,0,0,0,0,0,0,0,0,0,0,0,0,0,0,0,0,0,0,0,0,0,0,0,0,0,0,WEB
https://github.com/teamon/teamon.github.io,3,0,0,1240,0,0,0,0,20,1,1,1,4,0,0,5550,0,0,525,0,1888,0,0,0,0,0,0,0,0,0,0,0,0,0,0,0,0,0,0,0,0,0,0,0,0,0,0,0,0,0,0,0,0,0,0,0,0,0,0,0,0,0,0,0,0,WEB
https://github.com/riethmayer/riethmayer.github.io,4,0,0,368,1,0,1,0,6,1,0,1,2,0,0,0,0,0,6202,0,44,0,0,0,0,0,0,0,0,0,0,0,0,0,0,0,0,0,0,0,0,0,0,0,0,0,0,0,0,0,0,0,0,0,0,0,0,0,0,0,0,0,0,0,0,WEB
https://github.com/myers/myers.github.io,1,0,0,1848,1,0,1,0,17,1,1,0,2,0,0,0,0,22445,10301,0,0,0,0,0,0,0,0,0,0,0,0,0,0,0,0,0,0,0,0,0,0,0,0,0,0,0,0,0,0,0,0,0,0,0,0,0,0,0,0,0,0,0,0,0,0,WEB
https://github.com/bjjb/bjjb.github.io,2,0,0,425,1,0,1,0,34,2,1,1,3,0,109,0,0,0,12230,0,4332,0,0,0,0,0,0,0,0,0,0,0,0,0,0,0,0,0,0,0,0,0,0,0,0,0,0,0,0,0,0,0,0,0,0,0,0,0,0,0,0,0,0,0,0,WEB
https://github.com/ameer1234567890/ameer1234567890.github.io,1,0,0,13897,1,0,1,0,13,1,1,1,4,0,195,200141,0,0,35617,0,49,0,0,0,0,0,0,0,0,0,0,0,0,0,0,0,0,0,0,0,0,0,0,0,0,0,0,0,0,0,0,0,0,0,0,0,0,0,0,0,0,0,0,0,0,WEB
https://github.com/Floppy/floppy.github.io,2,0,0,13235,1,0,1,0,912,80,1,1,3,0,0,0,0,0,274385,0,5966,0,0,0,0,0,0,0,0,0,0,0,0,0,0,0,0,0,0,0,0,0,0,0,0,0,0,0,0,0,0,0,0,0,0,0,0,0,0,0,0,0,0,0,0,WEB
https://github.com/akmassey/akmassey.github.io,1,0,0,980,1,0,1,0,28,1,1,1,3,0,126,0,0,0,63210,0,333,0,0,0,0,0,0,0,0,0,0,0,0,0,0,0,0,0,0,0,0,0,0,0,0,0,0,0,0,0,0,0,0,0,0,0,0,0,0,0,0,0,0,0,0,WEB
https://github.com/jblanche/jblanche.github.io,5,0,0,27034,1,0,1,0,7,1,1,1,3,0,0,271,0,0,0,0,4186,0,0,0,0,0,0,0,0,0,0,0,0,0,0,0,0,0,0,0,0,0,0,0,0,0,0,0,0,0,0,0,0,0,0,0,0,0,0,0,0,0,0,0,0,WEB
https://github.com/MitMaro/mitmaro.github.io,2,0,0,367,1,0,1,0,8,1,1,1,3,0,0,33560,0,0,12761,0,0,0,0,0,0,0,0,0,0,0,0,0,0,0,0,0,0,0,0,0,0,0,0,0,0,0,0,0,0,0,0,0,0,0,0,0,0,0,0,0,0,0,0,0,0,WEB
https://github.com/dowglaz/dowglaz.github.io,1,0,0,116,0,0,0,0,9,1,1,1,2,0,3,0,0,0,33,0,0,0,0,0,0,0,0,0,0,0,0,0,0,0,0,0,0,0,0,0,0,0,0,0,0,0,0,0,0,0,0,0,0,0,0,0,0,0,0,0,0,0,0,0,0,WEB
https://github.com/livingston/livingston.github.io,1,0,0,100,0,0,0,0,4,1,1,1,0,0,0,0,0,0,0,0,0,0,0,0,0,0,0,0,0,0,0,0,0,0,0,0,0,0,0,0,0,0,0,0,0,0,0,0,0,0,0,0,0,0,0,0,0,0,0,0,0,0,0,0,0,WEB
https://github.com/dejanr/dejanr.github.io,1,0,0,1728,0,0,0,0,22,1,1,1,3,0,0,1248,0,0,600490,0,0,0,0,0,0,0,0,0,0,0,0,0,0,0,0,0,0,0,0,0,0,0,0,0,0,0,0,0,0,0,0,0,0,0,0,0,0,0,0,0,0,0,0,0,0,WEB
https://github.com/rok/rok.github.io,1,0,0,824,1,0,1,0,115,1,1,1,3,1,20,1481,0,0,70854,0,0,0,0,0,0,0,0,0,0,0,0,0,0,0,0,0,0,0,0,0,0,0,0,0,0,0,0,0,0,0,0,0,0,0,0,0,0,0,0,0,0,0,0,0,0,WEB
https://github.com/teknikqa/teknikqa.github.io,1,0,0,140,1,0,1,0,3,1,1,1,1,0,27,0,0,0,0,0,0,0,0,0,0,0,0,0,0,0,0,0,0,0,0,0,0,0,0,0,0,0,0,0,0,0,0,0,0,0,0,0,0,0,0,0,0,0,0,0,0,0,0,0,0,WEB
https://github.com/kentfredric/kentfredric.github.io,2,0,0,410,1,0,1,0,49,1,0,1,4,0,0,0,0,0,4301,0,0,0,420,0,0,0,0,0,0,1796,0,0,0,0,0,0,0,0,0,0,0,0,0,0,0,0,0,0,0,0,0,0,0,0,0,0,0,0,0,0,0,0,0,0,0,WEB
https://github.com/mapmarkus/mapmarkus.github.io,1,1,0,5340,1,0,1,0,35,1,1,1,2,0,0,0,0,0,801,0,0,0,0,0,0,0,0,0,0,0,0,0,0,0,0,0,0,0,0,0,0,0,0,0,0,0,0,0,0,0,0,0,0,0,0,0,0,0,0,0,0,0,0,0,0,WEB
https://github.com/gmacario/gmacario.github.io,2,0,14,24964,1,0,1,0,281,1,1,1,4,0,397,48,0,0,24861,0,293,0,0,0,0,0,0,0,0,0,0,0,0,0,0,0,0,0,0,0,0,0,0,0,0,0,0,0,0,0,0,0,0,0,0,0,0,0,0,0,0,0,0,0,0,WEB
https://github.com/dsci/dsci.github.io,1,0,0,92052,1,0,1,0,27,1,1,1,4,0,0,28266,0,0,0,0,89938,0,681,0,0,0,0,0,0,0,458,0,0,0,0,0,0,0,0,0,0,0,0,0,0,0,0,0,0,0,0,0,0,0,0,0,0,0,0,0,0,0,0,0,0,WEB
https://github.com/kogent/kogent.github.io,1,0,0,0,1,0,1,0,3,1,1,1,1,0,0,0,0,0,0,0,0,0,0,0,0,0,0,0,0,0,0,0,0,0,0,0,0,0,0,0,0,0,0,0,0,0,0,0,0,0,0,0,0,0,0,0,0,0,0,0,0,0,0,0,0,WEB
https://github.com/rgabo/rgabo.github.io,1,0,0,136,1,0,1,0,15,1,1,0,3,0,0,0,0,0,6787,0,1255,0,0,0,0,0,0,0,0,0,0,0,0,0,0,0,0,0,0,0,0,0,0,0,0,0,0,0,0,0,0,0,0,0,0,0,0,0,0,0,0,0,0,0,0,WEB
https://github.com/mattscilipoti/mattscilipoti.github.io,2,0,0,71,1,0,1,0,62,1,1,1,1,0,0,0,0,0,0,0,0,0,0,0,0,0,0,0,0,0,0,0,0,0,0,0,0,0,0,0,0,0,0,0,0,0,0,0,0,0,0,0,0,0,0,0,0,0,0,0,0,0,0,0,0,WEB
https://github.com/GaretJax/garetjax.github.io,3,0,0,351,1,0,1,0,19,1,1,1,2,0,0,669,0,0,75523,0,0,0,0,0,0,0,0,0,0,0,0,0,0,0,0,0,0,0,0,0,0,0,0,0,0,0,0,0,0,0,0,0,0,0,0,0,0,0,0,0,0,0,0,0,0,WEB
https://github.com/xrogaan/xrogaan.github.io,1,0,0,136,1,0,1,0,9,1,0,0,2,0,0,0,0,0,3065,0,0,0,0,0,0,0,0,0,0,0,0,0,0,0,0,0,0,0,0,0,0,0,0,0,0,0,0,0,0,0,0,0,0,0,0,0,0,0,0,0,0,0,0,0,0,WEB
https://github.com/jbcrail/jbcrail.github.io,1,0,0,244,1,0,1,0,8,1,1,1,2,0,0,0,0,0,20649,0,0,0,0,13,0,0,0,0,0,0,0,0,0,0,0,0,0,0,0,0,0,0,0,0,0,0,0,0,0,0,0,0,0,0,0,0,0,0,0,0,0,0,0,0,0,WEB
https://github.com/samba/samba.github.io,2,0,0,75578,1,0,1,0,249,1,1,1,6,0,919,70947,0,0,46643,0,95,0,0,798,0,0,0,0,0,0,0,0,0,0,0,0,0,0,0,0,0,0,0,0,0,0,0,0,0,0,0,0,0,0,0,0,0,0,0,0,0,0,0,0,0,WEB
https://github.com/roblabs/roblabs.github.io,1,0,0,75131,0,0,0,0,212,1,1,1,6,0,388,682,0,0,19478,0,352,0,0,811,0,0,0,0,0,0,1454,0,0,0,0,0,0,0,0,0,0,0,0,0,0,0,0,0,0,0,0,0,0,0,0,0,0,0,0,0,0,0,0,0,0,WEB
https://github.com/juvenn/juvenn.github.io,1,1,0,199,1,0,1,0,87,1,1,1,3,0,0,0,0,0,8592,0,3176,0,0,0,0,0,0,0,0,0,0,0,0,0,0,0,0,0,0,0,0,0,0,0,0,0,0,0,0,0,0,0,0,0,0,0,0,0,0,0,0,0,0,0,0,WEB
https://github.com/tedroden/tedroden.github.io,1,0,0,72,1,0,1,0,0,0,1,1,0,0,0,0,0,0,0,0,0,0,0,0,0,0,0,0,0,0,0,0,0,0,0,0,0,0,0,0,0,0,0,0,0,0,0,0,0,0,0,0,0,0,0,0,0,0,0,0,0,0,0,0,0,WEB
https://github.com/pandora/pandora.github.io,1,0,0,1,1,0,1,0,2,1,1,1,1,0,0,0,0,0,0,0,0,0,0,0,0,0,0,0,0,0,0,0,0,0,0,0,0,0,0,0,0,0,0,0,0,0,0,0,0,0,0,0,0,0,0,0,0,0,0,0,0,0,0,0,0,WEB
https://github.com/nevertoolateministries/nevertoolateministries.github.io,1,0,0,22720,1,0,1,0,13,1,1,1,1,0,75,8321,0,0,0,0,0,0,0,0,0,0,0,0,0,0,0,0,0,0,0,0,0,0,0,0,0,0,0,0,0,0,0,0,0,0,0,0,0,0,0,0,0,0,0,0,0,0,0,0,0,WEB
https://github.com/matiaskorhonen/matiaskorhonen.github.io,1,0,0,152,1,0,1,0,9,1,1,1,0,0,0,0,0,0,0,0,0,0,0,0,0,0,0,0,0,0,0,0,0,0,0,0,0,0,0,0,0,0,0,0,0,0,0,0,0,0,0,0,0,0,0,0,0,0,0,0,0,0,0,0,0,WEB
https://github.com/idbrii/idbrii.github.io,4,0,0,972,1,0,1,0,12,1,1,1,2,0,0,1195900,0,0,0,0,0,0,0,0,0,0,0,0,0,0,0,0,0,0,0,0,0,0,0,0,0,0,0,0,0,0,0,0,0,0,0,0,0,0,0,0,0,0,0,0,0,0,0,0,0,WEB
https://github.com/timuruski/timuruski.github.io,1,0,0,124,1,0,1,0,20,1,1,0,0,0,0,0,0,0,0,0,0,0,0,0,0,0,0,0,0,0,0,0,0,0,0,0,0,0,0,0,0,0,0,0,0,0,0,0,0,0,0,0,0,0,0,0,0,0,0,0,0,0,0,0,0,WEB
https://github.com/gbacon/gbacon.github.io,1,1,0,1944,1,0,1,0,0,0,1,1,2,0,0,67558,0,0,75666,0,0,0,0,0,0,0,0,0,0,0,0,0,0,0,0,0,0,0,0,0,0,0,0,0,0,0,0,0,0,0,0,0,0,0,0,0,0,0,0,0,0,0,0,0,0,WEB
https://github.com/cboone/cboone.github.io,1,0,0,72,1,0,1,0,1,1,1,0,0,0,0,0,0,0,0,0,0,0,0,0,0,0,0,0,0,0,0,0,0,0,0,0,0,0,0,0,0,0,0,0,0,0,0,0,0,0,0,0,0,0,0,0,0,0,0,0,0,0,0,0,0,WEB
https://github.com/olsonse/olsonse.github.io,1,0,0,92,0,0,0,0,0,0,1,1,0,0,0,0,0,0,0,0,0,0,0,0,0,0,0,0,0,0,0,0,0,0,0,0,0,0,0,0,0,0,0,0,0,0,0,0,0,0,0,0,0,0,0,0,0,0,0,0,0,0,0,0,0,WEB
https://github.com/TwP/twp.github.io,1,0,0,268,1,0,1,0,21,1,0,1,1,0,0,0,0,0,11283,0,0,0,0,0,0,0,0,0,0,0,0,0,0,0,0,0,0,0,0,0,0,0,0,0,0,0,0,0,0,0,0,0,0,0,0,0,0,0,0,0,0,0,0,0,0,WEB
https://github.com/samgranieri/samgranieri.github.io,1,0,0,780,1,0,1,0,203,45,1,1,4,0,3173,1271,0,0,8754,0,11717,0,0,0,0,0,0,0,0,0,0,0,0,0,0,0,0,0,0,0,0,0,0,0,0,0,0,0,0,0,0,0,0,0,0,0,0,0,0,0,0,0,0,0,0,WEB
https://github.com/jumoel/jumoel.github.io,1,0,0,2285,0,0,0,0,48,1,1,0,4,0,0,0,0,0,12917,0,3345,0,0,0,0,0,0,0,0,0,0,0,0,0,0,0,0,0,0,0,0,0,0,0,0,0,0,0,0,0,0,0,0,0,0,0,0,0,0,0,0,0,0,0,0,WEB
https://github.com/folsen/folsen.github.io,1,0,0,4592,1,0,1,0,14,1,1,1,3,0,68,3560,0,0,16184,0,0,0,0,0,0,0,0,0,0,0,0,0,0,0,0,0,0,0,0,0,0,0,0,0,0,0,0,0,0,0,0,0,0,0,0,0,0,0,0,0,0,0,0,0,0,WEB
https://github.com/juliamae/juliamae.github.io,2,0,0,1492,1,0,1,0,15,1,1,1,0,0,0,0,0,0,0,0,0,0,0,0,0,0,0,0,0,0,0,0,0,0,0,0,0,0,0,0,0,0,0,0,0,0,0,0,0,0,0,0,0,0,0,0,0,0,0,0,0,0,0,0,0,WEB
https://github.com/ziguzagu/ziguzagu.github.io,0,0,0,48,0,0,0,0,0,0,1,0,0,0,0,0,0,0,0,0,0,0,0,0,0,0,0,0,0,0,0,0,0,0,0,0,0,0,0,0,0,0,0,0,0,0,0,0,0,0,0,0,0,0,0,0,0,0,0,0,0,0,0,0,0,WEB
https://github.com/dtompkins/dtompkins.github.io,1,0,0,120,1,0,1,0,3,1,1,1,0,0,0,0,0,0,0,0,0,0,0,0,0,0,0,0,0,0,0,0,0,0,0,0,0,0,0,0,0,0,0,0,0,0,0,0,0,0,0,0,0,0,0,0,0,0,0,0,0,0,0,0,0,WEB
https://github.com/geetarista/geetarista.github.io,1,0,0,441,1,0,1,0,38,1,1,1,4,1,156,0,0,0,4257,0,1626,0,0,0,0,0,0,0,0,0,0,0,0,0,0,0,0,0,0,0,0,0,0,0,0,0,0,0,0,0,0,0,0,0,0,0,0,0,0,0,0,0,0,0,0,WEB
https://github.com/iwadon/iwadon.github.io,1,0,0,8,1,0,1,0,24,1,1,1,2,0,0,0,0,0,791,0,0,0,0,0,0,0,0,0,0,0,0,0,0,0,0,0,0,0,0,0,0,0,0,0,0,0,0,0,0,0,0,0,0,0,0,0,0,0,0,0,0,0,0,0,0,WEB
https://github.com/hopsoft/hopsoft.github.io,2,0,0,4412,1,0,1,0,222,1,1,1,4,0,0,372900,0,0,163044,0,148,0,0,538,0,0,0,0,0,0,0,0,0,0,0,0,0,0,0,0,0,0,0,0,0,0,0,0,0,0,0,0,0,0,0,0,0,0,0,0,0,0,0,0,0,WEB
https://github.com/katsuma/katsuma.github.io,1,0,0,128,0,0,0,0,7,1,1,0,0,0,0,0,0,0,0,0,0,0,0,0,0,0,0,0,0,0,0,0,0,0,0,0,0,0,0,0,0,0,0,0,0,0,0,0,0,0,0,0,0,0,0,0,0,0,0,0,0,0,0,0,0,WEB
https://github.com/bobtfish/bobtfish.github.io,2,0,0,1896,1,0,1,0,24,1,1,1,2,0,0,27654,0,0,0,0,0,0,0,0,0,0,0,0,0,0,0,0,0,0,0,0,0,0,0,0,0,0,0,0,0,0,0,0,0,0,0,0,0,0,0,0,0,0,0,0,0,0,0,0,0,WEB
https://github.com/mgrabovsky/mgrabovsky.github.io,1,0,0,1016,0,0,0,0,82,1,1,0,2,0,0,0,0,0,6911,0,0,0,0,0,0,0,0,0,0,0,0,0,0,0,0,0,0,0,0,0,0,0,0,0,0,0,0,0,0,0,0,0,0,0,0,0,0,0,0,0,0,0,0,0,0,WEB
https://github.com/elidourado/elidourado.github.io,2,0,0,60231,0,0,0,0,5,1,1,1,1,0,0,0,0,0,0,0,0,0,0,0,0,0,0,0,0,0,0,0,0,0,0,0,0,0,0,0,0,0,0,0,0,0,0,0,0,0,0,0,0,0,0,0,0,0,0,0,0,0,0,0,0,WEB
https://github.com/imownbey/iownbey.github.com,1,0,0,76,2,0,2,0,0,0,1,1,0,0,0,0,0,0,0,0,0,0,0,0,0,0,0,0,0,0,0,0,0,0,0,0,0,0,0,0,0,0,0,0,0,0,0,0,0,0,0,0,0,0,0,0,0,0,0,0,0,0,0,0,0,WEB
https://github.com/f1vlad/f1vlad.github.io,2,0,0,203476,1,0,1,0,119,1,1,0,12,0,0,18153835,0,46471,1297271,2559916,0,0,0,5152,0,0,0,0,0,64427,0,0,0,0,0,0,0,0,0,0,0,0,0,0,0,0,0,0,0,0,0,0,62912,0,0,0,0,0,0,0,0,0,0,0,0,WEB
