https://github.com/guojh/homework,1,0,0,92,0,0,0,0,1,1,1,0,2,0,0,0,0,0,0,0,0,2471,4574,0,0,0,0,0,0,0,0,0,0,0,0,0,0,0,0,0,0,0,0,0,0,0,0,0,0,0,0,0,0,0,0,0,0,0,0,0,0,0,0,0,0,HW
https://github.com/dmitrydautov/HomeWork,1,0,0,176,0,0,0,0,2,1,1,0,1,0,0,0,9738,0,0,0,0,0,0,0,0,0,0,0,0,0,0,0,0,0,0,0,0,0,0,0,0,0,0,0,0,0,0,0,0,0,0,0,0,0,0,0,0,0,0,0,0,0,0,0,0,HW
https://github.com/renanbirck/homework,1,0,0,1600,0,0,0,0,10,1,1,1,3,0,28,0,0,0,0,0,0,0,0,0,0,0,0,0,0,0,0,40242,0,0,0,0,0,0,0,8186,0,0,0,0,0,0,0,0,0,0,0,0,0,0,0,0,0,0,0,0,0,0,0,0,0,HW
https://github.com/payam49er/homework,1,0,0,96,0,0,0,0,0,0,1,1,0,0,0,0,0,0,0,0,0,0,0,0,0,0,0,0,0,0,0,0,0,0,0,0,0,0,0,0,0,0,0,0,0,0,0,0,0,0,0,0,0,0,0,0,0,0,0,0,0,0,0,0,0,HW
https://github.com/Faber89/Homework,1,0,0,96,0,0,0,0,8,1,1,0,1,0,38,1654,0,0,0,0,0,0,0,0,0,0,0,0,0,0,0,0,0,0,0,0,0,0,0,0,0,0,0,0,0,0,0,0,0,0,0,0,0,0,0,0,0,0,0,0,0,0,0,0,0,HW
https://github.com/nutsh/homework,1,0,4,108,0,0,0,0,3,1,1,0,0,0,0,0,0,0,0,0,0,0,0,0,0,0,0,0,0,0,0,0,0,0,0,0,0,0,0,0,0,0,0,0,0,0,0,0,0,0,0,0,0,0,0,0,0,0,0,0,0,0,0,0,0,HW
https://github.com/JohnCai/Homework,1,0,0,584,0,0,0,0,0,0,1,0,2,0,2255,0,0,0,0,0,1443,0,0,0,48995,0,0,0,0,0,0,0,0,0,0,0,0,0,0,0,0,0,0,0,0,0,0,0,0,0,0,0,0,0,0,0,0,0,0,0,0,0,0,0,0,HW
https://github.com/mikolalysenko/Homework,1,0,5,14460,0,0,0,0,15,1,1,1,4,0,0,0,0,15791,0,0,0,349,0,0,0,44242,0,0,0,0,0,0,0,0,0,0,0,0,0,0,0,0,0,0,0,0,0,0,0,0,0,0,0,0,0,9046,0,0,0,0,0,0,0,0,0,HW
https://github.com/oryband/homework,1,0,0,79348,0,0,0,0,1591,5,1,1,17,0,94,145368,583881,3472142,7520,216425,4976688,118176,105581,67486,0,0,0,0,0,223607,0,16792,0,0,0,0,0,0,0,0,0,0,0,0,0,1561681,0,0,3670,0,0,0,0,0,0,0,0,0,0,0,0,0,0,224148,0,HW
https://github.com/mbauman/homework,1,0,0,3664,0,0,0,0,40,1,1,1,0,0,731,0,0,0,0,0,0,0,0,0,0,0,0,0,0,0,0,0,0,0,0,0,0,0,0,0,0,0,0,0,0,0,0,0,0,0,0,0,0,0,0,0,0,0,0,0,0,0,0,0,0,HW
https://github.com/nonconvergent/car,1,0,0,88,0,0,0,0,1,1,1,1,1,0,0,0,1944,0,0,0,0,0,0,0,0,0,0,0,0,0,0,0,0,0,0,0,0,0,0,0,0,0,0,0,0,0,0,0,0,0,0,0,0,0,0,0,0,0,0,0,0,0,0,0,0,HW
https://github.com/abhaysharma/mtm1531-homework-1,1,0,0,92,0,0,0,0,11,1,1,1,0,0,2005,0,0,0,0,0,0,0,0,0,0,0,0,0,0,0,0,0,0,0,0,0,0,0,0,0,0,0,0,0,0,0,0,0,0,0,0,0,0,0,0,0,0,0,0,0,0,0,0,0,0,HW
https://github.com/chervand/MI-RUB-HW,1,0,0,188,0,0,0,0,0,0,1,1,2,0,0,17349,0,0,0,0,28511,0,0,0,0,0,0,0,0,0,0,0,0,0,0,0,0,0,0,0,0,0,0,0,0,0,0,0,0,0,0,0,0,0,0,0,0,0,0,0,0,0,0,0,0,HW
https://github.com/dobrypd/Computational-Biology,1,0,0,3728,0,0,0,0,24,1,1,1,1,0,0,0,0,44657,0,0,0,0,0,0,0,0,0,0,0,0,0,0,0,0,0,0,0,0,0,0,0,0,0,0,0,0,0,0,0,0,0,0,0,0,0,0,0,0,0,0,0,0,0,0,0,HW
https://github.com/AirVan21/Java.HW,1,0,0,488,0,0,0,0,163,1,1,1,1,0,30,0,218416,0,0,0,0,0,0,0,0,0,0,0,0,0,0,0,0,0,0,0,0,0,0,0,0,0,0,0,0,0,0,0,0,0,0,0,0,0,0,0,0,0,0,0,0,0,0,0,0,HW
https://github.com/nataliq/Homeworks,1,0,0,100,0,0,0,0,3,1,1,1,1,0,0,0,0,0,0,8436,0,0,0,0,0,0,0,0,0,0,0,0,0,0,0,0,0,0,0,0,0,0,0,0,0,0,0,0,0,0,0,0,0,0,0,0,0,0,0,0,0,0,0,0,0,HW
https://github.com/mbvelichkova/homeworks,1,0,0,96,0,0,0,0,5,1,1,0,1,0,0,0,0,0,0,1714,0,0,0,0,0,0,0,0,0,0,0,0,0,0,0,0,0,0,0,0,0,0,0,0,0,0,0,0,0,0,0,0,0,0,0,0,0,0,0,0,0,0,0,0,0,HW
https://github.com/shibani/Homework01,1,0,0,43848,0,0,0,0,6,1,1,0,0,0,0,0,0,0,0,0,0,0,0,0,0,0,0,0,0,0,0,0,0,0,0,0,0,0,0,0,0,0,0,0,0,0,0,0,0,0,0,0,0,0,0,0,0,0,0,0,0,0,0,0,0,HW
https://github.com/shibani/Homework02,1,0,0,11704,0,0,0,0,2,1,1,0,0,0,0,0,0,0,0,0,0,0,0,0,0,0,0,0,0,0,0,0,0,0,0,0,0,0,0,0,0,0,0,0,0,0,0,0,0,0,0,0,0,0,0,0,0,0,0,0,0,0,0,0,0,HW
https://github.com/wesjohnson/homework8,3,0,0,104,0,0,0,0,0,0,1,0,1,0,0,0,0,0,0,0,0,0,5910,0,0,0,0,0,0,0,0,0,0,0,0,0,0,0,0,0,0,0,0,0,0,0,0,0,0,0,0,0,0,0,0,0,0,0,0,0,0,0,0,0,0,HW
https://github.com/shibani/Homework03,1,0,0,2028,0,0,0,0,2,1,1,0,0,0,0,0,0,0,0,0,0,0,0,0,0,0,0,0,0,0,0,0,0,0,0,0,0,0,0,0,0,0,0,0,0,0,0,0,0,0,0,0,0,0,0,0,0,0,0,0,0,0,0,0,0,HW
https://github.com/wadefelix/HomeworkforASM,1,0,0,96,0,0,0,0,4,1,1,1,1,0,2009,0,0,0,0,0,0,0,0,0,0,0,0,0,0,0,0,0,0,0,0,0,0,0,0,0,0,0,0,0,0,0,0,0,8248,0,0,0,0,0,0,0,0,0,0,0,0,0,0,0,0,HW
https://github.com/shibani/Homework04,1,0,0,7096,0,0,0,0,2,1,1,0,0,0,0,0,0,0,0,0,0,0,0,0,0,0,0,0,0,0,0,0,0,0,0,0,0,0,0,0,0,0,0,0,0,0,0,0,0,0,0,0,0,0,0,0,0,0,0,0,0,0,0,0,0,HW
https://github.com/shibani/Homework06,1,0,0,41528,0,0,0,0,2,1,1,0,0,0,0,0,0,0,0,0,0,0,0,0,0,0,0,0,0,0,0,0,0,0,0,0,0,0,0,0,0,0,0,0,0,0,0,0,0,0,0,0,0,0,0,0,0,0,0,0,0,0,0,0,0,HW
https://github.com/daisyzhou/Homework3,1,0,0,92,0,0,0,0,0,0,1,0,0,0,0,0,0,0,0,0,0,0,0,0,0,0,0,0,0,0,0,0,0,0,0,0,0,0,0,0,0,0,0,0,0,0,0,0,0,0,0,0,0,0,0,0,0,0,0,0,0,0,0,0,0,HW
https://github.com/wesjohnson/Homework6,1,0,0,88,0,0,0,0,0,0,1,0,1,0,0,0,0,0,0,0,0,0,4759,0,0,0,0,0,0,0,0,0,0,0,0,0,0,0,0,0,0,0,0,0,0,0,0,0,0,0,0,0,0,0,0,0,0,0,0,0,0,0,0,0,0,HW
https://github.com/Agent007/Homework1,1,0,0,108,0,0,0,0,2,1,1,1,1,0,0,0,0,0,0,0,0,0,0,0,0,4791,0,0,0,0,0,0,0,0,0,0,0,0,0,0,0,0,0,0,0,0,0,0,0,0,0,0,0,0,0,0,0,0,0,0,0,0,0,0,0,HW
https://github.com/woodall/BellyHomework,1,0,0,92,0,0,0,0,5,1,1,1,1,0,0,0,0,0,0,0,1334,0,0,0,0,0,0,0,0,0,0,0,0,0,0,0,0,0,0,0,0,0,0,0,0,0,0,0,0,0,0,0,0,0,0,0,0,0,0,0,0,0,0,0,0,HW
https://github.com/duncanmortimer/Hoodlums-Homework,1,0,0,100,0,0,0,0,3,1,1,1,1,0,1335,0,0,0,0,0,0,0,0,0,0,0,0,0,0,0,0,0,0,0,0,0,13513,0,0,0,0,0,0,0,0,0,0,0,0,0,0,0,0,0,0,0,0,0,0,0,0,0,0,0,0,HW
https://github.com/Wireman131/Homework-03,1,0,0,92,0,0,0,0,0,0,1,0,1,0,0,0,0,0,0,4991,0,0,0,0,0,0,0,0,0,0,0,0,0,0,0,0,0,0,0,0,0,0,0,0,0,0,0,0,0,0,0,0,0,0,0,0,0,0,0,0,0,0,0,0,0,HW
https://github.com/Qalthos/ritfloss-homework,1,0,0,736,0,0,0,0,23,2,1,1,3,0,1799,23634,0,46417,0,0,0,0,0,2013,0,0,0,0,0,0,0,0,0,0,0,0,0,0,0,0,0,0,0,0,0,0,0,0,0,0,0,0,0,0,0,0,0,0,0,0,0,0,0,0,0,HW
https://github.com/mitkodj/Homework_1,1,0,0,92,0,0,0,0,1,1,1,1,1,0,0,0,0,0,0,1763,0,0,0,0,0,0,0,0,0,0,0,0,0,0,0,0,0,0,0,0,0,0,0,0,0,0,0,0,0,0,0,0,0,0,0,0,0,0,0,0,0,0,0,0,0,HW
https://github.com/upsuper/homework-tongji,1,0,0,311,0,0,0,0,49,1,1,1,5,0,428,240023,0,29645,0,0,0,3136,57433,0,0,0,0,0,0,0,0,0,0,0,0,0,0,0,0,0,0,0,0,0,0,0,0,0,16463,0,0,0,0,0,0,0,0,0,0,0,0,0,0,0,0,HW
https://github.com/xconstruct/java_homework,1,0,0,152,0,0,0,0,30,1,1,1,1,0,0,0,52554,0,0,0,0,0,0,0,0,0,0,0,0,0,0,0,0,0,0,0,0,0,0,0,0,0,0,0,0,0,0,0,0,0,0,0,0,0,0,0,0,0,0,0,0,0,0,0,0,HW
https://github.com/azat-archive/homework-ta,6,0,0,37040,0,0,0,0,25,2,1,1,2,0,1318,0,0,0,0,0,0,13800,5199,0,0,0,0,0,0,0,0,0,0,0,0,0,0,0,0,0,0,0,0,0,0,0,0,0,0,0,0,0,0,0,0,0,0,0,0,0,0,0,0,0,0,HW
https://github.com/lawrencecraft/SaasHomework,1,0,0,100,0,0,0,0,9,1,1,1,1,0,0,0,0,0,0,0,0,0,0,0,0,0,0,0,0,0,0,0,0,0,0,0,0,0,0,0,0,0,0,0,0,0,0,0,0,0,0,0,0,0,0,0,0,0,0,0,0,0,0,0,0,HW
https://github.com/Steve-V/python_homework,1,0,3,3704,0,0,0,0,97,1,1,1,1,0,0,0,0,5935613,0,0,0,0,0,0,0,0,0,0,0,0,0,0,0,0,0,0,0,0,0,0,0,0,0,0,0,0,0,0,0,0,0,0,0,0,0,0,0,0,0,0,0,0,0,0,0,HW
https://github.com/xconstruct/scheme_homework,1,0,0,464,0,0,0,0,38,1,1,1,1,0,0,0,0,0,0,0,0,0,0,0,0,0,0,0,0,0,0,0,0,0,0,0,0,0,0,0,0,0,0,0,0,0,0,0,0,0,0,0,0,0,0,0,0,0,0,0,0,0,0,95271,0,HW
https://github.com/Uko/NIX-Homework,1,0,0,136,0,0,0,0,32,1,1,1,5,0,483,0,13139,0,0,0,0,3804,6011,1524,0,0,0,0,0,0,0,0,0,0,0,0,0,0,0,0,0,0,0,0,0,0,0,0,0,0,0,0,0,0,0,0,0,0,0,0,0,0,0,0,0,HW
https://github.com/linroex/homework-system,1,0,0,580,0,0,0,0,0,0,1,0,2,0,0,478200,0,0,0,10017,0,0,0,0,0,0,0,0,0,0,0,0,0,0,0,0,0,0,0,0,0,0,0,0,0,0,0,0,0,0,0,0,0,0,0,0,0,0,0,0,0,0,0,0,0,HW
https://github.com/Kaijun/Udacity-Homework,1,0,0,100,0,0,0,0,3,1,1,1,0,0,4,0,0,0,0,0,0,0,0,0,0,0,0,0,0,0,0,0,0,0,0,0,0,0,0,0,0,0,0,0,0,0,0,0,0,0,0,0,0,0,0,0,0,0,0,0,0,0,0,0,0,HW
https://github.com/niceoboe/lovely-llama,1,0,0,96,0,0,0,0,1,1,1,1,0,0,41,0,0,0,0,0,0,0,0,0,0,0,0,0,0,0,0,0,0,0,0,0,0,0,0,0,0,0,0,0,0,0,0,0,0,0,0,0,0,0,0,0,0,0,0,0,0,0,0,0,0,HW
https://github.com/ravikiran438/hwfinal,1,0,0,184,0,0,0,0,1,1,1,1,2,0,9130,5998,0,0,0,0,22037,0,0,0,0,0,0,0,0,0,0,0,0,0,0,0,0,0,0,0,0,0,0,0,0,0,0,0,0,0,0,0,0,0,0,0,0,0,0,0,0,0,0,0,0,HW
https://github.com/steadyflux/baynes.kathleen.graphicsAndState,1,0,0,224,0,0,0,0,11,1,1,1,1,0,4002,0,43628,0,0,0,0,0,0,0,0,0,0,0,0,0,0,0,0,0,0,0,0,0,0,0,0,0,0,0,0,0,0,0,0,0,0,0,0,0,0,0,0,0,0,0,0,0,0,0,0,HW
https://github.com/gerno/Unit3,0,0,0,56,0,0,0,0,0,0,1,1,0,0,0,0,0,0,0,0,0,0,0,0,0,0,0,0,0,0,0,0,0,0,0,0,0,0,0,0,0,0,0,0,0,0,0,0,0,0,0,0,0,0,0,0,0,0,0,0,0,0,0,0,0,HW
https://github.com/yanborowski/RottenPotatoes,0,0,0,48,0,0,0,0,0,0,1,1,0,0,0,0,0,0,0,0,0,0,0,0,0,0,0,0,0,0,0,0,0,0,0,0,0,0,0,0,0,0,0,0,0,0,0,0,0,0,0,0,0,0,0,0,0,0,0,0,0,0,0,0,0,HW
https://github.com/Makarevich/saas,1,0,0,908,0,0,0,0,0,0,1,1,1,0,106,0,0,0,0,0,18976,0,0,0,0,0,0,0,0,0,0,0,0,0,0,0,0,0,0,0,0,0,0,0,0,0,0,0,0,0,0,0,0,0,0,0,0,0,0,0,0,0,0,0,0,HW
https://github.com/sachithd/com.oodp.sachith,1,0,0,100,0,0,0,0,4,2,1,1,1,0,0,0,9210,0,0,0,0,0,0,0,0,0,0,0,0,0,0,0,0,0,0,0,0,0,0,0,0,0,0,0,0,0,0,0,0,0,0,0,0,0,0,0,0,0,0,0,0,0,0,0,0,HW
https://github.com/thedansimonson/StatNLP_HW4,1,0,0,81140,0,0,0,0,11,1,1,1,1,0,24,0,0,16183,0,0,0,0,0,0,0,0,0,0,0,0,0,0,0,0,0,0,0,0,0,0,0,0,0,0,0,0,0,0,0,0,0,0,0,0,0,0,0,0,0,0,0,0,0,0,0,HW
https://github.com/mickaelandrieu/HomeworkOnlinePlatform,1,0,0,8556,0,0,0,0,21,1,1,1,2,1,6407,49735,0,0,0,88657,0,0,0,0,0,0,0,0,0,0,0,0,0,0,0,0,0,0,0,0,0,0,0,0,0,0,0,0,0,0,0,0,0,0,0,0,0,0,0,0,0,0,0,0,0,HW
https://github.com/wadefelix/HomeworkForPRclass,1,0,0,168,0,0,0,0,2,1,1,1,2,0,335,0,0,0,0,0,0,0,0,0,0,3252,0,0,0,0,0,0,0,0,0,0,0,0,0,11847,0,0,0,0,0,0,0,0,0,0,0,0,0,0,0,0,0,0,0,0,0,0,0,0,0,HW
https://github.com/abhaysharma/mtm1531-homework-2,1,0,0,92,0,0,0,0,3,1,1,1,1,0,0,0,0,0,0,1838,0,0,0,0,0,0,0,0,0,0,0,0,0,0,0,0,0,0,0,0,0,0,0,0,0,0,0,0,0,0,0,0,0,0,0,0,0,0,0,0,0,0,0,0,0,HW
https://github.com/abhaysharma/mtm1531-homework-3,1,0,0,100,0,0,0,0,2,1,1,1,1,0,0,0,0,0,0,9759,0,0,0,0,0,0,0,0,0,0,0,0,0,0,0,0,0,0,0,0,0,0,0,0,0,0,0,0,0,0,0,0,0,0,0,0,0,0,0,0,0,0,0,0,0,HW
https://github.com/abhaysharma/mtm1531-homework-5,1,0,0,284,0,0,0,0,4,1,1,1,1,0,97,0,0,0,0,9015,0,0,0,0,0,0,0,0,0,0,0,0,0,0,0,0,0,0,0,0,0,0,0,0,0,0,0,0,0,0,0,0,0,0,0,0,0,0,0,0,0,0,0,0,0,HW
https://github.com/amillerrhodes/CS445-Homework,1,0,0,132,0,0,0,0,23,1,1,0,1,0,0,0,0,0,0,0,0,0,30447,0,0,0,0,0,0,0,0,0,0,0,0,0,0,0,0,0,0,0,0,0,0,0,0,0,0,0,0,0,0,0,0,0,0,0,0,0,0,0,0,0,0,HW
https://github.com/abhaysharma/mtm1526-homework-5,1,0,0,100,0,0,0,0,3,1,1,1,1,0,109,1400,0,0,0,0,0,0,0,0,0,0,0,0,0,0,0,0,0,0,0,0,0,0,0,0,0,0,0,0,0,0,0,0,0,0,0,0,0,0,0,0,0,0,0,0,0,0,0,0,0,HW
https://github.com/pixelles/mtm1526-homework-5,1,0,0,112,0,0,0,0,0,0,1,0,1,0,0,433,0,0,0,0,0,0,0,0,0,0,0,0,0,0,0,0,0,0,0,0,0,0,0,0,0,0,0,0,0,0,0,0,0,0,0,0,0,0,0,0,0,0,0,0,0,0,0,0,0,HW
https://github.com/pixelles/mtm1531-homework-4,1,0,0,88,0,0,0,0,0,0,1,0,0,0,0,0,0,0,0,0,0,0,0,0,0,0,0,0,0,0,0,0,0,0,0,0,0,0,0,0,0,0,0,0,0,0,0,0,0,0,0,0,0,0,0,0,0,0,0,0,0,0,0,0,0,HW
https://github.com/pixelles/mtm1531-homework-6,1,0,0,100,0,0,0,0,0,0,1,0,1,0,0,0,0,0,0,14293,0,0,0,0,0,0,0,0,0,0,0,0,0,0,0,0,0,0,0,0,0,0,0,0,0,0,0,0,0,0,0,0,0,0,0,0,0,0,0,0,0,0,0,0,0,HW
https://github.com/pixelles/mtm1526-homework-3,1,0,0,104,0,0,0,0,0,0,1,0,0,0,0,0,0,0,0,0,0,0,0,0,0,0,0,0,0,0,0,0,0,0,0,0,0,0,0,0,0,0,0,0,0,0,0,0,0,0,0,0,0,0,0,0,0,0,0,0,0,0,0,0,0,HW
https://github.com/tomtung/Homework.PatentApplicationSystem,1,0,0,1460,0,0,0,0,157,3,1,0,2,0,30,0,0,0,0,0,0,0,0,0,216721,0,0,0,0,0,0,0,0,0,0,0,0,0,0,0,0,0,0,0,0,0,0,0,0,0,0,0,38792,0,0,0,0,0,0,0,0,0,0,0,0,HW
https://github.com/SheepGotoHeaven/C-language-homework-assignments,1,0,0,296,0,0,0,0,1,1,1,0,1,0,0,0,0,0,0,0,0,0,23777,0,0,0,0,0,0,0,0,0,0,0,0,0,0,0,0,0,0,0,0,0,0,0,0,0,0,0,0,0,0,0,0,0,0,0,0,0,0,0,0,0,0,HW
https://github.com/pixelles/mtm1531-homework-1,1,0,0,100,0,0,0,0,0,0,1,0,0,0,1978,0,0,0,0,0,0,0,0,0,0,0,0,0,0,0,0,0,0,0,0,0,0,0,0,0,0,0,0,0,0,0,0,0,0,0,0,0,0,0,0,0,0,0,0,0,0,0,0,0,0,HW
https://github.com/abhaysharma/mtm1526-homework-2,1,0,0,92,0,0,0,0,1,1,1,0,1,0,0,772,0,0,0,0,0,0,0,0,0,0,0,0,0,0,0,0,0,0,0,0,0,0,0,0,0,0,0,0,0,0,0,0,0,0,0,0,0,0,0,0,0,0,0,0,0,0,0,0,0,HW
https://github.com/tkqubo/JavaHomework5,1,0,0,1288,0,0,0,0,7,1,1,0,0,0,0,0,0,0,0,0,0,0,0,0,0,0,0,0,0,0,0,0,0,0,0,0,0,0,0,0,0,0,0,0,0,0,0,0,0,0,0,0,0,0,0,0,0,0,0,0,0,0,0,0,0,HW
https://github.com/pixelles/mtm1526-homework-1,1,0,0,96,0,0,0,0,0,0,1,0,1,0,0,619,0,0,0,0,0,0,0,0,0,0,0,0,0,0,0,0,0,0,0,0,0,0,0,0,0,0,0,0,0,0,0,0,0,0,0,0,0,0,0,0,0,0,0,0,0,0,0,0,0,HW
https://github.com/pixelles/mtm1526-homework-4,1,0,0,112,0,0,0,0,0,0,1,0,1,0,0,0,0,0,0,0,0,0,0,0,0,0,0,0,0,0,0,0,0,0,0,0,0,0,0,0,0,0,0,0,0,0,0,0,0,0,0,0,0,0,0,0,0,0,0,0,0,0,0,0,0,HW
https://github.com/abhaysharma/mtm1526-homework-6,1,0,0,136,0,0,0,0,0,0,1,1,2,0,99,4307,0,0,0,7711,0,0,0,0,0,0,0,0,0,0,0,0,0,0,0,0,0,0,0,0,0,0,0,0,0,0,0,0,0,0,0,0,0,0,0,0,0,0,0,0,0,0,0,0,0,HW
https://github.com/pixelles/mtm1531-homework-5,1,0,0,96,0,0,0,0,0,0,1,0,1,0,0,0,0,0,0,9599,0,0,0,0,0,0,0,0,0,0,0,0,0,0,0,0,0,0,0,0,0,0,0,0,0,0,0,0,0,0,0,0,0,0,0,0,0,0,0,0,0,0,0,0,0,HW
https://github.com/homework/homework-notify-server,1,0,0,573,0,0,0,0,11,3,1,1,2,0,0,0,33152,950,0,0,0,0,0,0,0,0,0,0,0,0,0,0,0,0,0,0,0,0,0,0,0,0,0,0,0,0,0,0,0,0,0,0,0,0,0,0,0,0,0,0,0,0,0,0,0,HW
https://github.com/Trskldn/lecture2b-homework,1,0,0,96,0,0,0,0,2,1,1,1,1,0,289,0,0,0,0,0,20,0,0,0,0,0,0,0,0,0,0,0,0,0,0,0,0,0,0,0,0,0,0,0,0,0,0,0,0,0,0,0,0,0,0,0,0,0,0,0,0,0,0,0,0,HW
https://github.com/abhaysharma/mtm1526-homework-1,1,0,0,96,0,0,0,0,2,1,1,1,1,0,0,251,0,0,0,0,0,0,0,0,0,0,0,0,0,0,0,0,0,0,0,0,0,0,0,0,0,0,0,0,0,0,0,0,0,0,0,0,0,0,0,0,0,0,0,0,0,0,0,0,0,HW
https://github.com/PMurph/COMP-2140-Homework-Repo,1,0,0,4407,0,0,0,0,9,1,1,0,1,0,0,0,35906,0,0,0,0,0,0,0,0,0,0,0,0,0,0,0,0,0,0,0,0,0,0,0,0,0,0,0,0,0,0,0,0,0,0,0,0,0,0,0,0,0,0,0,0,0,0,0,0,HW
https://github.com/Trskldn/lecture5b-homework,1,0,0,332,0,0,0,0,1,1,1,1,1,0,5703,0,0,0,0,0,185799,0,0,0,0,0,0,0,0,0,0,0,0,0,0,0,0,0,0,0,0,0,0,0,0,0,0,0,0,0,0,0,0,0,0,0,0,0,0,0,0,0,0,0,0,HW
https://github.com/abhaysharma/mtm1526-homework-3,1,0,0,176,0,0,0,0,1,1,1,1,1,0,0,565,0,0,0,0,0,0,0,0,0,0,0,0,0,0,0,0,0,0,0,0,0,0,0,0,0,0,0,0,0,0,0,0,0,0,0,0,0,0,0,0,0,0,0,0,0,0,0,0,0,HW
https://github.com/abhaysharma/mtm1526-homework-4,1,0,0,96,0,0,0,0,5,1,1,1,1,0,99,599,0,0,0,0,0,0,0,0,0,0,0,0,0,0,0,0,0,0,0,0,0,0,0,0,0,0,0,0,0,0,0,0,0,0,0,0,0,0,0,0,0,0,0,0,0,0,0,0,0,HW
https://github.com/abhaysharma/mtm1531-homework-6,1,0,0,284,0,0,0,0,1,1,1,1,1,0,106,0,0,0,0,12331,0,0,0,0,0,0,0,0,0,0,0,0,0,0,0,0,0,0,0,0,0,0,0,0,0,0,0,0,0,0,0,0,0,0,0,0,0,0,0,0,0,0,0,0,0,HW
https://github.com/kbaird/wnyruby.com-homework,1,0,0,80,0,0,0,0,4,1,1,1,0,0,400,0,0,0,0,0,0,0,0,0,0,0,0,0,0,0,0,0,0,0,0,0,0,0,0,0,0,0,0,0,0,0,0,0,0,0,0,0,0,0,0,0,0,0,0,0,0,0,0,0,0,HW
https://github.com/pocketcap/SaaS-Homework,1,0,0,92,0,0,0,0,1,1,1,0,0,0,0,0,0,0,0,0,0,0,0,0,0,0,0,0,0,0,0,0,0,0,0,0,0,0,0,0,0,0,0,0,0,0,0,0,0,0,0,0,0,0,0,0,0,0,0,0,0,0,0,0,0,HW
https://github.com/kaitklochkova/Kaitklochkova-s-homework,1,0,0,29752,0,0,0,0,132,1,1,0,4,0,0,0,168226,0,0,0,0,39340,414,0,0,0,0,0,0,0,0,0,0,0,0,0,0,0,0,0,0,0,0,0,0,0,0,0,0,0,0,0,0,0,0,0,0,0,0,22784,0,0,0,0,0,HW
https://github.com/pixelles/mtm1526-homework-2,1,0,0,100,0,0,0,0,0,0,1,0,1,0,0,0,0,0,0,0,0,0,0,0,0,0,0,0,0,0,0,0,0,0,0,0,0,0,0,0,0,0,0,0,0,0,0,0,0,0,0,0,0,0,0,0,0,0,0,0,0,0,0,0,0,HW
https://github.com/rsiwady29/Udacity,1,0,0,332,0,0,0,0,0,0,1,1,1,0,49,0,0,95332,0,0,0,0,0,0,0,0,0,0,0,0,0,0,0,0,0,0,0,0,0,0,0,0,0,0,0,0,0,0,0,0,0,0,0,0,0,0,0,0,0,0,0,0,0,0,0,HW
https://github.com/nerdyworm/ITCS4128,1,0,0,148,0,0,0,0,9,1,1,1,2,0,26,0,0,0,0,0,0,0,136294,58,0,0,0,0,0,0,0,0,0,0,0,0,0,0,0,0,0,0,0,0,0,0,0,0,0,0,0,0,0,0,0,0,0,0,0,0,0,0,0,0,0,HW
https://github.com/nerdyworm/mpi_asignment,1,0,0,248,0,0,0,0,22,1,1,1,2,0,0,0,8065,0,0,0,0,0,56412,0,0,0,0,0,0,0,0,0,0,0,0,0,0,0,0,0,0,0,0,0,0,0,0,0,0,0,0,0,0,0,0,0,0,0,0,0,0,0,0,0,0,HW
https://github.com/jdubey/CocoaDev,0,0,0,48,0,0,0,0,0,0,1,1,0,0,0,0,0,0,0,0,0,0,0,0,0,0,0,0,0,0,0,0,0,0,0,0,0,0,0,0,0,0,0,0,0,0,0,0,0,0,0,0,0,0,0,0,0,0,0,0,0,0,0,0,0,HW
https://github.com/jammen33/cpts224,3,0,0,796,0,0,0,0,21,1,1,1,1,0,4,0,0,0,0,0,0,0,7334,0,0,0,0,0,0,0,0,0,0,0,0,0,0,0,0,0,0,0,0,0,0,0,0,0,0,0,0,0,0,0,0,0,0,0,0,0,0,0,0,0,0,HW
https://github.com/xiadz/jnp1,1,0,0,148,0,0,0,0,37,1,1,1,2,0,17,0,0,0,0,0,0,62590,8291,0,0,0,0,0,0,0,0,0,0,0,0,0,0,0,0,0,0,0,0,0,0,0,0,0,0,0,0,0,0,0,0,0,0,0,0,0,0,0,0,0,0,HW
https://github.com/xiadz/oracle,1,0,0,104,0,0,0,0,14,1,1,1,0,0,30,0,0,0,0,0,0,0,0,0,0,0,0,0,0,0,0,0,0,0,0,0,0,0,0,0,0,0,0,0,0,0,0,0,0,0,0,0,0,0,0,0,0,0,0,0,0,0,0,0,0,HW
https://github.com/haus/Totally-Nuts,1,0,0,168,0,0,0,0,11,1,1,1,1,0,0,0,0,0,0,0,5531,0,0,0,0,0,0,0,0,0,0,0,0,0,0,0,0,0,0,0,0,0,0,0,0,0,0,0,0,0,0,0,0,0,0,0,0,0,0,0,0,0,0,0,0,HW
https://github.com/thedansimonson/statnlp_hw5,1,0,0,280,0,0,0,0,1,1,1,1,1,0,155,0,0,51984,0,0,0,0,0,0,0,0,0,0,0,0,0,0,0,0,0,0,0,0,0,0,0,0,0,0,0,0,0,0,0,0,0,0,0,0,0,0,0,0,0,0,0,0,0,0,0,HW
https://github.com/LakshayaG73/CIS-120-,1,0,0,92,0,0,0,0,1,1,1,1,0,0,0,0,0,0,0,0,0,0,0,0,0,0,0,0,0,0,0,0,0,0,0,0,0,0,0,0,0,0,0,0,0,0,0,0,0,0,0,0,0,0,0,0,0,0,0,0,0,0,0,0,0,HW
https://github.com/pamolloy/pfind,1,0,0,100,0,0,0,0,3,1,1,1,1,0,1753,0,0,0,0,0,0,0,5411,0,0,0,0,0,0,0,0,0,0,0,0,0,0,0,0,0,0,0,0,0,0,0,0,0,0,0,0,0,0,0,0,0,0,0,0,0,0,0,0,0,0,HW
https://github.com/kvothe/Tetris,1,0,0,676,0,0,0,0,8,1,1,1,1,0,0,0,101741,0,0,0,0,0,0,0,0,0,0,0,0,0,0,0,0,0,0,0,0,0,0,0,0,0,0,0,0,0,0,0,0,0,0,0,0,0,0,0,0,0,0,0,0,0,0,0,0,HW
https://github.com/chapm236/cse891-fall-2011,1,0,0,86,0,0,0,0,3,1,1,1,1,0,0,0,0,2510,0,0,0,0,0,0,0,0,0,0,0,0,0,0,0,0,0,0,0,0,0,0,0,0,0,0,0,0,0,0,0,0,0,0,0,0,0,0,0,0,0,0,0,0,0,0,0,HW
https://github.com/fabiomadge/Perlenkette,1,0,0,112,0,0,0,0,7,1,1,1,1,0,318,0,15083,0,0,0,0,0,0,0,0,0,0,0,0,0,0,0,0,0,0,0,0,0,0,0,0,0,0,0,0,0,0,0,0,0,0,0,0,0,0,0,0,0,0,0,0,0,0,0,0,HW
https://github.com/bnsh/algo-class,1,0,0,372,0,0,0,0,1,1,1,1,0,0,0,0,0,0,0,0,0,0,0,0,0,0,0,0,0,0,0,0,0,0,0,0,0,0,0,0,0,0,0,0,0,0,0,0,0,0,0,0,0,0,0,0,0,0,0,0,0,0,0,0,0,HW
https://github.com/harinarayan/hw2_rottenpotatoes,1,0,0,161,0,0,0,0,48,3,1,1,2,0,9208,463,0,0,0,0,19771,0,0,0,0,0,0,0,0,0,0,0,0,0,0,0,0,0,0,0,0,0,0,0,0,0,0,0,0,0,0,0,0,0,0,0,0,0,0,0,0,0,0,0,0,HW
https://github.com/ericso/psu_edu_ist411sp11_topic3excercise_imclientserver,1,0,0,104,0,0,0,0,0,0,1,1,1,0,0,0,27988,0,0,0,0,0,0,0,0,0,0,0,0,0,0,0,0,0,0,0,0,0,0,0,0,0,0,0,0,0,0,0,0,0,0,0,0,0,0,0,0,0,0,0,0,0,0,0,0,HW
https://github.com/philss/newvision,1,0,0,648,0,0,0,0,23,1,1,1,2,0,546,148,0,0,0,0,28025,0,0,0,0,0,0,0,0,0,0,0,0,0,0,0,0,0,0,0,0,0,0,0,0,0,0,0,0,0,0,0,0,0,0,0,0,0,0,0,0,0,0,0,0,HW
https://github.com/klandor/NP,4,0,0,260,0,0,0,0,23,1,1,1,2,0,0,0,0,0,0,0,0,15250,10585,0,0,0,0,0,0,0,0,0,0,0,0,0,0,0,0,0,0,0,0,0,0,0,0,0,0,0,0,0,0,0,0,0,0,0,0,0,0,0,0,0,0,HW
https://github.com/blickly/eecs219c,1,0,0,936,0,0,0,0,0,0,1,1,2,0,0,0,0,719,0,0,0,26098,0,0,0,0,0,0,0,0,0,0,0,0,0,0,0,0,0,0,0,0,0,0,0,0,0,0,0,0,0,0,0,0,0,0,0,0,0,0,0,0,0,0,0,HW
https://github.com/pamolloy/sttyl,1,0,0,112,0,0,0,0,21,1,1,1,1,0,1965,0,0,0,0,0,0,0,10571,0,0,0,0,0,0,0,0,0,0,0,0,0,0,0,0,0,0,0,0,0,0,0,0,0,0,0,0,0,0,0,0,0,0,0,0,0,0,0,0,0,0,HW
https://github.com/dianaliu/AI-Homeworks,1,0,2,164,0,0,0,0,0,0,1,1,1,0,144,0,55809,0,0,0,0,0,0,0,0,0,0,0,0,0,0,0,0,0,0,0,0,0,0,0,0,0,0,0,0,0,0,0,0,0,0,0,0,0,0,0,0,0,0,0,0,0,0,0,0,HW
https://github.com/Makarevich/saas-rt,1,0,0,180,0,0,0,0,48,3,1,1,2,0,100,463,0,0,0,0,19774,0,0,0,0,0,0,0,0,0,0,0,0,0,0,0,0,0,0,0,0,0,0,0,0,0,0,0,0,0,0,0,0,0,0,0,0,0,0,0,0,0,0,0,0,HW
https://github.com/allangj/ServerThreat,1,0,0,148,0,0,0,0,7,1,1,1,1,0,0,0,0,0,0,0,0,0,21666,0,0,0,0,0,0,0,0,0,0,0,0,0,0,0,0,0,0,0,0,0,0,0,0,0,0,0,0,0,0,0,0,0,0,0,0,0,0,0,0,0,0,HW
https://github.com/Johnnei/SchoolJohn,1,0,0,117044,0,0,0,0,50,1,1,1,3,0,35,275774,52371,0,0,0,0,0,0,0,0,0,0,0,0,0,0,0,0,0,0,0,0,0,0,0,10535,0,0,0,0,0,0,0,0,0,0,0,0,0,0,0,0,0,0,0,0,0,0,0,0,HW
https://github.com/aprakas2/hw2_rottenpotatoes,1,0,0,188,0,0,0,0,55,4,1,1,2,0,9208,463,0,0,0,0,19598,0,0,0,0,0,0,0,0,0,0,0,0,0,0,0,0,0,0,0,0,0,0,0,0,0,0,0,0,0,0,0,0,0,0,0,0,0,0,0,0,0,0,0,0,HW
https://github.com/gleb-svechnikov/SaaS-class,0,0,0,48,0,0,0,0,0,0,1,1,0,0,0,0,0,0,0,0,0,0,0,0,0,0,0,0,0,0,0,0,0,0,0,0,0,0,0,0,0,0,0,0,0,0,0,0,0,0,0,0,0,0,0,0,0,0,0,0,0,0,0,0,0,HW
https://github.com/pamolloy/pong,1,0,1,95,0,0,0,0,5,1,1,1,2,0,520,0,0,0,0,0,0,0,11775,0,0,0,0,0,0,0,0,0,0,0,0,0,0,0,0,0,0,0,0,0,0,0,0,0,0,0,0,0,0,0,0,0,0,0,0,0,0,0,0,0,0,HW
https://github.com/bostrt/STT3850,1,0,0,112,0,0,0,0,13,1,1,1,1,0,0,0,0,0,0,0,0,0,0,0,0,0,19982,0,0,0,0,0,0,0,0,0,0,0,0,0,0,0,0,0,0,0,0,0,0,0,0,0,0,0,0,0,0,0,0,0,0,0,0,0,0,HW
https://github.com/fanchylee/digital-image-processing-homework-1,1,0,0,3752,0,0,0,0,3,1,1,0,1,0,1010,0,0,0,0,0,0,0,0,0,0,0,0,0,0,0,0,0,0,0,0,0,0,0,0,983,0,0,0,0,0,0,0,0,0,0,0,0,0,0,0,0,0,0,0,0,0,0,0,0,0,HW
https://github.com/fanchylee/Digital-image-processing-homework-7,1,0,0,360,0,0,0,0,4,1,1,0,1,0,0,0,0,0,0,0,0,0,1865,0,0,0,0,0,0,0,0,0,0,0,0,0,0,0,0,0,0,0,0,0,0,0,0,0,0,0,0,0,0,0,0,0,0,0,0,0,0,0,0,0,0,HW
https://github.com/fanchylee/Digital-image-processing-homework-6,1,0,0,224,0,0,0,0,5,1,1,0,1,0,0,0,0,0,0,0,0,0,0,0,0,0,0,0,0,0,0,0,0,0,0,0,0,0,0,230,0,0,0,0,0,0,0,0,0,0,0,0,0,0,0,0,0,0,0,0,0,0,0,0,0,HW
https://github.com/PMurph/COMP-2140-Non-Homework-Repo,2,0,0,4624,0,0,0,0,31,1,1,0,3,0,0,0,33987,5485,0,0,0,0,0,0,102223,0,0,0,0,0,0,0,0,0,0,0,0,0,0,0,0,0,0,0,0,0,0,0,0,0,0,0,0,0,0,0,0,0,0,0,0,0,0,0,0,HW
https://github.com/rl1987/CS193p-Homework-5,1,0,0,616,0,0,0,0,29,1,1,0,2,0,0,0,0,0,0,0,0,0,268,0,0,43582,0,0,0,0,0,0,0,0,0,0,0,0,0,0,0,0,0,0,0,0,0,0,0,0,0,0,0,0,0,0,0,0,0,0,0,0,0,0,0,HW
https://github.com/rl1987/CS193p-Homework-2,1,0,0,424,0,0,0,0,27,1,1,0,1,0,0,0,0,0,0,0,0,0,0,0,0,24387,0,0,0,0,0,0,0,0,0,0,0,0,0,0,0,0,0,0,0,0,0,0,0,0,0,0,0,0,0,0,0,0,0,0,0,0,0,0,0,HW
https://github.com/rl1987/CS193p-Homework-3,1,0,0,132,0,0,0,0,15,1,1,0,1,0,0,0,0,0,0,0,0,0,0,0,0,37152,0,0,0,0,0,0,0,0,0,0,0,0,0,0,0,0,0,0,0,0,0,0,0,0,0,0,0,0,0,0,0,0,0,0,0,0,0,0,0,HW
https://github.com/rl1987/CS193p-Homework-4,1,0,0,128,0,0,0,0,11,1,1,0,2,0,0,0,0,0,0,0,0,0,268,0,0,15829,0,0,0,0,0,0,0,0,0,0,0,0,0,0,0,0,0,0,0,0,0,0,0,0,0,0,0,0,0,0,0,0,0,0,0,0,0,0,0,HW
https://github.com/lencse/Computer-graphics-2011,2,0,0,224,0,0,0,0,15,1,1,1,2,0,154,16507,0,0,1829,0,0,0,0,0,0,0,0,0,0,0,0,0,0,0,0,0,0,0,0,0,0,0,0,0,0,0,0,0,0,0,0,0,0,0,0,0,0,0,0,0,0,0,0,0,0,HW
https://github.com/lencse/Numerical-analysis-2011,1,0,0,228,0,0,0,0,15,1,1,1,1,0,130,0,0,0,0,0,0,21978,0,0,0,0,0,0,0,0,0,0,0,0,0,0,0,0,0,0,0,0,0,0,0,0,0,0,0,0,0,0,0,0,0,0,0,0,0,0,0,0,0,0,0,HW
https://github.com/axelguilmin/Transat,1,0,8,2309,0,0,0,0,6,1,1,1,1,0,0,0,428398,0,0,0,0,0,0,0,0,0,0,0,0,0,0,0,0,0,0,0,0,0,0,0,0,0,0,0,0,0,0,0,0,0,0,0,0,0,0,0,0,0,0,0,0,0,0,0,0,HW
https://github.com/t-mart/LC-3-Parser,6,0,0,330,0,0,0,0,29,1,1,1,3,0,933,0,0,0,0,0,4508,0,3330,0,0,0,0,0,0,0,0,0,0,0,0,0,0,0,0,0,0,0,0,0,0,0,0,0,5725,0,0,0,0,0,0,0,0,0,0,0,0,0,0,0,0,HW
https://github.com/skarger/hw119,11,0,0,340,0,0,0,0,33,1,1,1,1,0,0,0,55535,0,0,0,0,0,0,0,0,0,0,0,0,0,0,0,0,0,0,0,0,0,0,0,0,0,0,0,0,0,0,0,0,0,0,0,0,0,0,0,0,0,0,0,0,0,0,0,0,HW
https://github.com/bdemirkir/bdemirkir-cpp-homeworks,1,0,0,132,0,0,0,0,20,1,1,1,2,0,0,0,0,0,0,0,0,4977,0,0,0,0,0,0,0,0,0,0,0,0,0,0,0,0,0,0,0,0,0,0,0,0,0,0,0,0,0,0,0,0,0,0,0,0,0,0,0,0,0,0,0,HW
https://github.com/cgundogan/dirsync,1,0,0,96,0,0,0,0,0,0,1,1,1,0,0,0,0,0,0,0,0,0,2753,0,0,0,0,0,0,0,0,0,0,0,0,0,0,0,0,0,0,0,0,0,0,0,0,0,0,0,0,0,0,0,0,0,0,0,0,0,0,0,0,0,0,HW
https://github.com/albertmenglongli/HomeWorkOne,1,0,0,320,0,0,0,0,1,1,1,1,1,0,0,0,15340,0,0,0,0,0,0,0,0,0,0,0,0,0,0,0,0,0,0,0,0,0,0,0,0,0,0,0,0,0,0,0,0,0,0,0,0,0,0,0,0,0,0,0,0,0,0,0,0,HW
https://github.com/JoshDavis/assignments,1,0,0,228,0,0,0,0,50,1,1,1,2,0,208,4134,0,0,0,28960,0,0,0,0,0,0,0,0,0,0,0,0,0,0,0,0,0,0,0,0,0,0,0,0,0,0,0,0,0,0,0,0,0,0,0,0,0,0,0,0,0,0,0,0,0,HW
https://github.com/jameswilliamiii/ProblemChildApp,1,0,0,112,0,0,0,0,1,1,1,1,3,0,530,641,0,0,0,0,15848,0,0,0,0,0,0,0,0,0,229,0,0,0,0,0,0,0,0,0,0,0,0,0,0,0,0,0,0,0,0,0,0,0,0,0,0,0,0,0,0,0,0,0,0,HW
https://github.com/bkou/school,1,0,0,104,0,0,0,0,4,1,1,1,1,0,772,0,0,26914,0,0,0,0,0,0,0,0,0,0,0,0,0,0,0,0,0,0,0,0,0,0,0,0,0,0,0,0,0,0,0,0,0,0,0,0,0,0,0,0,0,0,0,0,0,0,0,HW
https://github.com/jeffmjack/2.1,1,0,0,96,0,0,0,0,0,0,1,1,0,0,0,0,0,0,0,0,0,0,0,0,0,0,0,0,0,0,0,0,0,0,0,0,0,0,0,0,0,0,0,0,0,0,0,0,0,0,0,0,0,0,0,0,0,0,0,0,0,0,0,0,0,HW
https://github.com/xiadz/operating-systems,1,0,0,184,0,0,0,0,55,1,1,1,2,0,0,0,0,0,0,0,0,0,83752,2008,0,0,0,0,0,0,0,0,0,0,0,0,0,0,0,0,0,0,0,0,0,0,0,0,0,0,0,0,0,0,0,0,0,0,0,0,0,0,0,0,0,HW
https://github.com/benjaminfisher/class-cloud,1,0,0,193,0,0,0,0,6,1,1,1,0,0,9208,0,0,0,0,0,0,0,0,0,0,0,0,0,0,0,0,0,0,0,0,0,0,0,0,0,0,0,0,0,0,0,0,0,0,0,0,0,0,0,0,0,0,0,0,0,0,0,0,0,0,HW
https://github.com/weh/7-in-7,2,0,0,96,0,0,0,0,1,1,1,1,0,0,108,0,0,0,0,0,0,0,0,0,0,0,0,0,0,0,0,0,0,0,0,0,0,0,0,0,0,0,0,0,0,0,0,0,0,0,0,0,0,0,0,0,0,0,0,0,0,0,0,0,0,HW
https://github.com/buerkle/cs373,1,0,0,108,0,0,0,0,4,1,1,1,1,0,0,0,0,55628,0,0,0,0,0,0,0,0,0,0,0,0,0,0,0,0,0,0,0,0,0,0,0,0,0,0,0,0,0,0,0,0,0,0,0,0,0,0,0,0,0,0,0,0,0,0,0,HW
https://github.com/shuboc/CP2011_scripts,0,0,0,48,0,0,0,0,0,0,1,1,0,0,0,0,0,0,0,0,0,0,0,0,0,0,0,0,0,0,0,0,0,0,0,0,0,0,0,0,0,0,0,0,0,0,0,0,0,0,0,0,0,0,0,0,0,0,0,0,0,0,0,0,0,HW
https://github.com/wathiede/go.fracserv,2,0,0,344,0,0,0,0,19,1,1,1,0,0,2867,0,0,0,0,0,0,0,0,0,0,0,0,0,0,0,0,0,0,0,0,0,0,0,0,0,0,0,0,0,0,0,0,0,0,0,0,0,0,0,0,0,0,0,0,0,0,0,0,0,0,HW
https://github.com/joseph8th/M412,1,0,0,12220,0,0,0,0,0,0,1,1,2,0,154,0,0,0,0,0,0,0,0,0,0,97,0,0,0,0,0,0,0,0,0,0,0,0,0,10465,0,0,0,0,0,0,0,0,0,0,0,0,0,0,0,0,0,0,0,0,0,0,0,0,0,HW
https://github.com/afranklin/AaronFranklin-UWPython,1,0,0,168,0,0,0,0,28,1,1,1,1,0,0,0,0,40267,0,0,0,0,0,0,0,0,0,0,0,0,0,0,0,0,0,0,0,0,0,0,0,0,0,0,0,0,0,0,0,0,0,0,0,0,0,0,0,0,0,0,0,0,0,0,0,HW
https://github.com/mherodev/hw2_rottenpotatoes,1,0,0,260,0,0,0,0,47,3,1,1,2,0,9208,463,0,0,0,0,18684,0,0,0,0,0,0,0,0,0,0,0,0,0,0,0,0,0,0,0,0,0,0,0,0,0,0,0,0,0,0,0,0,0,0,0,0,0,0,0,0,0,0,0,0,HW
https://github.com/cannium/myShell,1,0,0,124,0,0,0,0,11,1,1,1,1,0,1156,0,0,0,0,0,0,0,8535,0,0,0,0,0,0,0,0,0,0,0,0,0,0,0,0,0,0,0,0,0,0,0,0,0,0,0,0,0,0,0,0,0,0,0,0,0,0,0,0,0,0,HW
https://github.com/ronald-park-kluck/assignments,1,0,0,1984,0,0,0,0,90,1,1,1,2,0,220,8020,0,0,0,42821,0,0,0,0,0,0,0,0,0,0,0,0,0,0,0,0,0,0,0,0,0,0,0,0,0,0,0,0,0,0,0,0,0,0,0,0,0,0,0,0,0,0,0,0,0,HW
https://github.com/otzy007/tema3pc,1,0,0,201,0,0,0,0,0,0,1,1,2,0,0,0,0,0,0,0,0,23330,189,0,0,0,0,0,0,0,0,0,0,0,0,0,0,0,0,0,0,0,0,0,0,0,0,0,0,0,0,0,0,0,0,0,0,0,0,0,0,0,0,0,0,HW
https://github.com/dustalov/calabrone,1,0,0,100,0,0,0,0,8,1,1,1,1,1,372,0,0,0,0,0,7452,0,0,0,0,0,0,0,0,0,0,0,0,0,0,0,0,0,0,0,0,0,0,0,0,0,0,0,0,0,0,0,0,0,0,0,0,0,0,0,0,0,0,0,0,HW
https://github.com/atle4ever/lecture_program_analysis,1,0,0,256,0,0,0,0,63,1,1,1,1,0,0,0,0,0,0,0,0,0,0,0,0,0,0,0,0,0,0,0,0,0,0,0,0,0,0,0,0,0,0,0,0,0,0,0,0,0,0,0,0,118214,0,0,0,0,0,0,0,0,0,0,0,HW
https://github.com/h4mu/legkisebbszam,1,0,0,572,0,0,0,0,2,1,1,1,2,1,53,0,0,0,0,0,0,0,18570,200488,0,0,0,0,0,0,0,0,0,0,0,0,0,0,0,0,0,0,0,0,0,0,0,0,0,0,0,0,0,0,0,0,0,0,0,0,0,0,0,0,0,HW
https://github.com/jzuken/coursera-saas,1,0,0,228,0,0,0,0,10,1,1,1,1,0,0,0,0,0,0,0,4210,0,0,0,0,0,0,0,0,0,0,0,0,0,0,0,0,0,0,0,0,0,0,0,0,0,0,0,0,0,0,0,0,0,0,0,0,0,0,0,0,0,0,0,0,HW
https://github.com/NebojsaKurjakov/RottenPotatoes_HW2,0,0,0,48,0,0,0,0,0,0,1,1,0,0,0,0,0,0,0,0,0,0,0,0,0,0,0,0,0,0,0,0,0,0,0,0,0,0,0,0,0,0,0,0,0,0,0,0,0,0,0,0,0,0,0,0,0,0,0,0,0,0,0,0,0,HW
https://github.com/RobinKing/TestStatic,1,0,0,280,0,0,0,0,2,1,1,1,5,0,46,1082,0,0,0,0,40506,0,0,520,0,0,0,0,0,211,0,0,0,0,0,0,0,0,0,0,0,0,0,0,0,0,0,0,0,0,0,0,0,0,0,0,0,0,0,0,0,0,0,15,0,HW
https://github.com/rarosu/MA1207,1,0,0,300,0,0,0,0,4,2,1,1,1,0,0,0,0,0,0,0,0,0,0,0,0,0,0,0,0,0,0,0,0,0,0,0,0,0,0,2878,0,0,0,0,0,0,0,0,0,0,0,0,0,0,0,0,0,0,0,0,0,0,0,0,0,HW
https://github.com/jledbetter/p2pu_web_ui,1,0,0,92,0,0,0,0,3,1,1,1,1,0,0,0,0,4048,0,0,0,0,0,0,0,0,0,0,0,0,0,0,0,0,0,0,0,0,0,0,0,0,0,0,0,0,0,0,0,0,0,0,0,0,0,0,0,0,0,0,0,0,0,0,0,HW
https://github.com/Leonidas-from-XIV/tum-uebungsblatt,1,0,0,108,0,0,0,0,3,1,1,1,0,1,187,0,0,0,0,0,0,0,0,0,0,0,0,0,0,0,0,0,0,0,0,0,0,0,0,0,0,0,0,0,0,0,0,0,0,0,0,0,0,0,0,0,0,0,0,0,0,0,0,0,0,HW
https://github.com/mRevolo/planet-3,1,0,0,719,0,0,0,0,21,2,1,1,0,0,9208,0,0,0,0,0,0,0,0,0,0,0,0,0,0,0,0,0,0,0,0,0,0,0,0,0,0,0,0,0,0,0,0,0,0,0,0,0,0,0,0,0,0,0,0,0,0,0,0,0,0,HW
https://github.com/JozefCeluch/linux_school_stuff,1,0,0,411,0,0,0,0,4,1,1,1,0,0,80,0,0,0,0,0,0,0,0,0,0,0,0,0,0,0,0,0,0,0,0,0,0,0,0,0,0,0,0,0,0,0,0,0,0,0,0,0,0,0,0,0,0,0,0,0,0,0,0,0,0,HW
https://github.com/nemerkab/math325_HW3,0,0,0,48,0,0,0,0,0,0,1,1,0,0,0,0,0,0,0,0,0,0,0,0,0,0,0,0,0,0,0,0,0,0,0,0,0,0,0,0,0,0,0,0,0,0,0,0,0,0,0,0,0,0,0,0,0,0,0,0,0,0,0,0,0,HW
https://github.com/bnsh/AIClass,1,0,0,314,0,0,0,0,9,1,1,1,1,0,0,0,0,472879,0,0,0,0,0,0,0,0,0,0,0,0,0,0,0,0,0,0,0,0,0,0,0,0,0,0,0,0,0,0,0,0,0,0,0,0,0,0,0,0,0,0,0,0,0,0,0,HW
https://github.com/tchap/prolog-bellman-ford,1,0,0,112,0,0,0,0,10,1,1,1,1,0,53,0,0,0,0,0,0,0,0,0,0,0,0,0,0,0,0,0,0,0,0,0,0,0,0,0,0,0,0,0,0,0,0,0,0,0,0,0,0,0,0,0,0,0,0,0,0,0,0,0,0,HW
https://github.com/semahawk/remind.py,1,0,0,112,0,0,0,0,13,1,1,1,2,1,540,0,0,489,0,0,0,0,0,2018,0,0,0,0,0,0,0,0,0,0,0,0,0,0,0,0,0,0,0,0,0,0,0,0,0,0,0,0,0,0,0,0,0,0,0,0,0,0,0,0,0,HW
https://github.com/akoptsov/snakejourney,1,0,0,164,0,0,0,0,2,1,1,1,2,0,0,37061,0,0,0,6253,0,0,0,0,0,0,0,0,0,0,0,0,0,0,0,0,0,0,0,0,0,0,0,0,0,0,0,0,0,0,0,0,0,0,0,0,0,0,0,0,0,0,0,0,0,HW
https://github.com/Ancurio/Term-Interpreter,1,0,0,168,0,0,0,0,9,1,1,1,2,0,145,0,0,0,0,0,0,0,39985,241,0,0,0,0,0,0,0,0,0,0,0,0,0,0,0,0,0,0,0,0,0,0,0,0,0,0,0,0,0,0,0,0,0,0,0,0,0,0,0,0,0,HW
https://github.com/Sayhar/JBS-Prework,1,0,0,148,0,0,0,0,7,1,1,1,1,0,174,0,12811,0,0,0,0,0,0,0,0,0,0,0,0,0,0,0,0,0,0,0,0,0,0,0,0,0,0,0,0,0,0,0,0,0,0,0,0,0,0,0,0,0,0,0,0,0,0,0,0,HW
https://github.com/ErikShiken/CMSC-501,1,0,0,104,0,0,0,0,0,0,1,1,1,0,0,0,12028,0,0,0,0,0,0,0,0,0,0,0,0,0,0,0,0,0,0,0,0,0,0,0,0,0,0,0,0,0,0,0,0,0,0,0,0,0,0,0,0,0,0,0,0,0,0,0,0,HW
https://github.com/paul-m/ita-342,1,0,0,172,0,0,0,0,20,1,1,1,1,0,124,0,0,0,0,74981,0,0,0,0,0,0,0,0,0,0,0,0,0,0,0,0,0,0,0,0,0,0,0,0,0,0,0,0,0,0,0,0,0,0,0,0,0,0,0,0,0,0,0,0,0,HW
https://github.com/mmccarty/dm_assignment3,1,0,0,200,0,0,0,0,0,0,1,1,1,0,0,0,22953,0,0,0,0,0,0,0,0,0,0,0,0,0,0,0,0,0,0,0,0,0,0,0,0,0,0,0,0,0,0,0,0,0,0,0,0,0,0,0,0,0,0,0,0,0,0,0,0,HW
https://github.com/h4mu/pipedreamz,1,0,0,384,0,0,0,0,1,1,1,1,2,1,41,0,0,0,0,0,0,29622,0,0,0,0,0,0,0,0,0,0,0,0,0,0,0,0,0,0,0,0,0,0,0,0,0,0,0,0,0,0,0,0,0,0,0,0,0,0,0,0,0,0,0,HW
https://github.com/LabiKyo/DES-Coffee,1,0,0,96,0,0,0,0,2,1,1,1,4,0,1963,49,0,263,0,0,0,0,0,327,0,0,0,0,0,0,3807,0,0,0,0,0,0,0,0,0,0,0,0,0,0,0,0,0,0,0,0,0,0,0,0,0,0,0,0,0,0,0,0,0,0,HW
https://github.com/h4mu/CardGame,1,0,0,92,0,0,0,0,1,1,1,1,1,0,67,0,12982,0,0,0,0,0,0,0,0,0,0,0,0,0,0,0,0,0,0,0,0,0,0,0,0,0,0,0,0,0,0,0,0,0,0,0,0,0,0,0,0,0,0,0,0,0,0,0,0,HW
https://github.com/SSheldon/veccalc,1,0,0,116,0,0,0,0,18,1,1,1,1,0,22,0,0,0,0,0,0,0,0,0,32581,0,0,0,0,0,0,0,0,0,0,0,0,0,0,0,0,0,0,0,0,0,0,0,0,0,0,0,0,0,0,0,0,0,0,0,0,0,0,0,0,HW
https://github.com/aromanovich/ODE-methods-comparison,2,0,0,132,0,0,0,0,3,1,1,1,1,0,59,6700,0,0,0,0,0,0,0,0,0,0,0,0,0,0,0,0,0,0,0,0,0,0,0,0,0,0,0,0,0,0,0,0,0,0,0,0,0,0,0,0,0,0,0,0,0,0,0,0,0,HW
https://github.com/ayanonagon/cis350-test,1,0,0,92,0,0,0,0,5,1,1,1,1,0,13,0,12136,0,0,0,0,0,0,0,0,0,0,0,0,0,0,0,0,0,0,0,0,0,0,0,0,0,0,0,0,0,0,0,0,0,0,0,0,0,0,0,0,0,0,0,0,0,0,0,0,HW
https://github.com/jklein/image-transform,1,0,0,164,0,0,0,0,23,1,1,1,1,0,3461,0,0,0,0,64665,0,0,0,0,0,0,0,0,0,0,0,0,0,0,0,0,0,0,0,0,0,0,0,0,0,0,0,0,0,0,0,0,0,0,0,0,0,0,0,0,0,0,0,0,0,HW
https://github.com/bearprada/f5-android-practice,1,0,0,132,0,0,0,0,2,1,1,1,1,0,117,0,365,0,0,0,0,0,0,0,0,0,0,0,0,0,0,0,0,0,0,0,0,0,0,0,0,0,0,0,0,0,0,0,0,0,0,0,0,0,0,0,0,0,0,0,0,0,0,0,0,HW
https://github.com/JaimeLynSchatz/udacity_hw,1,0,0,128,0,0,0,0,3,1,1,1,0,0,98,0,0,0,0,0,0,0,0,0,0,0,0,0,0,0,0,0,0,0,0,0,0,0,0,0,0,0,0,0,0,0,0,0,0,0,0,0,0,0,0,0,0,0,0,0,0,0,0,0,0,HW
https://github.com/lzw120/Racket,0,0,0,48,0,0,0,0,0,0,1,1,0,0,0,0,0,0,0,0,0,0,0,0,0,0,0,0,0,0,0,0,0,0,0,0,0,0,0,0,0,0,0,0,0,0,0,0,0,0,0,0,0,0,0,0,0,0,0,0,0,0,0,0,0,HW
https://github.com/chentingpc/WEB.puppy.WMS,1,0,0,504,0,0,0,0,6,1,1,1,0,0,1056,0,0,0,0,0,0,0,0,0,0,0,0,0,0,0,0,0,0,0,0,0,0,0,0,0,0,0,0,0,0,0,0,0,0,0,0,0,0,0,0,0,0,0,0,0,0,0,0,0,0,HW
https://github.com/mahmoudhossam/signup,1,0,0,104,0,0,0,0,15,1,1,1,1,0,1192,0,0,9980,0,0,0,0,0,0,0,0,0,0,0,0,0,0,0,0,0,0,0,0,0,0,0,0,0,0,0,0,0,0,0,0,0,0,0,0,0,0,0,0,0,0,0,0,0,0,0,HW
https://github.com/mihaimaruseac/cdte,1,0,0,276,0,0,0,0,68,1,1,1,2,0,192,0,0,0,0,0,0,0,0,208,0,0,0,0,0,0,0,0,0,0,0,0,6209,0,0,0,0,0,0,0,0,0,0,0,0,0,0,0,0,0,0,0,0,0,0,0,0,0,0,0,0,HW
https://github.com/MidnightLightning/seven-languages,1,0,0,116,0,0,0,0,10,1,1,1,3,0,1081,0,0,0,0,0,387,0,0,0,0,0,0,0,0,0,0,0,0,0,0,0,0,0,0,0,0,0,0,0,0,0,0,0,0,0,0,0,0,0,0,0,0,0,0,0,0,0,0,0,0,HW
https://github.com/logicplace/ChemHelp,1,0,0,96,0,0,0,0,0,0,1,1,1,0,985,0,0,19776,0,0,0,0,0,0,0,0,0,0,0,0,0,0,0,0,0,0,0,0,0,0,0,0,0,0,0,0,0,0,0,0,0,0,0,0,0,0,0,0,0,0,0,0,0,0,0,HW
https://github.com/otzy007/tema2pp-HaskellRobot,1,0,0,135,0,0,0,0,1,1,1,1,1,0,0,0,0,0,0,0,0,0,0,0,0,0,0,0,0,0,0,0,0,0,0,0,12131,0,0,0,0,0,0,0,0,0,0,0,0,0,0,0,0,0,0,0,0,0,0,0,0,0,0,0,0,HW
https://github.com/sp0rus/Turing,1,0,0,3191,0,0,0,0,29,1,1,1,6,0,180,0,185150,0,0,0,0,52835,23322,300,0,0,0,0,0,0,0,0,0,0,0,0,0,0,0,0,0,0,0,0,0,0,0,0,861,0,0,0,0,0,346,0,0,0,0,0,0,0,0,0,0,HW
https://github.com/t-mart/LC-3-Disassembler,6,0,0,248,0,0,0,0,29,1,1,1,2,0,12,0,0,0,0,0,11598,0,0,0,0,0,0,0,0,0,0,0,0,0,0,0,0,0,0,0,0,0,0,0,0,0,0,0,12884,0,0,0,0,0,0,0,0,0,0,0,0,0,0,0,0,HW
https://github.com/xxyy/hue,3,0,0,940,0,0,0,0,47,1,1,1,1,0,958,0,0,0,0,82309,0,0,0,0,0,0,0,0,0,0,0,0,0,0,0,0,0,0,0,0,0,0,0,0,0,0,0,0,0,0,0,0,0,0,0,0,0,0,0,0,0,0,0,0,0,HW
https://github.com/toowhite/udacity_cs253,1,0,0,108,0,0,0,0,1,1,1,1,1,0,322,0,0,6930,0,0,0,0,0,0,0,0,0,0,0,0,0,0,0,0,0,0,0,0,0,0,0,0,0,0,0,0,0,0,0,0,0,0,0,0,0,0,0,0,0,0,0,0,0,0,0,HW
https://github.com/Ellarina/homework,1,0,0,100,0,0,0,0,0,0,1,0,2,0,0,0,0,0,0,0,0,1905,530,0,0,0,0,0,0,0,0,0,0,0,0,0,0,0,0,0,0,0,0,0,0,0,0,0,0,0,0,0,0,0,0,0,0,0,0,0,0,0,0,0,0,HW
https://github.com/harryliang/homework,0,0,0,56,0,0,0,0,0,0,1,1,0,0,0,0,0,0,0,0,0,0,0,0,0,0,0,0,0,0,0,0,0,0,0,0,0,0,0,0,0,0,0,0,0,0,0,0,0,0,0,0,0,0,0,0,0,0,0,0,0,0,0,0,0,HW
https://github.com/MR-Mostafa/HomeWork,1,0,0,528,0,0,0,0,1,1,1,1,0,0,0,0,0,0,0,0,0,0,0,0,0,0,0,0,0,0,0,0,0,0,0,0,0,0,0,0,0,0,0,0,0,0,0,0,0,0,0,0,0,0,0,0,0,0,0,0,0,0,0,0,0,HW
https://github.com/asilyihong/homework,1,0,0,144,0,0,0,0,5,1,1,1,1,0,47,0,0,0,0,0,0,0,8166,0,0,0,0,0,0,0,0,0,0,0,0,0,0,0,0,0,0,0,0,0,0,0,0,0,0,0,0,0,0,0,0,0,0,0,0,0,0,0,0,0,0,HW
https://github.com/officiallysingh/homework,1,0,0,980,0,0,0,0,44,1,1,1,4,0,0,82680,357348,0,0,0,0,0,0,0,0,0,0,0,0,0,0,0,0,0,0,0,0,0,0,0,0,15604,0,0,0,0,0,0,0,0,0,0,0,0,0,0,0,0,0,0,0,0,0,0,0,HW
https://github.com/helloalexpeterson/Homework,1,0,0,132,0,0,0,0,0,0,1,0,0,0,0,0,0,0,0,0,0,0,0,0,0,0,0,0,0,0,0,0,0,0,0,0,0,0,0,0,0,0,0,0,0,0,0,0,0,0,0,0,0,0,0,0,0,0,0,0,0,0,0,0,0,HW
https://github.com/likunqiao097304/homework,1,0,0,100,0,0,0,0,1,1,1,1,0,0,0,0,0,0,0,0,0,0,0,0,0,0,0,0,0,0,0,0,0,0,0,0,0,0,0,0,0,0,0,0,0,0,0,0,0,0,0,0,0,0,0,0,0,0,0,0,0,0,0,0,0,HW
https://github.com/yumaikas/HomeWork,1,0,0,140,0,0,0,0,2,1,1,1,1,0,196,0,0,0,0,0,0,15472,0,0,0,0,0,0,0,0,0,0,0,0,0,0,0,0,0,0,0,0,0,0,0,0,0,0,0,0,0,0,0,0,0,0,0,0,0,0,0,0,0,0,0,HW
https://github.com/Jarolim/HomeWork,1,0,0,269632,0,0,0,0,4,1,1,1,5,0,51,2807124,0,0,235822,42795,480,0,0,0,892852,0,0,0,0,0,0,0,0,0,0,0,0,0,0,0,0,0,0,0,0,0,0,0,0,0,0,0,0,0,0,0,0,0,0,0,0,0,0,0,0,HW
https://github.com/dousekp/homework,2,0,0,38848,0,0,0,0,1,1,1,0,0,0,17,0,0,0,0,0,0,0,0,0,0,0,0,0,0,0,0,0,0,0,0,0,0,0,0,0,0,0,0,0,0,0,0,0,0,0,0,0,0,0,0,0,0,0,0,0,0,0,0,0,0,HW
https://github.com/funnjicko/homework,1,0,0,108,0,0,0,0,1,1,1,0,0,0,17,0,0,0,0,0,0,0,0,0,0,0,0,0,0,0,0,0,0,0,0,0,0,0,0,0,0,0,0,0,0,0,0,0,0,0,0,0,0,0,0,0,0,0,0,0,0,0,0,0,0,HW
https://github.com/MelissaHauer/Homework,1,0,0,2024,0,0,0,0,3,1,1,1,1,0,0,0,0,0,0,0,457,0,0,0,0,0,0,0,0,0,0,0,0,0,0,0,0,0,0,0,0,0,0,0,0,0,0,0,0,0,0,0,0,0,0,0,0,0,0,0,0,0,0,0,0,HW
https://github.com/mcclaskc/homework,1,0,0,260,0,0,0,0,3,1,1,1,1,0,82,0,0,0,0,0,1125,0,0,0,0,0,0,0,0,0,0,0,0,0,0,0,0,0,0,0,0,0,0,0,0,0,0,0,0,0,0,0,0,0,0,0,0,0,0,0,0,0,0,0,0,HW
https://github.com/druerridge/homework,1,0,0,39508,0,0,0,0,5,1,1,0,3,0,17,0,0,0,0,0,0,10972,29459,0,0,611,0,0,0,0,0,0,0,0,0,0,0,0,0,0,0,0,0,0,0,0,0,0,0,0,0,0,0,0,0,0,0,0,0,0,0,0,0,0,0,HW
https://github.com/vb3/homework,1,0,0,7672,0,0,0,0,42,1,1,1,5,0,0,0,0,8696,0,0,0,10890,164216,608,0,0,0,0,0,1927,0,0,0,0,0,0,0,0,0,0,0,0,0,0,0,0,0,0,0,0,0,0,0,0,0,0,0,0,0,0,0,0,0,0,0,HW
https://github.com/kcomputer/homework,1,0,0,15676,0,0,0,0,57,1,1,0,5,0,0,0,0,0,0,0,0,157998,14324,0,0,5255,0,0,0,0,0,0,0,0,0,0,19270,0,0,0,0,0,0,0,0,0,0,0,0,0,0,0,0,0,0,0,0,0,0,0,0,0,0,0,0,HW
https://github.com/ChrisJosef/homework,1,0,0,108,0,0,0,0,0,0,1,1,1,0,0,0,0,0,0,0,6511,0,0,0,0,0,0,0,0,0,0,0,0,0,0,0,0,0,0,0,0,0,0,0,0,0,0,0,0,0,0,0,0,0,0,0,0,0,0,0,0,0,0,0,0,HW
https://github.com/timbog/Homework,1,0,0,7468,0,0,0,0,85,1,1,1,3,0,35,0,0,0,0,0,0,1997,0,0,205556,0,0,0,0,0,0,0,0,0,0,0,0,0,0,0,0,0,0,0,0,0,0,0,0,0,0,0,0,0,0,0,0,0,0,24027,0,0,0,0,0,HW
https://github.com/Jordach/HomeWork,1,0,0,116,0,0,0,0,17,1,1,1,1,0,111,0,0,0,0,0,0,4437,0,0,0,0,0,0,0,0,0,0,0,0,0,0,0,0,0,0,0,0,0,0,0,0,0,0,0,0,0,0,0,0,0,0,0,0,0,0,0,0,0,0,0,HW
https://github.com/thegiive/homework,1,0,1,616,0,0,0,0,2,1,1,0,1,0,17,0,18986,0,0,0,0,0,0,0,0,0,0,0,0,0,0,0,0,0,0,0,0,0,0,0,0,0,0,0,0,0,0,0,0,0,0,0,0,0,0,0,0,0,0,0,0,0,0,0,0,HW
https://github.com/melodic-mortem/HomeWork,1,0,0,1020,0,0,0,0,4,1,1,1,0,0,0,0,0,0,0,0,0,0,0,0,0,0,0,0,0,0,0,0,0,0,0,0,0,0,0,0,0,0,0,0,0,0,0,0,0,0,0,0,0,0,0,0,0,0,0,0,0,0,0,0,0,HW
https://github.com/Ibokan13-homework/HomeWork,1,0,0,154680,0,0,0,0,193,10,1,1,1,0,0,471541,0,0,0,0,0,0,0,0,0,0,0,0,0,0,0,0,0,0,0,0,0,0,0,0,0,0,0,0,0,0,0,0,0,0,0,0,0,0,0,0,0,0,0,0,0,0,0,0,0,HW
https://github.com/Zombubba/homework,1,0,0,108,0,0,0,0,1,1,1,0,0,0,17,0,0,0,0,0,0,0,0,0,0,0,0,0,0,0,0,0,0,0,0,0,0,0,0,0,0,0,0,0,0,0,0,0,0,0,0,0,0,0,0,0,0,0,0,0,0,0,0,0,0,HW
https://github.com/mohammadn/Homework,1,0,0,220,0,0,0,0,0,0,1,1,1,0,25,107,0,0,0,0,0,0,0,0,0,0,0,0,0,0,0,0,0,0,0,0,0,0,0,0,0,0,0,0,0,0,0,0,0,0,0,0,0,0,0,0,0,0,0,0,0,0,0,0,0,HW
https://github.com/yuriy4/Homework,1,0,0,108,0,0,0,0,2,1,1,1,0,0,59,0,0,0,0,0,0,0,0,0,0,0,0,0,0,0,0,0,0,0,0,0,0,0,0,0,0,0,0,0,0,0,0,0,0,0,0,0,0,0,0,0,0,0,0,0,0,0,0,0,0,HW
https://github.com/mydavid66/homework,1,0,0,444,0,0,0,0,2,1,1,1,1,0,33,18630,0,0,0,0,0,0,0,0,0,0,0,0,0,0,0,0,0,0,0,0,0,0,0,0,0,0,0,0,0,0,0,0,0,0,0,0,0,0,0,0,0,0,0,0,0,0,0,0,0,HW
https://github.com/rustam-azimov/homeWork,1,0,0,484,0,0,0,0,75,1,1,1,4,0,0,0,0,0,0,0,0,151933,6442,0,0,5442,0,0,0,0,0,0,0,0,0,0,0,0,0,0,0,0,0,0,0,0,0,0,0,0,0,0,0,0,0,0,0,0,0,0,0,0,0,0,0,HW
https://github.com/kaznoboo/homework,1,0,0,108,0,0,0,0,1,1,1,0,0,0,17,0,0,0,0,0,0,0,0,0,0,0,0,0,0,0,0,0,0,0,0,0,0,0,0,0,0,0,0,0,0,0,0,0,0,0,0,0,0,0,0,0,0,0,0,0,0,0,0,0,0,HW
https://github.com/SunInJuly/HOMEWORK,1,0,0,128,0,0,0,0,1,1,1,1,2,0,0,0,0,0,0,0,0,58224,2516,0,0,0,0,0,0,0,0,0,0,0,0,0,0,0,0,0,0,0,0,0,0,0,0,0,0,0,0,0,0,0,0,0,0,0,0,0,0,0,0,0,0,HW
https://github.com/daryn0493/homework,0,0,0,56,0,0,0,0,0,0,1,0,0,0,0,0,0,0,0,0,0,0,0,0,0,0,0,0,0,0,0,0,0,0,0,0,0,0,0,0,0,0,0,0,0,0,0,0,0,0,0,0,0,0,0,0,0,0,0,0,0,0,0,0,0,HW
https://github.com/zhiyenaly/Homework,0,0,0,56,0,0,0,0,0,0,1,1,0,0,0,0,0,0,0,0,0,0,0,0,0,0,0,0,0,0,0,0,0,0,0,0,0,0,0,0,0,0,0,0,0,0,0,0,0,0,0,0,0,0,0,0,0,0,0,0,0,0,0,0,0,HW
https://github.com/alderabane/HomeWork,1,0,0,104,0,0,0,0,3,1,1,1,0,0,28,0,0,0,0,0,0,0,0,0,0,0,0,0,0,0,0,0,0,0,0,0,0,0,0,0,0,0,0,0,0,0,0,0,0,0,0,0,0,0,0,0,0,0,0,0,0,0,0,0,0,HW
https://github.com/romankurbatov/homework,1,0,0,496,0,0,0,0,51,1,1,0,4,0,0,0,0,0,0,0,0,161376,3198,0,0,1402,0,0,0,0,0,0,0,0,0,0,0,0,0,0,0,0,0,0,0,0,0,0,0,0,0,0,0,0,0,0,0,0,0,0,0,0,0,0,0,HW
https://github.com/mgshuster/Homework,3,0,0,28929,0,0,0,0,82,2,1,1,1,0,39,0,0,3649,0,0,0,0,0,0,0,0,0,0,0,0,0,0,0,0,0,0,0,0,0,0,0,0,0,0,0,0,0,0,0,0,0,0,0,0,0,0,0,0,0,0,0,0,0,0,0,HW
https://github.com/coderkat/homework,1,0,0,96,0,0,0,0,0,0,1,1,1,0,0,0,0,1276,0,0,0,0,0,0,0,0,0,0,0,0,0,0,0,0,0,0,0,0,0,0,0,0,0,0,0,0,0,0,0,0,0,0,0,0,0,0,0,0,0,0,0,0,0,0,0,HW
https://github.com/akil93/HOMEWORK,0,0,0,56,0,0,0,0,0,0,1,0,0,0,0,0,0,0,0,0,0,0,0,0,0,0,0,0,0,0,0,0,0,0,0,0,0,0,0,0,0,0,0,0,0,0,0,0,0,0,0,0,0,0,0,0,0,0,0,0,0,0,0,0,0,HW
https://github.com/modaresi/HomeWork,1,0,0,3568,0,0,0,0,8,1,1,0,2,0,17,48981,0,0,0,1100,0,0,0,0,0,0,0,0,0,0,0,0,0,0,0,0,0,0,0,0,0,0,0,0,0,0,0,0,0,0,0,0,0,0,0,0,0,0,0,0,0,0,0,0,0,HW
https://github.com/Bocika023/homework,1,0,0,140,0,0,0,0,13,2,1,1,1,0,27,0,0,0,0,4604,0,0,0,0,0,0,0,0,0,0,0,0,0,0,0,0,0,0,0,0,0,0,0,0,0,0,0,0,0,0,0,0,0,0,0,0,0,0,0,0,0,0,0,0,0,HW
https://github.com/philbattos/homework,1,0,0,112,0,0,0,0,1,1,1,0,0,0,17,0,0,0,0,0,0,0,0,0,0,0,0,0,0,0,0,0,0,0,0,0,0,0,0,0,0,0,0,0,0,0,0,0,0,0,0,0,0,0,0,0,0,0,0,0,0,0,0,0,0,HW
https://github.com/MerkulovMykhaylo/homeWork,1,0,0,120,0,0,0,0,0,0,1,0,0,0,0,0,0,0,0,0,0,0,0,0,0,0,0,0,0,0,0,0,0,0,0,0,0,0,0,0,0,0,0,0,0,0,0,0,0,0,0,0,0,0,0,0,0,0,0,0,0,0,0,0,0,HW
https://github.com/sburnett729/Homework,1,0,0,1924,0,0,0,0,23,1,1,0,0,0,0,0,0,0,0,0,0,0,0,0,0,0,0,0,0,0,0,0,0,0,0,0,0,0,0,0,0,0,0,0,0,0,0,0,0,0,0,0,0,0,0,0,0,0,0,0,0,0,0,0,0,HW
https://github.com/alibubae/HomeWork,0,0,0,56,0,0,0,0,0,0,1,0,0,0,0,0,0,0,0,0,0,0,0,0,0,0,0,0,0,0,0,0,0,0,0,0,0,0,0,0,0,0,0,0,0,0,0,0,0,0,0,0,0,0,0,0,0,0,0,0,0,0,0,0,0,HW
https://github.com/sharkybait/homework,0,0,0,56,0,0,0,0,0,0,1,0,0,0,0,0,0,0,0,0,0,0,0,0,0,0,0,0,0,0,0,0,0,0,0,0,0,0,0,0,0,0,0,0,0,0,0,0,0,0,0,0,0,0,0,0,0,0,0,0,0,0,0,0,0,HW
https://github.com/tatkaz/homework,1,0,0,108,0,0,0,0,4,1,1,1,0,0,0,0,0,0,0,0,0,0,0,0,0,0,0,0,0,0,0,0,0,0,0,0,0,0,0,0,0,0,0,0,0,0,0,0,0,0,0,0,0,0,0,0,0,0,0,0,0,0,0,0,0,HW
https://github.com/AndrewMagliozzi/homework,1,0,0,110,0,0,0,0,4,2,1,1,0,0,44,0,0,0,0,0,0,0,0,0,0,0,0,0,0,0,0,0,0,0,0,0,0,0,0,0,0,0,0,0,0,0,0,0,0,0,0,0,0,0,0,0,0,0,0,0,0,0,0,0,0,HW
https://github.com/ivaylodimitrov/homework,1,0,0,116,0,0,0,0,2,1,1,0,0,0,0,0,0,0,0,0,0,0,0,0,0,0,0,0,0,0,0,0,0,0,0,0,0,0,0,0,0,0,0,0,0,0,0,0,0,0,0,0,0,0,0,0,0,0,0,0,0,0,0,0,0,HW
https://github.com/taftialireza/homework,1,0,0,3336,0,0,0,0,7,1,1,0,2,0,17,3557,0,0,0,2092,0,0,0,0,0,0,0,0,0,0,0,0,0,0,0,0,0,0,0,0,0,0,0,0,0,0,0,0,0,0,0,0,0,0,0,0,0,0,0,0,0,0,0,0,0,HW
https://github.com/jodilipe/homework,3,0,0,452,0,0,0,0,1,1,1,0,1,0,17,0,0,0,0,0,0,0,0,0,0,203667,0,0,0,0,0,0,0,0,0,0,0,0,0,0,0,0,0,0,0,0,0,0,0,0,0,0,0,0,0,0,0,0,0,0,0,0,0,0,0,HW
https://github.com/philAnderson2004/Homework,1,0,0,112,0,0,0,0,7,1,1,1,0,0,36,0,0,0,0,0,0,0,0,0,0,0,0,0,0,0,0,0,0,0,0,0,0,0,0,0,0,0,0,0,0,0,0,0,0,0,0,0,0,0,0,0,0,0,0,0,0,0,0,0,0,HW
https://github.com/ar562/albert,0,0,0,56,0,0,0,0,0,0,1,1,0,0,0,0,0,0,0,0,0,0,0,0,0,0,0,0,0,0,0,0,0,0,0,0,0,0,0,0,0,0,0,0,0,0,0,0,0,0,0,0,0,0,0,0,0,0,0,0,0,0,0,0,0,HW
https://github.com/yume190/SQA,1,0,0,136,0,0,0,0,7,1,1,1,1,0,29,0,4612,0,0,0,0,0,0,0,0,0,0,0,0,0,0,0,0,0,0,0,0,0,0,0,0,0,0,0,0,0,0,0,0,0,0,0,0,0,0,0,0,0,0,0,0,0,0,0,0,HW
https://github.com/xufeiji/MyProj,1,0,0,116,0,0,0,0,2,1,1,1,0,0,0,0,0,0,0,0,0,0,0,0,0,0,0,0,0,0,0,0,0,0,0,0,0,0,0,0,0,0,0,0,0,0,0,0,0,0,0,0,0,0,0,0,0,0,0,0,0,0,0,0,0,HW
https://github.com/adahera222/Unity3D-HanSangho,1,0,0,142,0,0,0,0,6,1,1,1,0,0,0,0,0,0,0,0,0,0,0,0,0,0,0,0,0,0,0,0,0,0,0,0,0,0,0,0,0,0,0,0,0,0,0,0,0,0,0,0,0,0,0,0,0,0,0,0,0,0,0,0,0,HW
https://github.com/GordinMaxim/logoworld,1,0,1,1932,0,0,0,0,16,1,1,1,1,0,17,0,23941,0,0,0,0,0,0,0,0,0,0,0,0,0,0,0,0,0,0,0,0,0,0,0,0,0,0,0,0,0,0,0,0,0,0,0,0,0,0,0,0,0,0,0,0,0,0,0,0,HW
https://github.com/OscarValle4/Feb14,1,0,0,120,0,0,0,0,0,0,1,1,1,0,0,0,0,0,0,0,0,0,0,0,0,3886,0,0,0,0,0,0,0,0,0,0,0,0,0,0,0,0,0,0,0,0,0,0,0,0,0,0,0,0,0,0,0,0,0,0,0,0,0,0,0,HW
https://github.com/Umical/Umical,1,0,0,112,0,0,0,0,3,1,1,1,1,0,0,0,7444,0,0,0,0,0,0,0,0,0,0,0,0,0,0,0,0,0,0,0,0,0,0,0,0,0,0,0,0,0,0,0,0,0,0,0,0,0,0,0,0,0,0,0,0,0,0,0,0,HW
https://github.com/Arthurisme/SystemAnalysisLabReiew5,1,0,0,120,0,0,0,0,8,1,1,1,1,0,0,0,419,0,0,0,0,0,0,0,0,0,0,0,0,0,0,0,0,0,0,0,0,0,0,0,0,0,0,0,0,0,0,0,0,0,0,0,0,0,0,0,0,0,0,0,0,0,0,0,0,HW
https://github.com/asssy/CSS,1,0,0,468,0,0,0,0,5,1,1,1,0,0,0,0,0,0,0,0,0,0,0,0,0,0,0,0,0,0,0,0,0,0,0,0,0,0,0,0,0,0,0,0,0,0,0,0,0,0,0,0,0,0,0,0,0,0,0,0,0,0,0,0,0,HW
https://github.com/verner/VernerNYCDA,1,0,0,108,0,0,0,0,4,1,1,1,1,0,0,0,0,0,0,0,878,0,0,0,0,0,0,0,0,0,0,0,0,0,0,0,0,0,0,0,0,0,0,0,0,0,0,0,0,0,0,0,0,0,0,0,0,0,0,0,0,0,0,0,0,HW
https://github.com/RV20019438/test-rep-,0,0,0,56,0,0,0,0,0,0,1,1,0,0,0,0,0,0,0,0,0,0,0,0,0,0,0,0,0,0,0,0,0,0,0,0,0,0,0,0,0,0,0,0,0,0,0,0,0,0,0,0,0,0,0,0,0,0,0,0,0,0,0,0,0,HW
https://github.com/yuriy4/yuriy,1,0,0,108,0,0,0,0,4,1,1,1,0,0,29,0,0,0,0,0,0,0,0,0,0,0,0,0,0,0,0,0,0,0,0,0,0,0,0,0,0,0,0,0,0,0,0,0,0,0,0,0,0,0,0,0,0,0,0,0,0,0,0,0,0,HW
https://github.com/SunInJuly/SecondSemester,1,0,0,308,0,0,0,0,41,1,1,1,4,0,0,0,0,0,0,0,0,101121,27528,0,0,6175,0,0,0,0,0,0,0,0,0,0,0,0,0,0,0,0,0,0,0,0,0,0,0,0,0,0,0,0,0,0,0,0,0,0,0,0,0,0,0,HW
https://github.com/msmith10203/Feb28,1,0,0,228,0,0,0,0,7,1,1,1,1,0,21,0,0,0,0,0,0,0,0,0,0,20603,0,0,0,0,0,0,0,0,0,0,0,0,0,0,0,0,0,0,0,0,0,0,0,0,0,0,0,0,0,0,0,0,0,0,0,0,0,0,0,HW
https://github.com/baac91/njithw,0,0,0,56,0,0,0,0,0,0,1,1,0,0,0,0,0,0,0,0,0,0,0,0,0,0,0,0,0,0,0,0,0,0,0,0,0,0,0,0,0,0,0,0,0,0,0,0,0,0,0,0,0,0,0,0,0,0,0,0,0,0,0,0,0,HW
https://github.com/gitkina/java_homeworks,1,0,0,104,0,0,0,0,1,1,1,1,1,0,0,0,1167,0,0,0,0,0,0,0,0,0,0,0,0,0,0,0,0,0,0,0,0,0,0,0,0,0,0,0,0,0,0,0,0,0,0,0,0,0,0,0,0,0,0,0,0,0,0,0,0,HW
https://github.com/shinili/WebSearch,1,0,0,4112,0,0,0,0,3,1,1,1,1,0,0,0,31333,0,0,0,0,0,0,0,0,0,0,0,0,0,0,0,0,0,0,0,0,0,0,0,0,0,0,0,0,0,0,0,0,0,0,0,0,0,0,0,0,0,0,0,0,0,0,0,0,HW
https://github.com/Rauan/ROHA,0,0,0,56,0,0,0,0,0,0,1,1,0,0,0,0,0,0,0,0,0,0,0,0,0,0,0,0,0,0,0,0,0,0,0,0,0,0,0,0,0,0,0,0,0,0,0,0,0,0,0,0,0,0,0,0,0,0,0,0,0,0,0,0,0,HW
https://github.com/yuzmsh/KataFour-Python,1,0,0,104,0,0,0,0,1,1,1,1,1,0,0,0,0,2317,0,0,0,0,0,0,0,0,0,0,0,0,0,0,0,0,0,0,0,0,0,0,0,0,0,0,0,0,0,0,0,0,0,0,0,0,0,0,0,0,0,0,0,0,0,0,0,HW
https://github.com/anastasia143/Semester-2,1,0,0,258,0,0,0,0,32,1,1,1,4,0,0,0,0,0,0,0,0,89097,27271,0,0,3683,0,0,0,0,0,0,0,0,0,0,0,0,0,0,0,0,0,0,0,0,0,0,0,0,0,0,0,0,0,0,0,0,0,0,0,0,0,0,0,HW
https://github.com/engleton/cprogram,0,0,0,56,0,0,0,0,0,0,1,1,0,0,0,0,0,0,0,0,0,0,0,0,0,0,0,0,0,0,0,0,0,0,0,0,0,0,0,0,0,0,0,0,0,0,0,0,0,0,0,0,0,0,0,0,0,0,0,0,0,0,0,0,0,HW
https://github.com/Ginhing/leragas,2,0,0,652,0,0,0,0,25,1,1,1,3,0,458,57592,0,0,105829,117216,0,0,0,0,0,0,0,0,0,0,0,0,0,0,0,0,0,0,0,0,0,0,0,0,0,0,0,0,0,0,0,0,0,0,0,0,0,0,0,0,0,0,0,0,0,HW
https://github.com/lachosoly/photoshop,1,0,0,35692,0,0,0,0,1,1,1,1,0,0,0,0,0,0,0,0,0,0,0,0,0,0,0,0,0,0,0,0,0,0,0,0,0,0,0,0,0,0,0,0,0,0,0,0,0,0,0,0,0,0,0,0,0,0,0,0,0,0,0,0,0,HW
https://github.com/manmladenov/OOP_Constructor_Properties,0,0,0,56,0,0,0,0,0,0,1,1,0,0,0,0,0,0,0,0,0,0,0,0,0,0,0,0,0,0,0,0,0,0,0,0,0,0,0,0,0,0,0,0,0,0,0,0,0,0,0,0,0,0,0,0,0,0,0,0,0,0,0,0,0,HW
https://github.com/limin8918/rich,1,0,0,156,0,0,0,0,1,1,1,1,1,0,0,0,71210,0,0,0,0,0,0,0,0,0,0,0,0,0,0,0,0,0,0,0,0,0,0,0,0,0,0,0,0,0,0,0,0,0,0,0,0,0,0,0,0,0,0,0,0,0,0,0,0,HW
https://github.com/bspor/Assignment1,1,0,0,116,0,0,0,0,0,0,1,1,1,0,0,0,171,0,0,0,0,0,0,0,0,0,0,0,0,0,0,0,0,0,0,0,0,0,0,0,0,0,0,0,0,0,0,0,0,0,0,0,0,0,0,0,0,0,0,0,0,0,0,0,0,HW
https://github.com/anastasia143/Semester-1,1,0,0,156,0,0,0,0,0,0,1,1,4,0,0,0,0,0,0,0,0,66198,2140,0,0,679,0,0,0,0,0,0,0,0,0,0,0,0,0,0,0,0,0,0,0,0,0,0,0,0,0,0,0,0,0,0,0,0,0,0,0,0,0,0,0,HW
https://github.com/stiliyanvukadinov/homeworks,0,0,0,56,0,0,0,0,0,0,1,1,0,0,0,0,0,0,0,0,0,0,0,0,0,0,0,0,0,0,0,0,0,0,0,0,0,0,0,0,0,0,0,0,0,0,0,0,0,0,0,0,0,0,0,0,0,0,0,0,0,0,0,0,0,HW
https://github.com/Apostolova/TelerikAcademy,1,0,0,4188,0,0,0,0,14,1,1,1,2,0,0,16035,0,0,0,0,0,0,0,0,722652,0,0,0,0,0,0,0,0,0,0,0,0,0,0,0,0,0,0,0,0,0,0,0,0,0,0,0,0,0,0,0,0,0,0,0,0,0,0,0,0,HW
https://github.com/webwraith77/cloaked-nemesis,0,0,0,56,0,0,0,0,0,0,1,1,0,0,0,0,0,0,0,0,0,0,0,0,0,0,0,0,0,0,0,0,0,0,0,0,0,0,0,0,0,0,0,0,0,0,0,0,0,0,0,0,0,0,0,0,0,0,0,0,0,0,0,0,0,HW
https://github.com/xpucto/test,0,0,0,56,0,0,0,0,0,0,1,1,0,0,0,0,0,0,0,0,0,0,0,0,0,0,0,0,0,0,0,0,0,0,0,0,0,0,0,0,0,0,0,0,0,0,0,0,0,0,0,0,0,0,0,0,0,0,0,0,0,0,0,0,0,HW
https://github.com/palamarchuk/OS1,1,0,0,128,0,0,0,0,1,1,1,1,2,0,1414,0,0,0,0,0,0,0,10091,0,0,0,0,0,0,5024,0,0,0,0,0,0,0,0,0,0,0,0,0,0,0,0,0,0,0,0,0,0,0,0,0,0,0,0,0,0,0,0,0,0,0,HW
https://github.com/makhtar/Muhammad,0,0,0,56,0,0,0,0,0,0,1,1,0,0,0,0,0,0,0,0,0,0,0,0,0,0,0,0,0,0,0,0,0,0,0,0,0,0,0,0,0,0,0,0,0,0,0,0,0,0,0,0,0,0,0,0,0,0,0,0,0,0,0,0,0,HW
https://github.com/albertreza/home-kar,1,0,3,135,0,0,0,0,22,1,1,1,0,0,1215,0,0,0,0,0,0,0,0,0,0,0,0,0,0,0,0,0,0,0,0,0,0,0,0,0,0,0,0,0,0,0,0,0,0,0,0,0,0,0,0,0,0,0,0,0,0,0,0,0,0,HW
https://github.com/bluekite/DessertHouse,1,0,0,7828,0,0,0,0,2,1,1,1,2,0,35,2021004,75287,0,0,0,0,0,0,0,0,0,0,0,0,0,0,0,0,0,0,0,0,0,0,0,0,0,0,0,0,0,0,0,0,0,0,0,0,0,0,0,0,0,0,0,0,0,0,0,0,HW
https://github.com/xiaowangfnn/homeworklk,0,0,0,56,0,0,0,0,0,0,1,0,0,0,0,0,0,0,0,0,0,0,0,0,0,0,0,0,0,0,0,0,0,0,0,0,0,0,0,0,0,0,0,0,0,0,0,0,0,0,0,0,0,0,0,0,0,0,0,0,0,0,0,0,0,HW
https://github.com/emilNikolov/Homeworks,1,0,0,112,0,0,0,0,3,1,1,1,0,0,33,0,0,0,0,0,0,0,0,0,0,0,0,0,0,0,0,0,0,0,0,0,0,0,0,0,0,0,0,0,0,0,0,0,0,0,0,0,0,0,0,0,0,0,0,0,0,0,0,0,0,HW
https://github.com/whosteen/homeworkinvaders,1,0,0,7412,0,0,0,0,1,1,1,0,1,0,0,0,19765,0,0,0,0,0,0,0,0,0,0,0,0,0,0,0,0,0,0,0,0,0,0,0,0,0,0,0,0,0,0,0,0,0,0,0,0,0,0,0,0,0,0,0,0,0,0,0,0,HW
https://github.com/abowtsai22/homeworkone,1,0,0,104,0,0,0,0,5,1,1,0,0,0,0,0,0,0,0,0,0,0,0,0,0,0,0,0,0,0,0,0,0,0,0,0,0,0,0,0,0,0,0,0,0,0,0,0,0,0,0,0,0,0,0,0,0,0,0,0,0,0,0,0,0,HW
https://github.com/ivan40p/homeworks,0,0,0,60,0,0,0,0,0,0,1,0,0,0,0,0,0,0,0,0,0,0,0,0,0,0,0,0,0,0,0,0,0,0,0,0,0,0,0,0,0,0,0,0,0,0,0,0,0,0,0,0,0,0,0,0,0,0,0,0,0,0,0,0,0,HW
https://github.com/GTonev/Homeworks,1,0,0,112,0,0,0,0,1,1,1,1,0,0,23,0,0,0,0,0,0,0,0,0,0,0,0,0,0,0,0,0,0,0,0,0,0,0,0,0,0,0,0,0,0,0,0,0,0,0,0,0,0,0,0,0,0,0,0,0,0,0,0,0,0,HW
https://github.com/lada-gagina/homeworks,1,0,0,984,0,0,0,0,69,1,1,0,3,0,0,0,0,0,0,0,0,0,0,3051,0,0,0,0,0,0,0,0,0,0,0,0,2832,0,0,0,0,0,0,0,0,0,0,0,0,0,0,0,0,0,0,0,0,0,0,25757,0,0,0,0,0,HW
https://github.com/JeffKatzy/homeworky,1,0,0,156,0,0,0,0,4,1,1,0,3,0,9208,641,0,0,0,0,38003,0,0,0,0,0,0,0,0,0,916,0,0,0,0,0,0,0,0,0,0,0,0,0,0,0,0,0,0,0,0,0,0,0,0,0,0,0,0,0,0,0,0,0,0,HW
https://github.com/lovelace-cory/Homework2,1,0,0,192,0,0,0,0,49,4,1,0,2,0,9208,463,0,0,0,0,19536,0,0,0,0,0,0,0,0,0,0,0,0,0,0,0,0,0,0,0,0,0,0,0,0,0,0,0,0,0,0,0,0,0,0,0,0,0,0,0,0,0,0,0,0,HW
https://github.com/katosulliv/Homework2,1,0,0,100,0,0,0,0,0,0,1,0,1,0,0,0,0,0,0,0,1819,0,0,0,0,0,0,0,0,0,0,0,0,0,0,0,0,0,0,0,0,0,0,0,0,0,0,0,0,0,0,0,0,0,0,0,0,0,0,0,0,0,0,0,0,HW
https://github.com/alicesung80630/Homework2,1,0,0,14652,0,0,0,0,3,1,1,0,0,0,3606,0,0,0,0,0,0,0,0,0,0,0,0,0,0,0,0,0,0,0,0,0,0,0,0,0,0,0,0,0,0,0,0,0,0,0,0,0,0,0,0,0,0,0,0,0,0,0,0,0,0,HW
https://github.com/alllex/homeworks71,1,0,0,11844,0,0,0,0,209,1,1,1,15,0,121,0,0,45682,0,0,0,127589,42501,0,44005,0,0,0,0,0,0,0,0,0,0,0,48349,0,0,0,0,0,0,0,83,0,7420,0,0,0,0,0,0,0,0,0,0,0,0,54276,0,0,0,0,0,HW
https://github.com/wibenz/homework1,1,0,0,980,0,0,0,0,0,0,1,0,2,0,0,50108,34503,0,0,0,0,0,0,0,0,0,0,0,0,0,0,0,0,0,0,0,0,0,0,0,0,0,0,0,0,0,0,0,0,0,0,0,0,0,0,0,0,0,0,0,0,0,0,0,0,HW
https://github.com/go6konn/homework1,0,0,0,56,0,0,0,0,0,0,1,1,0,0,0,0,0,0,0,0,0,0,0,0,0,0,0,0,0,0,0,0,0,0,0,0,0,0,0,0,0,0,0,0,0,0,0,0,0,0,0,0,0,0,0,0,0,0,0,0,0,0,0,0,0,HW
https://github.com/amyes/Homework4,0,0,0,56,0,0,0,0,0,0,1,0,0,0,0,0,0,0,0,0,0,0,0,0,0,0,0,0,0,0,0,0,0,0,0,0,0,0,0,0,0,0,0,0,0,0,0,0,0,0,0,0,0,0,0,0,0,0,0,0,0,0,0,0,0,HW
https://github.com/andritanuarto/homework1,1,0,0,100,0,0,0,0,1,1,1,1,1,0,0,4176,0,0,0,0,0,0,0,0,0,0,0,0,0,0,0,0,0,0,0,0,0,0,0,0,0,0,0,0,0,0,0,0,0,0,0,0,0,0,0,0,0,0,0,0,0,0,0,0,0,HW
https://github.com/MLiggouti/homework2,1,0,0,108,0,0,0,0,1,1,1,0,0,0,19,0,0,0,0,0,0,0,0,0,0,0,0,0,0,0,0,0,0,0,0,0,0,0,0,0,0,0,0,0,0,0,0,0,0,0,0,0,0,0,0,0,0,0,0,0,0,0,0,0,0,HW
https://github.com/thedizzle23/HomeworkSpecial,1,0,0,108,0,0,0,0,1,1,1,1,0,0,69,0,0,0,0,0,0,0,0,0,0,0,0,0,0,0,0,0,0,0,0,0,0,0,0,0,0,0,0,0,0,0,0,0,0,0,0,0,0,0,0,0,0,0,0,0,0,0,0,0,0,HW
https://github.com/sharkybait/homework2,1,0,0,1052,0,0,0,0,4,1,1,0,1,0,19,0,24586,0,0,0,0,0,0,0,0,0,0,0,0,0,0,0,0,0,0,0,0,0,0,0,0,0,0,0,0,0,0,0,0,0,0,0,0,0,0,0,0,0,0,0,0,0,0,0,0,HW
https://github.com/lbennet2/homework2,1,0,0,108,0,0,0,0,1,1,1,0,0,0,19,0,0,0,0,0,0,0,0,0,0,0,0,0,0,0,0,0,0,0,0,0,0,0,0,0,0,0,0,0,0,0,0,0,0,0,0,0,0,0,0,0,0,0,0,0,0,0,0,0,0,HW
https://github.com/NarubyRiverlione/Homework3,1,0,0,1392,0,0,0,0,0,0,1,1,1,0,81,0,0,0,0,0,0,0,0,0,0,48606,0,0,0,0,0,0,0,0,0,0,0,0,0,0,0,0,0,0,0,0,0,0,0,0,0,0,0,0,0,0,0,0,0,0,0,0,0,0,0,HW
https://github.com/DSin52/HomeworkHelper,1,0,0,1640,0,0,0,0,0,0,1,1,2,0,112,0,25332,0,0,0,0,0,0,0,0,0,0,0,0,1206,0,0,0,0,0,0,0,0,0,0,0,0,0,0,0,0,0,0,0,0,0,0,0,0,0,0,0,0,0,0,0,0,0,0,0,HW
https://github.com/dpr5/Homework1,1,0,0,112,0,0,0,0,5,1,1,0,0,0,2351,0,0,0,0,0,0,0,0,0,0,0,0,0,0,0,0,0,0,0,0,0,0,0,0,0,0,0,0,0,0,0,0,0,0,0,0,0,0,0,0,0,0,0,0,0,0,0,0,0,0,HW
https://github.com/Mistermind/HomeworkRepository,2,0,0,116,0,0,0,0,1,1,1,0,0,0,37,0,0,0,0,0,0,0,0,0,0,0,0,0,0,0,0,0,0,0,0,0,0,0,0,0,0,0,0,0,0,0,0,0,0,0,0,0,0,0,0,0,0,0,0,0,0,0,0,0,0,HW
https://github.com/wsiamis/homework2,1,0,0,108,0,0,0,0,1,1,1,0,0,0,19,0,0,0,0,0,0,0,0,0,0,0,0,0,0,0,0,0,0,0,0,0,0,0,0,0,0,0,0,0,0,0,0,0,0,0,0,0,0,0,0,0,0,0,0,0,0,0,0,0,0,HW
https://github.com/ytwytw/homework4,1,0,0,127,0,0,0,0,5,1,1,1,1,0,32,0,3620,0,0,0,0,0,0,0,0,0,0,0,0,0,0,0,0,0,0,0,0,0,0,0,0,0,0,0,0,0,0,0,0,0,0,0,0,0,0,0,0,0,0,0,0,0,0,0,0,HW
https://github.com/ytwytw/homework2,1,0,0,120,0,0,0,0,2,1,1,1,1,0,0,0,3223,0,0,0,0,0,0,0,0,0,0,0,0,0,0,0,0,0,0,0,0,0,0,0,0,0,0,0,0,0,0,0,0,0,0,0,0,0,0,0,0,0,0,0,0,0,0,0,0,HW
https://github.com/lizhaohou/homework4,1,0,0,112,0,0,0,0,2,1,1,1,1,0,0,0,0,13873,0,0,0,0,0,0,0,0,0,0,0,0,0,0,0,0,0,0,0,0,0,0,0,0,0,0,0,0,0,0,0,0,0,0,0,0,0,0,0,0,0,0,0,0,0,0,0,HW
https://github.com/PhanaticD/homework2,1,0,0,1724,0,0,0,0,3,1,1,0,0,0,262,0,0,0,0,0,0,0,0,0,0,0,0,0,0,0,0,0,0,0,0,0,0,0,0,0,0,0,0,0,0,0,0,0,0,0,0,0,0,0,0,0,0,0,0,0,0,0,0,0,0,HW
https://github.com/btchanque/homework1,1,0,0,412,0,0,0,0,3,1,1,0,0,0,35,0,0,0,0,0,0,0,0,0,0,0,0,0,0,0,0,0,0,0,0,0,0,0,0,0,0,0,0,0,0,0,0,0,0,0,0,0,0,0,0,0,0,0,0,0,0,0,0,0,0,HW
https://github.com/milakobat/homework10,1,0,0,112,0,0,0,0,2,1,1,0,1,0,0,940,0,0,0,0,0,0,0,0,0,0,0,0,0,0,0,0,0,0,0,0,0,0,0,0,0,0,0,0,0,0,0,0,0,0,0,0,0,0,0,0,0,0,0,0,0,0,0,0,0,HW
https://github.com/tolenmaksut/homework5,0,0,0,56,0,0,0,0,0,0,1,1,0,0,0,0,0,0,0,0,0,0,0,0,0,0,0,0,0,0,0,0,0,0,0,0,0,0,0,0,0,0,0,0,0,0,0,0,0,0,0,0,0,0,0,0,0,0,0,0,0,0,0,0,0,HW
https://github.com/melodic-mortem/homework1,0,0,0,56,0,0,0,0,0,0,1,1,0,0,0,0,0,0,0,0,0,0,0,0,0,0,0,0,0,0,0,0,0,0,0,0,0,0,0,0,0,0,0,0,0,0,0,0,0,0,0,0,0,0,0,0,0,0,0,0,0,0,0,0,0,HW
https://github.com/go6konn/homework2,0,0,0,56,0,0,0,0,0,0,1,0,0,0,0,0,0,0,0,0,0,0,0,0,0,0,0,0,0,0,0,0,0,0,0,0,0,0,0,0,0,0,0,0,0,0,0,0,0,0,0,0,0,0,0,0,0,0,0,0,0,0,0,0,0,HW
https://github.com/boulaye/Homework4,1,0,0,112,0,0,0,0,4,1,1,1,0,0,732,0,0,0,0,0,0,0,0,0,0,0,0,0,0,0,0,0,0,0,0,0,0,0,0,0,0,0,0,0,0,0,0,0,0,0,0,0,0,0,0,0,0,0,0,0,0,0,0,0,0,HW
https://github.com/joyanyu/homework1,1,0,0,112,0,0,0,0,1,1,1,1,0,0,30,0,0,0,0,0,0,0,0,0,0,0,0,0,0,0,0,0,0,0,0,0,0,0,0,0,0,0,0,0,0,0,0,0,0,0,0,0,0,0,0,0,0,0,0,0,0,0,0,0,0,HW
https://github.com/nizhang/Homework1,0,0,0,56,0,0,0,0,0,0,1,1,0,0,0,0,0,0,0,0,0,0,0,0,0,0,0,0,0,0,0,0,0,0,0,0,0,0,0,0,0,0,0,0,0,0,0,0,0,0,0,0,0,0,0,0,0,0,0,0,0,0,0,0,0,HW
https://github.com/aaaaaiiiii/homework3,1,0,0,872,0,0,0,0,16,3,1,1,4,0,0,0,0,10167,0,0,0,208178,11459,0,0,0,0,0,0,767,0,0,0,0,0,0,0,0,0,0,0,0,0,0,0,0,0,0,0,0,0,0,0,0,0,0,0,0,0,0,0,0,0,0,0,HW
https://github.com/IOSclass-Stanford-BayArea-Winter2013/Homework2,1,0,0,108,0,0,0,0,1,1,1,1,0,0,31,0,0,0,0,0,0,0,0,0,0,0,0,0,0,0,0,0,0,0,0,0,0,0,0,0,0,0,0,0,0,0,0,0,0,0,0,0,0,0,0,0,0,0,0,0,0,0,0,0,0,HW
https://github.com/IOSclass-Stanford-BayArea-Winter2013/Homework3,0,0,0,56,0,0,0,0,0,0,1,1,0,0,0,0,0,0,0,0,0,0,0,0,0,0,0,0,0,0,0,0,0,0,0,0,0,0,0,0,0,0,0,0,0,0,0,0,0,0,0,0,0,0,0,0,0,0,0,0,0,0,0,0,0,HW
https://github.com/pafnutii16/homework5,0,0,0,56,0,0,0,0,0,0,1,1,0,0,0,0,0,0,0,0,0,0,0,0,0,0,0,0,0,0,0,0,0,0,0,0,0,0,0,0,0,0,0,0,0,0,0,0,0,0,0,0,0,0,0,0,0,0,0,0,0,0,0,0,0,HW
https://github.com/ytwytw/homework3,2,0,0,158,0,0,0,0,11,1,1,1,1,0,33,0,4930,0,0,0,0,0,0,0,0,0,0,0,0,0,0,0,0,0,0,0,0,0,0,0,0,0,0,0,0,0,0,0,0,0,0,0,0,0,0,0,0,0,0,0,0,0,0,0,0,HW
https://github.com/fourteen/homework2,1,0,0,132,0,0,0,0,4,1,1,0,5,0,203,641,0,0,0,0,19343,0,0,430,0,0,0,0,0,211,229,0,0,0,0,0,0,0,0,0,0,0,0,0,0,0,0,0,0,0,0,0,0,0,0,0,0,0,0,0,0,0,0,0,0,HW
https://github.com/tc43/Homework2,1,0,0,14540,0,0,0,0,1,1,1,1,0,0,0,0,0,0,0,0,0,0,0,0,0,0,0,0,0,0,0,0,0,0,0,0,0,0,0,0,0,0,0,0,0,0,0,0,0,0,0,0,0,0,0,0,0,0,0,0,0,0,0,0,0,HW
https://github.com/ajmai/Homework4,1,0,0,116,0,0,0,0,0,0,1,0,0,0,8,0,0,0,0,0,0,0,0,0,0,0,0,0,0,0,0,0,0,0,0,0,0,0,0,0,0,0,0,0,0,0,0,0,0,0,0,0,0,0,0,0,0,0,0,0,0,0,0,0,0,HW
https://github.com/daveputman77/homeworkBLTC,0,0,0,56,0,0,0,0,0,0,1,1,0,0,0,0,0,0,0,0,0,0,0,0,0,0,0,0,0,0,0,0,0,0,0,0,0,0,0,0,0,0,0,0,0,0,0,0,0,0,0,0,0,0,0,0,0,0,0,0,0,0,0,0,0,HW
https://github.com/engleton/homework2,1,0,0,112,0,0,0,0,2,1,1,0,0,0,634,0,0,0,0,0,0,0,0,0,0,0,0,0,0,0,0,0,0,0,0,0,0,0,0,0,0,0,0,0,0,0,0,0,0,0,0,0,0,0,0,0,0,0,0,0,0,0,0,0,0,HW
https://github.com/lexuszhi1990/homeworkDemo,2,0,0,652,0,0,0,0,2,1,1,1,2,0,9208,2087,0,0,0,0,19423,0,0,0,0,0,0,0,0,0,0,0,0,0,0,0,0,0,0,0,0,0,0,0,0,0,0,0,0,0,0,0,0,0,0,0,0,0,0,0,0,0,0,0,0,HW
https://github.com/alexrecker/HomeworkSubmitter,1,0,0,108,0,0,0,0,2,1,1,0,0,0,53,0,0,0,0,0,0,0,0,0,0,0,0,0,0,0,0,0,0,0,0,0,0,0,0,0,0,0,0,0,0,0,0,0,0,0,0,0,0,0,0,0,0,0,0,0,0,0,0,0,0,HW
https://github.com/BuffaloLTC/Homework2,1,0,0,124,0,0,0,0,3,1,1,0,0,0,1930,0,0,0,0,0,0,0,0,0,0,0,0,0,0,0,0,0,0,0,0,0,0,0,0,0,0,0,0,0,0,0,0,0,0,0,0,0,0,0,0,0,0,0,0,0,0,0,0,0,0,HW
https://github.com/lju/Homework1,1,0,0,13784,0,0,0,0,61,3,1,0,1,0,1779,30609,0,0,0,0,0,0,0,0,0,0,0,0,0,0,0,0,0,0,0,0,0,0,0,0,0,0,0,0,0,0,0,0,0,0,0,0,0,0,0,0,0,0,0,0,0,0,0,0,0,HW
https://github.com/IOSclass-Stanford-BayArea-Winter2013/Homework1,1,0,0,108,0,0,0,0,1,1,1,0,0,0,19,0,0,0,0,0,0,0,0,0,0,0,0,0,0,0,0,0,0,0,0,0,0,0,0,0,0,0,0,0,0,0,0,0,0,0,0,0,0,0,0,0,0,0,0,0,0,0,0,0,0,HW
https://github.com/mito626/Homework1,1,0,0,104,0,0,0,0,3,1,1,1,0,0,0,0,0,0,0,0,0,0,0,0,0,0,0,0,0,0,0,0,0,0,0,0,0,0,0,0,0,0,0,0,0,0,0,0,0,0,0,0,0,0,0,0,0,0,0,0,0,0,0,0,0,HW
https://github.com/oldherokingsley/android_homework,1,0,0,1332,0,0,0,0,2,1,1,1,0,0,0,0,0,0,0,0,0,0,0,0,0,0,0,0,0,0,0,0,0,0,0,0,0,0,0,0,0,0,0,0,0,0,0,0,0,0,0,0,0,0,0,0,0,0,0,0,0,0,0,0,0,HW
https://github.com/mlammer/472Homework,1,0,0,108,0,0,0,0,1,1,1,1,0,0,44,0,0,0,0,0,0,0,0,0,0,0,0,0,0,0,0,0,0,0,0,0,0,0,0,0,0,0,0,0,0,0,0,0,0,0,0,0,0,0,0,0,0,0,0,0,0,0,0,0,0,HW
https://github.com/ncd23/homework-resume,0,0,0,56,0,0,0,0,0,0,1,0,0,0,0,0,0,0,0,0,0,0,0,0,0,0,0,0,0,0,0,0,0,0,0,0,0,0,0,0,0,0,0,0,0,0,0,0,0,0,0,0,0,0,0,0,0,0,0,0,0,0,0,0,0,HW
https://github.com/gregksoccer/Homework-1,0,0,0,56,0,0,0,0,0,0,1,0,0,0,0,0,0,0,0,0,0,0,0,0,0,0,0,0,0,0,0,0,0,0,0,0,0,0,0,0,0,0,0,0,0,0,0,0,0,0,0,0,0,0,0,0,0,0,0,0,0,0,0,0,0,HW
https://github.com/alove1994/javaHomework,1,0,0,120,0,0,0,0,6,2,1,1,1,0,133,0,2861,0,0,0,0,0,0,0,0,0,0,0,0,0,0,0,0,0,0,0,0,0,0,0,0,0,0,0,0,0,0,0,0,0,0,0,0,0,0,0,0,0,0,0,0,0,0,0,0,HW
https://github.com/sodya4/restaurant_homework,1,0,0,144,0,0,0,0,0,0,1,0,1,0,0,0,9346,0,0,0,0,0,0,0,0,0,0,0,0,0,0,0,0,0,0,0,0,0,0,0,0,0,0,0,0,0,0,0,0,0,0,0,0,0,0,0,0,0,0,0,0,0,0,0,0,HW
https://github.com/Shrdlu/SWT_homework,1,0,0,140,0,0,0,0,2,1,1,0,0,0,41,0,0,0,0,0,0,0,0,0,0,0,0,0,0,0,0,0,0,0,0,0,0,0,0,0,0,0,0,0,0,0,0,0,0,0,0,0,0,0,0,0,0,0,0,0,0,0,0,0,0,HW
https://github.com/dbudell/js-homework,1,0,0,15580,0,0,0,0,9,2,1,0,1,0,23,29060,0,0,0,0,0,0,0,0,0,0,0,0,0,0,0,0,0,0,0,0,0,0,0,0,0,0,0,0,0,0,0,0,0,0,0,0,0,0,0,0,0,0,0,0,0,0,0,0,0,HW
https://github.com/jotsai/homework-1,0,0,0,56,0,0,0,0,0,0,1,0,0,0,0,0,0,0,0,0,0,0,0,0,0,0,0,0,0,0,0,0,0,0,0,0,0,0,0,0,0,0,0,0,0,0,0,0,0,0,0,0,0,0,0,0,0,0,0,0,0,0,0,0,0,HW
https://github.com/avacc/Homework-2,1,0,0,128,0,0,0,0,2,1,1,0,1,0,0,0,0,0,0,0,0,0,0,0,0,7324,0,0,0,0,0,0,0,0,0,0,0,0,0,0,0,0,0,0,0,0,0,0,0,0,0,0,0,0,0,0,0,0,0,0,0,0,0,0,0,HW
https://github.com/erkwang/Homework-4,1,0,0,160,0,0,0,0,0,0,1,1,1,0,0,0,0,0,0,0,0,0,0,0,0,0,5053,0,0,0,0,0,0,0,0,0,0,0,0,0,0,0,0,0,0,0,0,0,0,0,0,0,0,0,0,0,0,0,0,0,0,0,0,0,0,HW
