https://github.com/misoproject/dataset,24,105,37,5627,1171,0,1171,0,429,7,1,1,2,1,5090,1510065,0,0,0,0,2211,0,0,0,0,0,0,0,0,0,0,0,0,0,0,0,0,0,0,0,0,0,0,0,0,0,0,0,0,0,0,0,0,0,0,0,0,0,0,0,0,0,0,0,0,DATA
https://github.com/aiwilliams/dataset,2,19,3,340,78,0,78,0,94,7,1,1,1,1,3586,0,0,0,0,0,78388,0,0,0,0,0,0,0,0,0,0,0,0,0,0,0,0,0,0,0,0,0,0,0,0,0,0,0,0,0,0,0,0,0,0,0,0,0,0,0,0,0,0,0,0,DATA
https://github.com/Yelp/dataset-examples,7,331,9,57941,477,0,477,0,16,3,1,1,1,1,3057,0,0,40236,0,0,0,0,0,0,0,0,0,0,0,0,0,0,0,0,0,0,0,0,0,0,0,0,0,0,0,0,0,0,0,0,0,0,0,0,0,0,0,0,0,0,0,0,0,0,0,DATA
https://github.com/twigkit/worldfactbook-dataset,1,17,0,238625,34,0,34,0,15,2,1,0,2,0,1088,464156,0,0,543962,0,0,0,0,0,0,0,0,0,0,0,0,0,0,0,0,0,0,0,0,0,0,0,0,0,0,0,0,0,0,0,0,0,0,0,0,0,0,0,0,0,0,0,0,0,0,DATA
https://github.com/ucd-spatial/Datasets,1,9,0,1758,18,0,18,0,75,1,1,1,2,1,3379,0,0,0,0,0,0,0,0,101,0,0,0,0,0,0,0,3541,0,0,0,0,0,0,0,0,0,0,0,0,0,0,0,0,0,0,0,0,0,0,0,0,0,0,0,0,0,0,0,0,0,DATA
https://github.com/gunnarmorling/scriptable-dataset,2,6,0,224,13,0,13,0,0,0,1,1,1,0,0,0,27084,0,0,0,0,0,0,0,0,0,0,0,0,0,0,0,0,0,0,0,0,0,0,0,0,0,0,0,0,0,0,0,0,0,0,0,0,0,0,0,0,0,0,0,0,0,0,0,0,DATA
https://github.com/jmay/dataset,1,1,0,796,2,0,2,0,92,1,1,1,2,0,630,0,0,0,0,0,320521,0,0,0,0,0,0,0,0,1495,0,0,0,0,0,0,0,0,0,0,0,0,0,0,0,0,0,0,0,0,0,0,0,0,0,0,0,0,0,0,0,0,0,0,0,DATA
https://github.com/osdf/datasets,1,5,0,158,5,0,5,0,135,2,1,1,2,0,29,0,0,115096,0,0,0,0,0,591,0,0,0,0,0,0,0,0,0,0,0,0,0,0,0,0,0,0,0,0,0,0,0,0,0,0,0,0,0,0,0,0,0,0,0,0,0,0,0,0,0,DATA
https://github.com/chicagoruby/Windy-City-DB-Dataset,2,8,0,4265,14,0,14,0,8,1,1,1,0,0,2231,0,0,0,0,0,0,0,0,0,0,0,0,0,0,0,0,0,0,0,0,0,0,0,0,0,0,0,0,0,0,0,0,0,0,0,0,0,0,0,0,0,0,0,0,0,0,0,0,0,0,DATA
https://github.com/jperla/sentiment-data,1,26,0,8709,49,0,49,0,1,1,1,1,0,0,2171,0,0,0,0,0,0,0,0,0,0,0,0,0,0,0,0,0,0,0,0,0,0,0,0,0,0,0,0,0,0,0,0,0,0,0,0,0,0,0,0,0,0,0,0,0,0,0,0,0,0,DATA
https://github.com/marcphilipp/dbunit-datasetbuilder,1,7,1,1389,26,0,26,0,24,3,1,1,1,1,3385,0,17693,0,0,0,0,0,0,0,0,0,0,0,0,0,0,0,0,0,0,0,0,0,0,0,0,0,0,0,0,0,0,0,0,0,0,0,0,0,0,0,0,0,0,0,0,0,0,0,0,DATA
https://github.com/ChapterHouse/dataset,1,0,0,73,1,0,1,0,1,1,1,0,0,1,157,0,0,0,0,0,0,0,0,0,0,0,0,0,0,0,0,0,0,0,0,0,0,0,0,0,0,0,0,0,0,0,0,0,0,0,0,0,0,0,0,0,0,0,0,0,0,0,0,0,0,DATA
https://github.com/springcch/dataset,2,0,0,80,0,0,0,0,0,0,1,1,0,0,40,0,0,0,0,0,0,0,0,0,0,0,0,0,0,0,0,0,0,0,0,0,0,0,0,0,0,0,0,0,0,0,0,0,0,0,0,0,0,0,0,0,0,0,0,0,0,0,0,0,0,DATA
https://github.com/arangodb/example-datasets,1,6,1,207282,17,0,17,0,61,4,1,1,4,0,7691,28792,0,9600,0,0,0,0,0,4955,0,0,0,0,0,0,0,0,0,0,0,0,0,0,0,0,0,0,0,0,0,0,0,0,0,0,0,0,0,0,0,0,0,0,0,0,0,0,0,0,0,DATA
https://github.com/PraiseSong/dataset,2,1,0,213,1,0,1,0,2,1,1,1,1,0,2348,95886,0,0,0,0,0,0,0,0,0,0,0,0,0,0,0,0,0,0,0,0,0,0,0,0,0,0,0,0,0,0,0,0,0,0,0,0,0,0,0,0,0,0,0,0,0,0,0,0,0,DATA
https://github.com/stevegomolka/DataSet,0,0,0,48,1,0,1,0,0,0,1,1,0,0,0,0,0,0,0,0,0,0,0,0,0,0,0,0,0,0,0,0,0,0,0,0,0,0,0,0,0,0,0,0,0,0,0,0,0,0,0,0,0,0,0,0,0,0,0,0,0,0,0,0,0,DATA
https://github.com/wynnb/Dataset,1,0,0,100,1,0,1,0,1,1,1,1,0,0,28,0,0,0,0,0,0,0,0,0,0,0,0,0,0,0,0,0,0,0,0,0,0,0,0,0,0,0,0,0,0,0,0,0,0,0,0,0,0,0,0,0,0,0,0,0,0,0,0,0,0,DATA
https://github.com/kennethreitz/tablib,1,317,48,2503,2176,0,2176,0,866,63,1,1,4,1,3188,0,0,3678072,0,0,0,0,0,0,0,0,0,0,0,0,0,0,0,0,0,0,0,0,0,0,0,0,0,0,0,0,0,0,0,0,0,0,0,0,0,0,0,0,0,0,0,0,0,0,0,DATA
https://github.com/helma/opentox-dataset,4,3,0,209,4,0,4,0,40,2,0,1,1,1,1408,0,0,0,0,0,5136,0,0,0,0,0,0,0,0,0,0,0,0,0,0,0,0,0,0,0,0,0,0,0,0,0,0,0,0,0,0,0,0,0,0,0,0,0,0,0,0,0,0,0,0,DATA
https://github.com/buzeeg/datasettings,2,2,0,593,4,0,4,0,18,1,1,1,1,0,627,0,1013,0,0,0,0,0,0,0,0,0,0,0,0,0,0,0,0,0,0,0,0,0,0,0,0,0,0,0,0,0,0,0,0,0,0,0,0,0,0,0,0,0,0,0,0,0,0,0,0,DATA
https://github.com/okfn/sqlaload,1,10,4,168,26,0,26,0,36,4,1,1,1,1,46,0,0,14976,0,0,0,0,0,0,0,0,0,0,0,0,0,0,0,0,0,0,0,0,0,0,0,0,0,0,0,0,0,0,0,0,0,0,0,0,0,0,0,0,0,0,0,0,0,0,0,DATA
https://github.com/jdsharp/jquery-dataset,1,3,0,177,3,0,3,0,7,1,1,1,1,0,1168,3629,0,0,0,0,0,0,0,0,0,0,0,0,0,0,0,0,0,0,0,0,0,0,0,0,0,0,0,0,0,0,0,0,0,0,0,0,0,0,0,0,0,0,0,0,0,0,0,0,0,DATA
https://github.com/wdavidw/node-csv,3,134,21,1113,1448,0,1448,0,505,35,1,1,1,1,4588,0,0,0,0,0,0,0,0,0,0,0,0,0,0,0,0,0,0,0,0,0,0,0,0,0,0,0,0,0,0,0,0,0,0,0,0,0,0,0,0,0,0,0,0,0,0,0,0,0,0,DATA
https://github.com/bpiwowar/datasets,1,2,0,442,3,0,3,0,89,1,1,1,3,0,1108,5970,0,40137,0,0,0,0,0,0,0,0,0,0,0,0,0,0,0,0,0,0,0,0,0,0,0,0,0,0,0,0,0,0,0,0,0,0,0,0,0,0,0,0,0,0,0,0,0,0,0,DATA
https://github.com/hadley/bigvis,1,34,5,2217,251,0,251,0,335,1,1,1,2,0,1825,0,0,0,0,0,0,72253,0,0,0,0,59237,0,0,0,0,0,0,0,0,0,0,0,0,0,0,0,0,0,0,0,0,0,0,0,0,0,0,0,0,0,0,0,0,0,0,0,0,0,0,DATA
https://github.com/maxogden/datacouch,6,14,7,7930,130,0,130,0,309,4,1,1,1,0,63,705547,0,0,0,0,0,0,0,0,0,0,0,0,0,0,0,0,0,0,0,0,0,0,0,0,0,0,0,0,0,0,0,0,0,0,0,0,0,0,0,0,0,0,0,0,0,0,0,0,0,DATA
https://github.com/tjdett/atom-dataset-provider,1,5,1,200,2,0,2,0,48,2,1,1,2,1,1988,30956,0,0,0,0,0,0,0,0,0,0,0,0,0,0,0,0,0,0,0,0,0,0,0,0,0,0,0,0,0,0,0,0,0,0,837,0,0,0,0,0,0,0,0,0,0,0,0,0,0,DATA
https://github.com/adamancini/html5-dataset,1,3,1,92,5,0,5,0,0,0,1,1,1,0,208,1863,0,0,0,0,0,0,0,0,0,0,0,0,0,0,0,0,0,0,0,0,0,0,0,0,0,0,0,0,0,0,0,0,0,0,0,0,0,0,0,0,0,0,0,0,0,0,0,0,0,DATA
https://github.com/cheezy/data_magic,1,18,1,153,32,0,32,0,171,8,1,1,2,1,5025,0,0,0,0,0,35616,0,0,0,0,0,0,0,0,0,0,0,0,0,0,0,0,0,0,0,0,0,0,0,0,0,0,0,0,0,0,0,0,0,0,0,0,0,0,0,0,0,0,0,0,DATA
https://github.com/echonest/msd-examples,1,19,0,2070,49,0,49,0,13,1,1,1,2,0,2545,0,0,34647,0,0,0,0,0,554,0,0,0,0,0,0,0,0,0,0,0,0,0,0,0,0,0,0,0,0,0,0,0,0,0,0,0,0,0,0,0,0,0,0,0,0,0,0,0,0,0,DATA
https://github.com/nlextract/NLExtract,4,36,24,45084,64,0,64,1,627,18,1,1,11,1,4535,3315582,0,267223,1374,0,0,0,0,130337,0,0,0,0,0,0,0,0,0,0,0,0,0,0,0,0,0,0,0,0,0,0,0,0,0,0,48216,0,0,0,0,489924,0,0,0,0,0,0,0,0,0,DATA
https://github.com/bmcfee/msd_challenge,1,7,0,104,14,0,14,0,10,2,1,1,1,0,155,0,0,9007,0,0,0,0,0,0,0,0,0,0,0,0,0,0,0,0,0,0,0,0,0,0,0,0,0,0,0,0,0,0,0,0,0,0,0,0,0,0,0,0,0,0,0,0,0,0,0,DATA
https://github.com/matpalm/common-crawl,1,11,0,6844,71,0,71,0,52,1,1,1,3,0,2794,0,49919,3463,0,0,0,0,0,1696,0,0,0,0,0,0,0,0,0,0,0,0,0,0,0,0,0,0,0,0,0,0,0,0,0,0,0,0,0,0,0,0,0,0,0,0,0,0,0,0,0,DATA
https://github.com/tbertinmahieux/MSongsDB,1,164,0,31098,274,0,274,0,684,4,1,1,5,1,1536,0,28585,515096,0,0,0,27035,0,0,0,0,0,0,0,0,0,0,0,0,0,0,0,0,0,92276,0,0,0,0,0,0,0,0,0,0,0,0,0,0,0,0,0,0,0,0,0,0,0,0,0,DATA
https://github.com/ipa320/cob_test_dataset,1,3,0,761483,3,0,3,0,12,4,1,0,0,0,33,0,0,0,0,0,0,0,0,0,0,0,0,0,0,0,0,0,0,0,0,0,0,0,0,0,0,0,0,0,0,0,0,0,0,0,0,0,0,0,0,0,0,0,0,0,0,0,0,0,0,DATA
https://github.com/nvkelso/natural-earth-vector,4,114,80,11103107,506,0,506,1,322,3,1,1,2,1,4685,0,0,0,0,0,0,0,0,0,0,0,0,0,0,0,0,0,0,0,0,0,0,0,0,0,0,0,0,0,0,0,0,0,0,0,0,0,0,0,0,0,0,0,0,0,0,0,0,0,0,DATA
https://github.com/yoko/jquery.dataset.js,2,2,0,707,5,0,5,0,5,1,1,1,1,1,0,1293,0,0,0,0,0,0,0,0,0,0,0,0,0,0,0,0,0,0,0,0,0,0,0,0,0,0,0,0,0,0,0,0,0,0,0,0,0,0,0,0,0,0,0,0,0,0,0,0,0,DATA
https://github.com/opendatamx/Datasets,1,0,0,284053,5,0,5,0,6,1,1,1,0,0,0,0,0,0,0,0,0,0,0,0,0,0,0,0,0,0,0,0,0,0,0,0,0,0,0,0,0,0,0,0,0,0,0,0,0,0,0,0,0,0,0,0,0,0,0,0,0,0,0,0,0,DATA
https://github.com/mewo2/msdchallenge,1,9,0,92,23,0,23,0,9,1,1,1,1,1,291,0,0,2643,0,0,0,0,0,0,0,0,0,0,0,0,0,0,0,0,0,0,0,0,0,0,0,0,0,0,0,0,0,0,0,0,0,0,0,0,0,0,0,0,0,0,0,0,0,0,0,DATA
https://github.com/renataghisloti/Recommender-System-SlopeOne-with-Movielens-Dataset,1,5,0,8797,3,0,3,0,2,1,1,1,0,0,0,0,0,0,0,0,0,0,0,0,0,0,0,0,0,0,0,0,0,0,0,0,0,0,0,0,0,0,0,0,0,0,0,0,0,0,0,0,0,0,0,0,0,0,0,0,0,0,0,0,0,DATA
https://github.com/percolator/percolator,20,13,14,47709,46,0,46,11,903,13,1,1,6,1,569,0,0,46001,0,0,0,1732786,2130,31251,0,0,0,0,0,0,0,0,0,0,0,0,0,0,0,0,0,0,0,0,0,0,0,0,0,0,0,0,0,0,0,0,0,0,0,0,0,0,0,0,0,DATA
https://github.com/OmerShapira/Syntactic,1,30,12,344,100,0,100,0,16,3,1,1,1,1,3687,0,41653,0,0,0,0,0,0,0,0,0,0,0,0,0,0,0,0,0,0,0,0,0,0,0,0,0,0,0,0,0,0,0,0,0,0,0,0,0,0,0,0,0,0,0,0,0,0,0,0,DATA
https://github.com/weecology/retriever,7,34,73,48396,72,0,72,4,1629,29,1,1,3,1,5747,0,0,265760,0,0,0,0,0,511,0,0,0,0,0,0,0,0,0,0,0,0,0,0,0,0,0,0,0,0,0,0,0,0,0,0,0,0,0,0,0,0,0,0,0,0,0,0,0,0,0,DATA
https://github.com/eikes/facetedsearch,4,31,6,545,80,0,80,0,17,1,1,1,1,1,149,12258,0,0,0,0,0,0,0,0,0,0,0,0,0,0,0,0,0,0,0,0,0,0,0,0,0,0,0,0,0,0,0,0,0,0,0,0,0,0,0,0,0,0,0,0,0,0,0,0,0,DATA
https://github.com/maxogden/PDXAPI,1,9,0,834,54,0,54,0,36,1,1,1,4,0,4258,27908,0,763,0,0,15480,0,0,0,0,0,0,0,0,4352,0,0,0,0,0,0,0,0,0,0,0,0,0,0,0,0,0,0,0,0,0,0,0,0,0,0,0,0,0,0,0,0,0,0,0,DATA
https://github.com/bio2rdf/bio2rdf-scripts,2,27,4,135502,61,0,61,1,1718,14,1,1,11,0,406,0,6538457,88420,0,1006593,201779,0,0,89798,0,0,0,0,0,15076,0,0,0,0,0,0,0,0,0,0,0,0,0,0,0,0,0,0,0,0,5266,0,0,0,0,0,0,0,0,0,0,0,0,0,0,DATA
https://github.com/USGS-CIDA/ncETL,4,6,4,20087,3,0,3,0,164,8,1,1,7,0,0,4468243,310411,12654,317806,0,5020,0,0,0,0,0,0,0,0,1442,0,0,0,0,0,0,0,0,0,0,0,0,0,0,0,0,0,0,0,0,67172,0,0,0,0,0,0,0,0,0,0,0,0,0,0,DATA
https://github.com/sbma44/py-gtfs-mysql,1,23,7,143,33,0,33,0,12,4,1,1,1,0,1009,0,0,11104,0,0,0,0,0,0,0,0,0,0,0,0,0,0,0,0,0,0,0,0,0,0,0,0,0,0,0,0,0,0,0,0,0,0,0,0,0,0,0,0,0,0,0,0,0,0,0,DATA
https://github.com/straup/naturalearth-tools,1,13,2,126,9,0,9,0,0,0,1,1,1,0,0,0,0,0,0,0,0,0,0,1755,0,0,0,0,0,0,0,0,0,0,0,0,0,0,0,0,0,0,0,0,0,0,0,0,0,0,0,0,0,0,0,0,0,0,0,0,0,0,0,0,0,DATA
https://github.com/alpinedatalabs/demos,1,4,0,381400,5,0,5,0,21,5,1,1,0,1,3529,0,0,0,0,0,0,0,0,0,0,0,0,0,0,0,0,0,0,0,0,0,0,0,0,0,0,0,0,0,0,0,0,0,0,0,0,0,0,0,0,0,0,0,0,0,0,0,0,0,0,DATA
https://github.com/datafueled/datasets,1,1,0,92,2,0,2,0,1,1,1,1,1,1,168,0,0,0,0,0,0,0,0,0,0,0,0,0,0,0,0,0,0,0,0,0,0,0,0,0,0,0,0,0,0,0,0,0,0,0,0,0,0,0,0,0,0,0,0,0,0,0,0,0,0,DATA
https://github.com/marsam/datasets,1,0,0,800,2,0,2,0,5,1,1,0,1,0,86,0,0,20214,0,0,0,0,0,0,0,0,0,0,0,0,0,0,0,0,0,0,0,0,0,0,0,0,0,0,0,0,0,0,0,0,0,0,0,0,0,0,0,0,0,0,0,0,0,0,0,DATA
https://github.com/rsouza/MMD,1,48,0,220008,14,0,14,0,301,2,1,1,4,0,7731,1234436,0,0,1179,0,0,0,0,0,0,0,0,0,0,0,0,0,0,0,0,0,0,0,0,0,0,0,0,0,0,0,0,0,0,0,0,0,0,0,0,0,0,0,0,0,0,0,0,0,0,DATA
https://github.com/ariddell/datasets,1,0,0,26476,2,0,2,0,0,0,0,1,1,0,579,0,0,0,0,0,0,0,0,0,0,0,4859,0,0,0,0,0,0,0,0,0,0,0,0,0,0,0,0,0,0,0,0,0,0,0,0,0,0,0,0,0,0,0,0,0,0,0,0,0,0,DATA
https://github.com/agustafson/datasetdiff,2,1,0,252,2,0,2,0,65,1,1,1,2,0,962,0,3812,0,0,0,0,0,0,0,0,0,0,0,0,0,0,0,0,35618,0,0,0,0,0,0,0,0,0,0,0,0,0,0,0,0,0,0,0,0,0,0,0,0,0,0,0,0,0,0,0,DATA
https://github.com/percyliang/mlcomp,1,6,15,3491,26,0,26,0,54,2,1,1,9,1,3580,4553,0,14018,20170,0,378100,0,40384,1323,0,0,0,0,0,64799,0,0,0,6353,0,0,0,0,0,0,0,0,0,0,0,0,0,0,0,0,0,0,0,0,0,0,0,0,0,0,0,0,0,0,0,DATA
https://github.com/yanii/kitti-pcl,1,17,0,138,26,0,26,0,1,1,1,1,3,1,0,0,0,0,0,0,0,12792,0,312,0,0,0,0,0,0,0,0,0,0,0,0,0,0,0,0,0,0,0,0,0,0,0,0,0,0,0,0,0,0,0,0,0,0,0,0,0,0,0,0,0,DATA
https://github.com/openspending/openspending,13,49,104,9198,104,0,104,0,90,3,1,1,4,1,1449,0,0,551,0,0,0,0,0,9181,0,0,0,0,0,0,0,0,0,0,0,0,0,0,0,0,0,0,0,0,0,0,0,0,0,0,0,0,0,0,0,0,0,0,0,0,0,0,0,0,0,DATA
https://github.com/hromi/SMILEsmileD,1,13,0,38460,36,0,36,0,4,1,1,1,1,0,285,0,0,0,0,0,0,0,6806,0,0,0,0,0,0,0,0,0,0,0,0,0,0,0,0,0,0,0,0,0,0,0,0,0,0,0,0,0,0,0,0,0,0,0,0,0,0,0,0,0,0,DATA
https://github.com/Gidsy/django-geoip-utils,1,15,6,49197,20,0,20,0,41,2,1,1,1,1,3107,0,0,7486,0,0,0,0,0,0,0,0,0,0,0,0,0,0,0,0,0,0,0,0,0,0,0,0,0,0,0,0,0,0,0,0,0,0,0,0,0,0,0,0,0,0,0,0,0,0,0,DATA
https://github.com/breuleux/bugland,1,2,0,102,2,0,2,0,1,1,1,1,1,1,675,0,0,29977,0,0,0,0,0,0,0,0,0,0,0,0,0,0,0,0,0,0,0,0,0,0,0,0,0,0,0,0,0,0,0,0,0,0,0,0,0,0,0,0,0,0,0,0,0,0,0,DATA
https://github.com/caglar/Arcade-Universe,1,2,0,189,6,0,6,0,21,2,1,1,2,1,57,0,0,99513,0,0,0,0,0,2819,0,0,0,0,0,0,0,0,0,0,0,0,0,0,0,0,0,0,0,0,0,0,0,0,0,0,0,0,0,0,0,0,0,0,0,0,0,0,0,0,0,DATA
https://github.com/kwstat/agridat,2,1,1,7485,10,0,10,0,63,1,1,1,1,1,925,0,0,0,0,0,0,0,0,0,0,0,107920,0,0,0,0,0,0,0,0,0,0,0,0,0,0,0,0,0,0,0,0,0,0,0,0,0,0,0,0,0,0,0,0,0,0,0,0,0,0,DATA
https://github.com/ryanve/dope,1,2,1,466,14,0,14,0,86,1,1,1,1,0,4994,13196,0,0,0,0,0,0,0,0,0,0,0,0,0,0,0,0,0,0,0,0,0,0,0,0,0,0,0,0,0,0,0,0,0,0,0,0,0,0,0,0,0,0,0,0,0,0,0,0,0,DATA
https://github.com/bcopeland/bigdata,1,3,0,35013,5,0,5,0,57,1,1,1,6,0,61,259457,1323578,0,0,9442,5299,0,0,1171,0,1207,0,0,0,0,0,0,0,0,0,0,0,0,0,0,0,0,0,0,0,0,0,0,0,0,0,0,0,0,0,0,0,0,0,0,0,0,0,0,0,DATA
https://github.com/luispedro/milksets,1,3,0,13379,23,0,23,0,21,1,1,1,2,1,219,0,0,53663,0,0,0,0,0,761,0,0,0,0,0,0,0,0,0,0,0,0,0,0,0,0,0,0,0,0,0,0,0,0,0,0,0,0,0,0,0,0,0,0,0,0,0,0,0,0,0,DATA
https://github.com/jtprince/histogram,2,9,2,284,45,0,45,0,57,4,1,1,1,1,2894,0,0,0,0,0,29701,0,0,0,0,0,0,0,0,0,0,0,0,0,0,0,0,0,0,0,0,0,0,0,0,0,0,0,0,0,0,0,0,0,0,0,0,0,0,0,0,0,0,0,0,DATA
https://github.com/KriscoDesigns/NETDataset-for-iPhone,1,3,1,474,12,0,12,0,4,2,1,1,2,0,5722,0,0,0,0,0,0,0,20480,0,0,58093,0,0,0,0,0,0,0,0,0,0,0,0,0,0,0,0,0,0,0,0,0,0,0,0,0,0,0,0,0,0,0,0,0,0,0,0,0,0,0,DATA
https://github.com/kpobococ/Mootools-dataset,1,0,0,100,2,0,2,0,7,1,1,1,1,0,4269,2611,0,0,0,0,0,0,0,0,0,0,0,0,0,0,0,0,0,0,0,0,0,0,0,0,0,0,0,0,0,0,0,0,0,0,0,0,0,0,0,0,0,0,0,0,0,0,0,0,0,DATA
https://github.com/glad2121/glad-dataset,1,1,0,135,2,0,2,0,8,2,1,1,1,0,0,0,64957,0,0,0,0,0,0,0,0,0,0,0,0,0,0,0,0,0,0,0,0,0,0,0,0,0,0,0,0,0,0,0,0,0,0,0,0,0,0,0,0,0,0,0,0,0,0,0,0,DATA
https://github.com/jblas/jquery-dataset,1,1,0,99,2,0,2,0,6,1,1,1,0,0,0,0,0,0,0,0,0,0,0,0,0,0,0,0,0,0,0,0,0,0,0,0,0,0,0,0,0,0,0,0,0,0,0,0,0,0,0,0,0,0,0,0,0,0,0,0,0,0,0,0,0,DATA
https://github.com/ngcrawford/CloudForest,4,6,3,7373,7,0,7,2,157,2,1,1,6,1,24,106580,0,455700,55393,0,0,1117,314504,5106,0,0,0,0,0,0,0,0,0,0,0,0,0,0,0,0,0,0,0,0,0,0,0,0,0,0,0,0,0,0,0,0,0,0,0,0,0,0,0,0,0,DATA
https://github.com/armstrtw/pymc_radon,1,9,0,112,13,0,13,0,18,1,1,1,1,0,0,0,0,7676,0,0,0,0,0,0,0,0,0,0,0,0,0,0,0,0,0,0,0,0,0,0,0,0,0,0,0,0,0,0,0,0,0,0,0,0,0,0,0,0,0,0,0,0,0,0,0,DATA
https://github.com/amyxzhang/Twitter-Analysis-with-Hadoop,1,3,1,97,6,0,6,0,2,1,1,1,1,0,8710,0,0,23057,0,0,0,0,0,0,0,0,0,0,0,0,0,0,0,0,0,0,0,0,0,0,0,0,0,0,0,0,0,0,0,0,0,0,0,0,0,0,0,0,0,0,0,0,0,0,0,DATA
https://github.com/codeforamerica/Data-Wiki,13,4,51,47112,11,0,11,0,581,2,1,1,6,1,7111,7171537,0,182920,0,23656746,0,0,7006,40910,0,0,0,0,0,0,0,0,0,0,0,0,0,0,0,0,0,0,0,0,0,0,0,0,0,0,0,0,48011,0,0,0,0,0,0,0,0,0,0,0,0,DATA
https://github.com/ekansa/Open-Context-Data,2,4,1,515080,11,0,11,0,34,1,1,1,0,0,2175,0,0,0,0,0,0,0,0,0,0,0,0,0,0,0,0,0,0,0,0,0,0,0,0,0,0,0,0,0,0,0,0,0,0,0,0,0,0,0,0,0,0,0,0,0,0,0,0,0,0,DATA
https://github.com/bbc/automated-audio-tagging-evaluation,2,9,0,21964,11,0,11,0,18,1,1,1,1,1,3030,0,0,2930,0,0,0,0,0,0,0,0,0,0,0,0,0,0,0,0,0,0,0,0,0,0,0,0,0,0,0,0,0,0,0,0,0,0,0,0,0,0,0,0,0,0,0,0,0,0,0,DATA
https://github.com/maebert/knyfe,2,2,1,405,45,0,45,0,0,0,1,1,1,1,8024,0,0,32285,0,0,0,0,0,0,0,0,0,0,0,0,0,0,0,0,0,0,0,0,0,0,0,0,0,0,0,0,0,0,0,0,0,0,0,0,0,0,0,0,0,0,0,0,0,0,0,DATA
https://github.com/peterhajas/Howl,1,2,0,100,5,0,5,0,11,1,1,1,1,0,1567,0,0,10801,0,0,0,0,0,0,0,0,0,0,0,0,0,0,0,0,0,0,0,0,0,0,0,0,0,0,0,0,0,0,0,0,0,0,0,0,0,0,0,0,0,0,0,0,0,0,0,DATA
https://github.com/volpino/openlayers-timeline,2,10,1,212,30,0,30,0,30,2,1,1,1,1,3955,73523,0,0,0,0,0,0,0,0,0,0,0,0,0,0,0,0,0,0,0,0,0,0,0,0,0,0,0,0,0,0,0,0,0,0,0,0,0,0,0,0,0,0,0,0,0,0,0,0,0,DATA
https://github.com/analytically/camelcode,2,15,0,9078,80,0,80,0,80,1,1,1,2,0,3519,0,54516,0,0,0,0,0,0,0,0,0,0,0,0,0,0,0,0,1697,0,0,0,0,0,0,0,0,0,0,0,0,0,0,0,0,0,0,0,0,0,0,0,0,0,0,0,0,0,0,0,DATA
https://github.com/triceam/MegaList,2,15,6,335,62,0,62,0,10,1,1,1,1,1,3771,22684,0,0,0,0,0,0,0,0,0,0,0,0,0,0,0,0,0,0,0,0,0,0,0,0,0,0,0,0,0,0,0,0,0,0,0,0,0,0,0,0,0,0,0,0,0,0,0,0,0,DATA
https://github.com/sneumann/mtbls2,2,6,2,100631,3,0,3,0,65,3,1,1,1,0,0,0,0,0,0,0,0,0,0,0,0,0,371,0,0,0,0,0,0,0,0,0,0,0,0,0,0,0,0,0,0,0,0,0,0,0,0,0,0,0,0,0,0,0,0,0,0,0,0,0,0,DATA
https://github.com/diogomeyer/datasets,1,0,0,100,1,0,1,0,4,1,1,1,0,0,0,0,0,0,0,0,0,0,0,0,0,0,0,0,0,0,0,0,0,0,0,0,0,0,0,0,0,0,0,0,0,0,0,0,0,0,0,0,0,0,0,0,0,0,0,0,0,0,0,0,0,DATA
https://github.com/alexmace/datasetcreator,1,0,0,92,1,0,1,0,0,0,1,0,0,0,0,0,0,0,0,0,0,0,0,0,0,0,0,0,0,0,0,0,0,0,0,0,0,0,0,0,0,0,0,0,0,0,0,0,0,0,0,0,0,0,0,0,0,0,0,0,0,0,0,0,0,DATA
https://github.com/luisibanez/ImageReconstruction,1,8,0,166,12,0,12,0,24,1,1,1,2,1,386,0,0,0,0,0,0,85154,56249,0,0,0,0,0,0,0,0,0,0,0,0,0,0,0,0,0,0,0,0,0,0,0,0,0,0,0,0,0,0,0,0,0,0,0,0,0,0,0,0,0,0,DATA
https://github.com/jhpoelen/eol-globi-data,1,7,54,146357,31,0,31,10,2138,9,1,1,3,1,1727,0,2098620,0,0,0,0,0,0,2786,0,0,0,0,0,0,0,0,0,0,0,0,0,0,0,0,0,0,0,0,0,0,0,0,0,0,0,0,0,0,0,0,0,0,0,0,0,0,0,0,0,DATA
https://github.com/sbma44/begin_anew,1,5,0,95,18,0,18,0,5,1,1,1,2,0,1859,0,0,1429,0,0,0,0,0,313,0,0,0,0,0,0,0,0,0,0,0,0,0,0,0,0,0,0,0,0,0,0,0,0,0,0,0,0,0,0,0,0,0,0,0,0,0,0,0,0,0,DATA
https://github.com/SakuraSound/MADden,1,4,3,45404,5,0,5,0,95,2,1,1,6,0,342,95687,6749,21742,0,39936,0,0,0,484,0,0,0,0,0,0,0,0,0,0,0,0,0,0,0,0,0,0,0,0,0,0,0,0,0,0,0,0,0,0,0,0,0,4740,0,0,0,0,0,0,0,DATA
https://github.com/oleiade/Elevator,9,9,25,2090,68,0,68,0,18,3,1,1,2,1,3509,0,0,118899,976,0,0,0,0,0,0,0,0,0,0,0,0,0,0,0,0,0,0,0,0,0,0,0,0,0,0,0,0,0,0,0,0,0,0,0,0,0,0,0,0,0,0,0,0,0,0,DATA
https://github.com/UCBAIR/b3do,2,2,0,11815,3,0,3,0,3,1,1,1,2,0,0,0,0,0,48030,0,0,0,0,0,0,0,0,0,0,0,0,0,0,0,0,0,0,0,0,0,0,0,0,0,0,0,0,0,0,0,0,0,0,0,0,0,0,0,0,0,0,0,0,0,0,DATA
https://github.com/IntersectAustralia/acdata-dataset-api,1,1,0,127,2,0,2,0,9,3,1,0,1,1,848,0,0,0,0,0,16262,0,0,0,0,0,0,0,0,0,0,0,0,0,0,0,0,0,0,0,0,0,0,0,0,0,0,0,0,0,0,0,0,0,0,0,0,0,0,0,0,0,0,0,0,DATA
https://github.com/lassounski/PubMed-Dataset,1,1,0,128,2,0,2,0,15,1,1,1,1,0,0,0,46426,0,0,0,0,0,0,0,0,0,0,0,0,0,0,0,0,0,0,0,0,0,0,0,0,0,0,0,0,0,0,0,0,0,0,0,0,0,0,0,0,0,0,0,0,0,0,0,0,DATA
https://github.com/JDrosdeck/US-Colleges-DataSet,1,1,0,148,2,0,2,0,0,0,1,0,0,0,0,0,0,0,0,0,0,0,0,0,0,0,0,0,0,0,0,0,0,0,0,0,0,0,0,0,0,0,0,0,0,0,0,0,0,0,0,0,0,0,0,0,0,0,0,0,0,0,0,0,0,DATA
https://github.com/marwan-abdellah/volume-datasets,1,1,0,108940,3,0,3,0,3,1,1,1,0,0,128,0,0,0,0,0,0,0,0,0,0,0,0,0,0,0,0,0,0,0,0,0,0,0,0,0,0,0,0,0,0,0,0,0,0,0,0,0,0,0,0,0,0,0,0,0,0,0,0,0,0,DATA
https://github.com/kwijibo/RDF-Dataset-Combiner,1,0,0,300,2,0,2,0,4,1,1,1,1,0,1595,0,0,0,0,12813,0,0,0,0,0,0,0,0,0,0,0,0,0,0,0,0,0,0,0,0,0,0,0,0,0,0,0,0,0,0,0,0,0,0,0,0,0,0,0,0,0,0,0,0,0,DATA
https://github.com/LTS5/cffdata,12,3,1,522398,7,0,7,0,13,2,1,1,0,0,2161,0,0,0,0,0,0,0,0,0,0,0,0,0,0,0,0,0,0,0,0,0,0,0,0,0,0,0,0,0,0,0,0,0,0,0,0,0,0,0,0,0,0,0,0,0,0,0,0,0,0,DATA
https://github.com/maxogden/common-english-errors,1,2,2,175,17,0,17,0,3,1,1,1,0,0,324,0,0,0,0,0,0,0,0,0,0,0,0,0,0,0,0,0,0,0,0,0,0,0,0,0,0,0,0,0,0,0,0,0,0,0,0,0,0,0,0,0,0,0,0,0,0,0,0,0,0,DATA
https://github.com/aristus/copymine-harvard,1,2,3,671,17,0,17,0,8,2,1,1,1,1,1717,0,0,47854,0,0,0,0,0,0,0,0,0,0,0,0,0,0,0,0,0,0,0,0,0,0,0,0,0,0,0,0,0,0,0,0,0,0,0,0,0,0,0,0,0,0,0,0,0,0,0,DATA
https://github.com/CIShell/CIShell,5,33,1,431008,24,0,24,0,169,8,1,1,11,0,397,0,1997867,6476,1921,0,0,6183,0,10789,0,0,0,0,0,9273,0,127431,0,0,0,0,0,0,0,0,0,0,0,0,0,0,0,0,0,0,7135,0,0,0,0,0,0,0,0,0,0,0,0,0,0,DATA
https://github.com/timvoet/DatasetCreator,2,0,0,12792,1,0,1,0,45,1,1,1,1,0,512,0,96326,0,0,0,0,0,0,0,0,0,0,0,0,0,0,0,0,0,0,0,0,0,0,0,0,0,0,0,0,0,0,0,0,0,0,0,0,0,0,0,0,0,0,0,0,0,0,0,0,DATA
https://github.com/trickl/trickl-dataset,1,0,0,67,1,0,1,0,5,1,1,1,2,1,1674,0,27686,0,0,0,0,0,0,0,0,0,0,0,0,0,0,0,0,0,0,0,0,0,0,0,0,0,0,0,0,0,0,0,0,0,0,0,0,0,0,0,0,0,0,0,0,0,0,0,0,DATA
https://github.com/castagna/dataset-lib,1,0,0,120,1,0,1,0,14,1,1,1,1,1,103,0,13592,0,0,0,0,0,0,0,0,0,0,0,0,0,0,0,0,0,0,0,0,0,0,0,0,0,0,0,0,0,0,0,0,0,0,0,0,0,0,0,0,0,0,0,0,0,0,0,0,DATA
https://github.com/baoilleach/Kirchmair-dataset,1,0,0,116,1,0,1,0,23,1,1,1,0,0,0,0,0,0,0,0,0,0,0,0,0,0,0,0,0,0,0,0,0,0,0,0,0,0,0,0,0,0,0,0,0,0,0,0,0,0,0,0,0,0,0,0,0,0,0,0,0,0,0,0,0,DATA
https://github.com/newHackathonTestOrg/Test-Dataset,0,0,0,48,1,0,1,0,0,0,1,1,0,0,0,0,0,0,0,0,0,0,0,0,0,0,0,0,0,0,0,0,0,0,0,0,0,0,0,0,0,0,0,0,0,0,0,0,0,0,0,0,0,0,0,0,0,0,0,0,0,0,0,0,0,DATA
https://github.com/mallamanis/MlFeatureSelection,1,3,0,104,2,0,2,0,12,1,1,1,1,0,0,0,27783,0,0,0,0,0,0,0,0,0,0,0,0,0,0,0,0,0,0,0,0,0,0,0,0,0,0,0,0,0,0,0,0,0,0,0,0,0,0,0,0,0,0,0,0,0,0,0,0,DATA
https://github.com/verus/Internet-Advertisements-Data-Set-as-Weka-Format,1,3,0,252,2,0,2,0,2,1,1,1,0,0,891,0,0,0,0,0,0,0,0,0,0,0,0,0,0,0,0,0,0,0,0,0,0,0,0,0,0,0,0,0,0,0,0,0,0,0,0,0,0,0,0,0,0,0,0,0,0,0,0,0,0,DATA
https://github.com/tomazk/dataset-deploy,1,0,0,96,1,0,1,0,10,1,1,1,0,0,150,0,0,0,0,0,0,0,0,0,0,0,0,0,0,0,0,0,0,0,0,0,0,0,0,0,0,0,0,0,0,0,0,0,0,0,0,0,0,0,0,0,0,0,0,0,0,0,0,0,0,DATA
https://github.com/WebOrganics/DatasetParser,1,0,0,212,1,0,1,0,23,1,0,1,1,0,513,0,0,0,0,37862,0,0,0,0,0,0,0,0,0,0,0,0,0,0,0,0,0,0,0,0,0,0,0,0,0,0,0,0,0,0,0,0,0,0,0,0,0,0,0,0,0,0,0,0,0,DATA
https://github.com/castagna/dataset-links,1,0,0,41436,0,0,0,0,3,1,1,0,1,1,0,0,8841,0,0,0,0,0,0,0,0,0,0,0,0,0,0,0,0,0,0,0,0,0,0,0,0,0,0,0,0,0,0,0,0,0,0,0,0,0,0,0,0,0,0,0,0,0,0,0,0,DATA
https://github.com/spool/stats_dataset,1,0,0,92,1,0,1,0,2,1,1,1,1,0,0,0,0,2776,0,0,0,0,0,0,0,0,0,0,0,0,0,0,0,0,0,0,0,0,0,0,0,0,0,0,0,0,0,0,0,0,0,0,0,0,0,0,0,0,0,0,0,0,0,0,0,DATA
https://github.com/bernardogalindo/dataset_responder,3,0,0,4412,1,0,1,0,7,1,1,1,1,0,0,0,0,0,0,0,3291,0,0,0,0,0,0,0,0,0,0,0,0,0,0,0,0,0,0,0,0,0,0,0,0,0,0,0,0,0,0,0,0,0,0,0,0,0,0,0,0,0,0,0,0,DATA
https://github.com/vidiecan/mse-dataset,1,0,0,100,1,0,1,0,0,0,1,1,0,0,0,0,0,0,0,0,0,0,0,0,0,0,0,0,0,0,0,0,0,0,0,0,0,0,0,0,0,0,0,0,0,0,0,0,0,0,0,0,0,0,0,0,0,0,0,0,0,0,0,0,0,DATA
https://github.com/castagna/dataset-movies,1,0,0,168,1,0,1,0,13,1,1,0,1,1,0,0,145316,0,0,0,0,0,0,0,0,0,0,0,0,0,0,0,0,0,0,0,0,0,0,0,0,0,0,0,0,0,0,0,0,0,0,0,0,0,0,0,0,0,0,0,0,0,0,0,0,DATA
https://github.com/kaunartist/dungeons_and_data,1,0,0,412,6,0,6,0,11,1,1,1,0,0,26,0,0,0,0,0,0,0,0,0,0,0,0,0,0,0,0,0,0,0,0,0,0,0,0,0,0,0,0,0,0,0,0,0,0,0,0,0,0,0,0,0,0,0,0,0,0,0,0,0,0,DATA
https://github.com/mattolson/open-data,1,2,0,1190,4,0,4,0,108,1,1,1,2,0,4316,64417,0,0,0,0,76882,0,0,0,0,0,0,0,0,0,0,0,0,0,0,0,0,0,0,0,0,0,0,0,0,0,0,0,0,0,0,0,0,0,0,0,0,0,0,0,0,0,0,0,0,DATA
https://github.com/durden/tablib,3,5,0,1318,7,0,7,0,698,19,1,1,1,1,2887,0,0,7797,0,0,0,0,0,0,0,0,0,0,0,0,0,0,0,0,0,0,0,0,0,0,0,0,0,0,0,0,0,0,0,0,0,0,0,0,0,0,0,0,0,0,0,0,0,0,0,DATA
https://github.com/ezkl/phishtank,1,3,1,119,11,0,11,0,15,2,1,1,1,1,1947,0,0,0,0,0,12496,0,0,0,0,0,0,0,0,0,0,0,0,0,0,0,0,0,0,0,0,0,0,0,0,0,0,0,0,0,0,0,0,0,0,0,0,0,0,0,0,0,0,0,0,DATA
https://github.com/emanuele/pypbc,1,2,0,111,4,0,4,0,48,1,1,1,1,0,0,0,0,35070,0,0,0,0,0,0,0,0,0,0,0,0,0,0,0,0,0,0,0,0,0,0,0,0,0,0,0,0,0,0,0,0,0,0,0,0,0,0,0,0,0,0,0,0,0,0,0,DATA
https://github.com/arademaker/qualis,1,3,0,7190,4,0,4,0,36,2,1,1,1,0,1859,0,0,0,0,0,0,0,0,0,0,0,0,0,0,0,0,0,0,0,0,0,0,0,0,0,0,0,0,0,0,0,0,0,0,0,0,0,0,0,0,0,0,3477,0,0,0,0,0,0,0,DATA
https://github.com/wakeproject/sphere,1,3,0,253,4,0,4,0,26,1,1,1,2,0,2372,0,0,0,0,0,0,41360,3700,0,0,0,0,0,0,0,0,0,0,0,0,0,0,0,0,0,0,0,0,0,0,0,0,0,0,0,0,0,0,0,0,0,0,0,0,0,0,0,0,0,0,DATA
https://github.com/joshourisman/django-tablib,2,40,13,120,94,0,94,0,248,19,1,1,2,1,5403,0,0,23838,0,0,0,0,0,0,0,0,0,0,0,0,0,0,0,0,0,0,0,0,0,0,0,0,0,0,0,0,0,0,0,0,0,0,0,0,0,0,0,0,0,0,0,0,0,0,0,DATA
https://github.com/adrienne/alt_MultiField.ee_addon,1,5,2,145,15,0,15,0,25,2,1,1,1,0,10962,0,0,0,0,18908,0,0,0,0,0,0,0,0,0,0,0,0,0,0,0,0,0,0,0,0,0,0,0,0,0,0,0,0,0,0,0,0,0,0,0,0,0,0,0,0,0,0,0,0,0,DATA
https://github.com/rdelbru/trec-entity-tool,1,2,0,3074,3,0,3,0,1,1,1,1,1,0,2528,0,34034,0,0,0,0,0,0,0,0,0,0,0,0,0,0,0,0,0,0,0,0,0,0,0,0,0,0,0,0,0,0,0,0,0,0,0,0,0,0,0,0,0,0,0,0,0,0,0,0,DATA
https://github.com/dalloliogm/bio-test-datasets-repository,1,0,0,104,4,0,4,0,24,1,1,1,1,0,64,0,0,6269,0,0,0,0,0,0,0,0,0,0,0,0,0,0,0,0,0,0,0,0,0,0,0,0,0,0,0,0,0,0,0,0,0,0,0,0,0,0,0,0,0,0,0,0,0,0,0,DATA
https://github.com/nolanlab/Rclusterpp,4,3,1,199,8,0,8,1,95,3,1,1,5,1,1417,0,0,0,0,0,0,39949,820,0,0,0,16292,0,0,0,0,0,0,0,0,0,0,0,0,0,0,0,0,0,0,0,0,0,0,0,0,0,0,0,0,0,0,0,0,0,0,0,0,0,0,DATA
https://github.com/tbranyen/miso.fs,1,1,0,186,7,0,7,0,5,2,1,1,1,0,903,770,0,0,0,0,0,0,0,0,0,0,0,0,0,0,0,0,0,0,0,0,0,0,0,0,0,0,0,0,0,0,0,0,0,0,0,0,0,0,0,0,0,0,0,0,0,0,0,0,0,DATA
https://github.com/geo-data/python-epsg,1,3,0,215,3,0,3,0,55,1,1,1,1,0,7647,0,0,76425,0,0,0,0,0,0,0,0,0,0,0,0,0,0,0,0,0,0,0,0,0,0,0,0,0,0,0,0,0,0,0,0,0,0,0,0,0,0,0,0,0,0,0,0,0,0,0,DATA
https://github.com/harryaskham/Twitter-L-LDA,1,14,0,7717,27,0,27,0,5,1,1,1,0,1,0,0,0,0,0,0,0,0,0,0,0,0,0,0,0,0,0,0,0,0,0,0,0,0,0,0,0,0,0,0,0,0,0,0,0,0,0,0,0,0,0,0,0,0,0,0,0,0,0,0,0,DATA
https://github.com/os-data/gb-country-regional-analysis,2,2,0,4170,5,0,5,0,34,4,1,1,3,0,5103,23112,0,25605,0,0,0,0,0,0,0,0,0,0,0,0,0,0,0,0,0,0,0,0,0,0,0,0,0,0,0,0,0,0,0,0,0,0,0,0,0,0,0,0,0,0,0,0,0,0,0,DATA
https://github.com/norman/ambry,1,4,0,160,38,0,38,1,121,7,1,1,1,1,3712,0,0,0,0,0,44536,0,0,0,0,0,0,0,0,0,0,0,0,0,0,0,0,0,0,0,0,0,0,0,0,0,0,0,0,0,0,0,0,0,0,0,0,0,0,0,0,0,0,0,0,DATA
https://github.com/tmm1/async_sequel,0,0,0,48,5,0,5,0,0,0,1,1,0,0,0,0,0,0,0,0,0,0,0,0,0,0,0,0,0,0,0,0,0,0,0,0,0,0,0,0,0,0,0,0,0,0,0,0,0,0,0,0,0,0,0,0,0,0,0,0,0,0,0,0,0,DATA
https://github.com/plexus/analects,2,1,1,355,23,0,23,0,66,1,1,1,1,1,2307,0,0,0,0,0,34174,0,0,0,0,0,0,0,0,0,0,0,0,0,0,0,0,0,0,0,0,0,0,0,0,0,0,0,0,0,0,0,0,0,0,0,0,0,0,0,0,0,0,0,0,DATA
https://github.com/danhan/course681,1,1,0,1177,3,0,3,0,91,2,1,1,2,0,260,0,445299,0,0,0,0,0,0,43560,0,0,0,0,0,0,0,0,0,0,0,0,0,0,0,0,0,0,0,0,0,0,0,0,0,0,0,0,0,0,0,0,0,0,0,0,0,0,0,0,0,DATA
https://github.com/stevesong/dp-afterfibre,2,3,6,132,2,0,2,0,7,1,1,1,2,0,1464,2999,0,1195,0,0,0,0,0,0,0,0,0,0,0,0,0,0,0,0,0,0,0,0,0,0,0,0,0,0,0,0,0,0,0,0,0,0,0,0,0,0,0,0,0,0,0,0,0,0,0,DATA
https://github.com/majorsilence/Dataset2Odf,1,0,0,2520,0,0,0,0,4,1,1,1,1,1,301,0,0,0,0,0,0,0,0,0,0,0,0,0,0,0,0,0,0,0,0,0,0,0,0,0,0,0,0,0,0,0,28806,0,0,0,0,0,0,0,0,0,0,0,0,0,0,0,0,0,0,DATA
https://github.com/bcollier/Pig-Analysis---Wikipedia-Dataset,1,1,0,108,1,0,1,0,2,1,1,1,0,0,68,0,0,0,0,0,0,0,0,0,0,0,0,0,0,0,0,0,0,0,0,0,0,0,0,0,0,0,0,0,0,0,0,0,0,0,0,0,0,0,0,0,0,0,0,0,0,0,0,0,0,DATA
https://github.com/didymus13/django-Bloodbowl-Dataset,1,0,0,100,0,0,0,0,5,1,1,1,1,0,61,0,0,3622,0,0,0,0,0,0,0,0,0,0,0,0,0,0,0,0,0,0,0,0,0,0,0,0,0,0,0,0,0,0,0,0,0,0,0,0,0,0,0,0,0,0,0,0,0,0,0,DATA
https://github.com/peeppullerits/phpunit-yaml-dataset-helper,1,0,0,92,0,0,0,0,1,1,1,1,1,0,66,0,0,0,0,945,0,0,0,0,0,0,0,0,0,0,0,0,0,0,0,0,0,0,0,0,0,0,0,0,0,0,0,0,0,0,0,0,0,0,0,0,0,0,0,0,0,0,0,0,0,DATA
https://github.com/sastafford/million-song-dataset,1,0,0,81604,1,0,1,0,8,1,1,1,1,0,86,0,0,36516,0,0,0,0,0,0,0,0,0,0,0,0,0,0,0,0,0,0,0,0,0,0,0,0,0,0,0,0,0,0,0,0,0,0,0,0,0,0,0,0,0,0,0,0,0,0,0,DATA
https://github.com/jsilve24/RamanAnalysis-DatasetBased,3,0,0,200,1,0,1,0,10,1,1,1,1,0,25,0,0,0,0,0,0,0,0,0,0,0,0,0,0,0,0,0,0,0,0,0,0,0,0,42341,0,0,0,0,0,0,0,0,0,0,0,0,0,0,0,0,0,0,0,0,0,0,0,0,0,DATA
https://github.com/shaunashby/PixelsDatasetLDAPSearch,1,0,0,800,1,0,1,0,1,1,1,1,2,0,615,0,0,0,0,0,0,6523,1659,0,0,0,0,0,0,0,0,0,0,0,0,0,0,0,0,0,0,0,0,0,0,0,0,0,0,0,0,0,0,0,0,0,0,0,0,0,0,0,0,0,0,DATA
https://github.com/3rd-Eden/Spry-YQL-DataSet,1,0,0,124,1,0,1,0,19,1,1,1,1,1,393,50123,0,0,0,0,0,0,0,0,0,0,0,0,0,0,0,0,0,0,0,0,0,0,0,0,0,0,0,0,0,0,0,0,0,0,0,0,0,0,0,0,0,0,0,0,0,0,0,0,0,DATA
https://github.com/karlkrissian/vtkMultiVolRen,1,2,1,306,4,0,4,0,7,1,1,1,0,0,329,0,0,0,0,0,0,0,0,0,0,0,0,0,0,0,0,0,0,0,0,0,0,0,0,0,0,0,0,0,0,0,0,0,0,0,0,0,0,0,0,0,0,0,0,0,0,0,0,0,0,DATA
https://github.com/jaberg/Hollywood2,1,2,0,92,4,0,4,0,1,1,1,1,1,0,0,0,0,4537,0,0,0,0,0,0,0,0,0,0,0,0,0,0,0,0,0,0,0,0,0,0,0,0,0,0,0,0,0,0,0,0,0,0,0,0,0,0,0,0,0,0,0,0,0,0,0,DATA
https://github.com/jackpinto/All-About-DataSet,1,0,0,156,1,0,1,0,5,1,1,1,1,0,0,0,0,0,0,0,0,0,0,0,31005,0,0,0,0,0,0,0,0,0,0,0,0,0,0,0,0,0,0,0,0,0,0,0,0,0,0,0,0,0,0,0,0,0,0,0,0,0,0,0,0,DATA
https://github.com/wavewave/madgraph-auto-dataset,1,0,0,496,1,0,1,0,180,1,1,0,1,1,0,0,0,0,0,0,0,0,0,0,0,0,0,0,0,0,0,0,0,0,0,0,339392,0,0,0,0,0,0,0,0,0,0,0,0,0,0,0,0,0,0,0,0,0,0,0,0,0,0,0,0,DATA
https://github.com/marcua/funwithdata,2,0,1,43,8,0,8,0,16,1,1,1,2,0,0,0,0,2761,0,0,0,0,0,0,0,0,0,0,0,0,0,0,0,0,0,0,0,0,0,0,0,0,0,0,0,0,0,0,0,0,0,0,0,0,0,0,0,0,0,0,0,0,0,0,0,DATA
https://github.com/dandavison/shellfish,2,0,0,8083,4,0,4,0,5,1,1,1,5,0,337,0,0,85810,0,0,0,0,110975,0,0,0,372,0,0,1782,0,0,0,0,0,0,0,0,0,0,0,0,0,0,0,0,0,0,0,0,0,0,0,0,0,0,0,0,0,0,0,0,0,0,0,DATA
https://github.com/Hydriz/Balchivist,2,1,1,183,4,0,4,3,62,1,1,1,1,1,240,0,0,131868,0,0,0,0,0,0,0,0,0,0,0,0,0,0,0,0,0,0,0,0,0,0,0,0,0,0,0,0,0,0,0,0,0,0,0,0,0,0,0,0,0,0,0,0,0,0,0,DATA
https://github.com/pde/tosback2-data,2,2,0,2827317,12,0,12,0,95,5,1,1,0,1,1461,0,0,0,0,0,0,0,0,0,0,0,0,0,0,0,0,0,0,0,0,0,0,0,0,0,0,0,0,0,0,0,0,0,0,0,0,0,0,0,0,0,0,0,0,0,0,0,0,0,0,DATA
https://github.com/karpathy/researchpooler,1,16,0,104,64,0,64,0,3,1,1,1,1,0,7540,0,0,15902,0,0,0,0,0,0,0,0,0,0,0,0,0,0,0,0,0,0,0,0,0,0,0,0,0,0,0,0,0,0,0,0,0,0,0,0,0,0,0,0,0,0,0,0,0,0,0,DATA
https://github.com/qualiancy/seed-filestore,1,2,2,126,3,0,3,0,47,1,1,1,1,0,4089,9920,0,0,0,0,0,0,0,0,0,0,0,0,0,0,0,0,0,0,0,0,0,0,0,0,0,0,0,0,0,0,0,0,0,0,0,0,0,0,0,0,0,0,0,0,0,0,0,0,0,DATA
https://github.com/dimatura/getpubfig,1,2,0,104,3,0,3,0,5,1,1,1,1,0,1001,0,0,3775,0,0,0,0,0,0,0,0,0,0,0,0,0,0,0,0,0,0,0,0,0,0,0,0,0,0,0,0,0,0,0,0,0,0,0,0,0,0,0,0,0,0,0,0,0,0,0,DATA
https://github.com/besquared/autobots-transform,1,1,0,144,15,0,15,0,5,2,1,1,1,0,566,0,0,0,0,0,26431,0,0,0,0,0,0,0,0,0,0,0,0,0,0,0,0,0,0,0,0,0,0,0,0,0,0,0,0,0,0,0,0,0,0,0,0,0,0,0,0,0,0,0,0,DATA
https://github.com/timmassingham/simNGS,1,1,3,20665,6,0,6,0,3,1,1,1,5,1,6135,0,0,0,0,0,0,33217,226768,770,0,0,0,0,0,0,0,0,0,0,0,0,0,0,0,0,0,0,0,0,0,0,0,0,0,0,0,0,0,0,0,0,0,0,0,0,0,0,0,9686,0,DATA
https://github.com/ukwa/opendata,2,3,0,11686,4,0,4,0,33,1,1,1,0,0,213,0,0,0,0,0,0,0,0,0,0,0,0,0,0,0,0,0,0,0,0,0,0,0,0,0,0,0,0,0,0,0,0,0,0,0,0,0,0,0,0,0,0,0,0,0,0,0,0,0,0,DATA
https://github.com/mattsta/rets,1,3,0,94,4,0,4,0,2,1,1,1,1,0,4986,0,0,0,0,0,0,0,0,0,0,0,0,0,0,0,0,0,0,0,0,0,0,0,0,0,0,0,0,0,0,8513,0,0,0,0,0,0,0,0,0,0,0,0,0,0,0,0,0,0,0,DATA
https://github.com/gyordanov/sequel_extjs,1,0,0,88,6,0,6,0,1,1,1,1,1,1,1071,0,0,0,0,0,7367,0,0,0,0,0,0,0,0,0,0,0,0,0,0,0,0,0,0,0,0,0,0,0,0,0,0,0,0,0,0,0,0,0,0,0,0,0,0,0,0,0,0,0,0,DATA
https://github.com/mikemorreale/msd-challenge,1,1,0,66450,2,0,2,0,29,3,1,1,1,0,42,0,0,10528,0,0,0,0,0,0,0,0,0,0,0,0,0,0,0,0,0,0,0,0,0,0,0,0,0,0,0,0,0,0,0,0,0,0,0,0,0,0,0,0,0,0,0,0,0,0,0,DATA
https://github.com/PaoloMissier/wikipedia-provenance,1,3,0,291,1,0,1,0,17,3,1,1,1,0,2119,0,227185,0,0,0,0,0,0,0,0,0,0,0,0,0,0,0,0,0,0,0,0,0,0,0,0,0,0,0,0,0,0,0,0,0,0,0,0,0,0,0,0,0,0,0,0,0,0,0,0,DATA
https://github.com/aiwilliams/scenarios,1,0,0,218,12,0,12,0,69,4,1,1,1,1,10243,0,0,0,0,0,29469,0,0,0,0,0,0,0,0,0,0,0,0,0,0,0,0,0,0,0,0,0,0,0,0,0,0,0,0,0,0,0,0,0,0,0,0,0,0,0,0,0,0,0,0,DATA
https://github.com/wlindner/Refine-Oracle,1,3,0,2175,3,0,3,0,4,2,1,1,2,0,0,83647,18168,0,0,0,0,0,0,0,0,0,0,0,0,0,0,0,0,0,0,0,0,0,0,0,0,0,0,0,0,0,0,0,0,0,0,0,0,0,0,0,0,0,0,0,0,0,0,0,0,DATA
https://github.com/jotegui/BIDDSAT,2,1,5,3405,3,0,3,0,7,1,1,1,2,1,2146,9504,0,0,0,95678,0,0,0,0,0,0,0,0,0,0,0,0,0,0,0,0,0,0,0,0,0,0,0,0,0,0,0,0,0,0,0,0,0,0,0,0,0,0,0,0,0,0,0,0,0,DATA
https://github.com/metamolecular/pubchem-fu,1,0,0,100,5,0,5,0,0,0,1,1,1,1,644,0,0,0,0,0,1334,0,0,0,0,0,0,0,0,0,0,0,0,0,0,0,0,0,0,0,0,0,0,0,0,0,0,0,0,0,0,0,0,0,0,0,0,0,0,0,0,0,0,0,0,DATA
https://github.com/himanshujindal/Reconstructing-Books-from-Google-Ngrams,1,2,0,631,7,0,7,0,2,1,1,1,3,0,665,0,0,0,0,0,0,4781,13344,6144,0,0,0,0,0,0,0,0,0,0,0,0,0,0,0,0,0,0,0,0,0,0,0,0,0,0,0,0,0,0,0,0,0,0,0,0,0,0,0,0,0,DATA
https://github.com/mjwillson/ProgLangVisualise,1,1,0,575,11,0,11,0,2,1,1,1,1,0,3092,0,0,0,0,0,0,0,0,0,0,0,2900,0,0,0,0,0,0,0,0,0,0,0,0,0,0,0,0,0,0,0,0,0,0,0,0,0,0,0,0,0,0,0,0,0,0,0,0,0,0,DATA
https://github.com/qualiancy/seed-riak,1,1,0,100,5,0,5,0,9,2,1,1,1,0,3990,6675,0,0,0,0,0,0,0,0,0,0,0,0,0,0,0,0,0,0,0,0,0,0,0,0,0,0,0,0,0,0,0,0,0,0,0,0,0,0,0,0,0,0,0,0,0,0,0,0,0,DATA
https://github.com/reyebrow/datapublic_datasets,2,0,0,120,1,0,1,0,1,1,1,1,0,0,27,0,0,0,0,0,0,0,0,0,0,0,0,0,0,0,0,0,0,0,0,0,0,0,0,0,0,0,0,0,0,0,0,0,0,0,0,0,0,0,0,0,0,0,0,0,0,0,0,0,0,DATA
https://github.com/angusforbes/VirtualDatasets,1,0,0,92,1,0,1,0,1,1,1,1,0,0,0,0,0,0,0,0,0,0,0,0,0,0,0,0,0,0,0,0,0,0,0,0,0,0,0,0,0,0,0,0,0,0,0,0,0,0,0,0,0,0,0,0,0,0,0,0,0,0,0,0,0,DATA
https://github.com/p/ppg-datasets,1,0,0,92,0,0,0,0,1,1,1,1,0,0,0,0,0,0,0,0,0,0,0,0,0,0,0,0,0,0,0,0,0,0,0,0,0,0,0,0,0,0,0,0,0,0,0,0,0,0,0,0,0,0,0,0,0,0,0,0,0,0,0,0,0,DATA
https://github.com/dadicool/tn_datasets,1,0,0,88,1,0,1,0,0,0,1,1,1,0,0,2011,0,0,0,0,0,0,0,0,0,0,0,0,0,0,0,0,0,0,0,0,0,0,0,0,0,0,0,0,0,0,0,0,0,0,0,0,0,0,0,0,0,0,0,0,0,0,0,0,0,DATA
https://github.com/jtmoon/ExpressJS-Challenge-Dataset-Viewer,1,0,0,1072,0,0,0,0,1,1,1,1,1,0,0,4936,0,0,0,0,0,0,0,0,0,0,0,0,0,0,0,0,0,0,0,0,0,0,0,0,0,0,0,0,0,0,0,0,0,0,0,0,0,0,0,0,0,0,0,0,0,0,0,0,0,DATA
https://github.com/davelester/Yelp-Rating-and-Review-Trends,1,9,0,137,6,0,6,0,17,1,1,1,1,0,293,0,0,14494,0,0,0,0,0,0,0,0,0,0,0,0,0,0,0,0,0,0,0,0,0,0,0,0,0,0,0,0,0,0,0,0,0,0,0,0,0,0,0,0,0,0,0,0,0,0,0,DATA
https://github.com/nilanil/datatest,0,0,0,48,1,0,1,0,0,0,1,1,0,0,0,0,0,0,0,0,0,0,0,0,0,0,0,0,0,0,0,0,0,0,0,0,0,0,0,0,0,0,0,0,0,0,0,0,0,0,0,0,0,0,0,0,0,0,0,0,0,0,0,0,0,DATA
https://github.com/dimatura/hdf5opencv,1,1,0,120,10,0,10,0,15,1,1,1,1,1,316,0,0,0,0,0,0,12241,0,0,0,0,0,0,0,0,0,0,0,0,0,0,0,0,0,0,0,0,0,0,0,0,0,0,0,0,0,0,0,0,0,0,0,0,0,0,0,0,0,0,0,DATA
https://github.com/geocommons/geoiq-drupal-plugin,1,1,0,118,9,0,9,0,4,1,1,1,2,0,5935,3717,0,0,0,28369,0,0,0,0,0,0,0,0,0,0,0,0,0,0,0,0,0,0,0,0,0,0,0,0,0,0,0,0,0,0,0,0,0,0,0,0,0,0,0,0,0,0,0,0,0,DATA
https://github.com/ehtsham/Movie-Recommendation-Engine-for-Netflix-and-Movielens-datasets,1,1,2,946,8,0,8,0,3,1,1,1,0,0,2860,0,0,0,0,0,0,0,0,0,0,0,0,0,0,0,0,0,0,0,0,0,0,0,0,0,0,0,0,0,0,0,0,0,0,0,0,0,0,0,0,0,0,0,0,0,0,0,0,0,0,DATA
https://github.com/derekeder/Socrata-to-FusionTables,1,2,0,207,11,0,11,0,16,1,1,1,1,1,1183,0,0,0,0,23229,0,0,0,0,0,0,0,0,0,0,0,0,0,0,0,0,0,0,0,0,0,0,0,0,0,0,0,0,0,0,0,0,0,0,0,0,0,0,0,0,0,0,0,0,0,DATA
https://github.com/eponvert/corpora,1,0,1,1028,4,0,4,0,18,1,1,1,1,1,80,0,0,0,0,0,0,0,0,0,0,0,0,0,0,0,0,0,0,35369,0,0,0,0,0,0,0,0,0,0,0,0,0,0,0,0,0,0,0,0,0,0,0,0,0,0,0,0,0,0,0,DATA
https://github.com/metamolecular/pubcouch,1,0,0,3096,4,0,4,0,0,0,1,1,2,1,0,796,76494,0,0,0,0,0,0,0,0,0,0,0,0,0,0,0,0,0,0,0,0,0,0,0,0,0,0,0,0,0,0,0,0,0,0,0,0,0,0,0,0,0,0,0,0,0,0,0,0,DATA
https://github.com/b1tr0t/django-metrics,1,1,1,71,8,0,8,0,0,0,1,1,1,1,1330,0,0,10307,0,0,0,0,0,0,0,0,0,0,0,0,0,0,0,0,0,0,0,0,0,0,0,0,0,0,0,0,0,0,0,0,0,0,0,0,0,0,0,0,0,0,0,0,0,0,0,DATA
https://github.com/maxogden/correlates,1,0,0,1816,4,0,4,0,8,1,1,1,1,0,0,75866,0,0,0,0,0,0,0,0,0,0,0,0,0,0,0,0,0,0,0,0,0,0,0,0,0,0,0,0,0,0,0,0,0,0,0,0,0,0,0,0,0,0,0,0,0,0,0,0,0,DATA
https://github.com/kwylez/LoadMore,1,3,0,700,2,0,2,0,1,1,1,1,2,0,0,0,0,0,0,0,0,0,1008,0,0,4226,0,0,0,0,0,0,0,0,0,0,0,0,0,0,0,0,0,0,0,0,0,0,0,0,0,0,0,0,0,0,0,0,0,0,0,0,0,0,0,DATA
https://github.com/ngeiswei/techtc-builder,1,3,0,118,4,0,4,0,10,1,1,1,2,0,3145,0,0,29846,0,0,0,0,0,3113,0,0,0,0,0,0,0,0,0,0,0,0,0,0,0,0,0,0,0,0,0,0,0,0,0,0,0,0,0,0,0,0,0,0,0,0,0,0,0,0,0,DATA
https://github.com/mauricesvay/Routino,1,3,0,1290,11,0,11,0,6,1,1,1,4,0,6137,64677,0,0,0,0,0,0,622836,8408,0,0,0,0,0,26170,0,0,0,0,0,0,0,0,0,0,0,0,0,0,0,0,0,0,0,0,0,0,0,0,0,0,0,0,0,0,0,0,0,0,0,DATA
https://github.com/hack4reno/hack4reno-datasets-2011,1,1,0,83126,2,0,2,0,23,3,1,1,0,0,267,0,0,0,0,0,0,0,0,0,0,0,0,0,0,0,0,0,0,0,0,0,0,0,0,0,0,0,0,0,0,0,0,0,0,0,0,0,0,0,0,0,0,0,0,0,0,0,0,0,0,DATA
https://github.com/cmader/qSKOS-data,1,0,1,232432,7,0,7,0,9,1,1,1,0,0,4163,0,0,0,0,0,0,0,0,0,0,0,0,0,0,0,0,0,0,0,0,0,0,0,0,0,0,0,0,0,0,0,0,0,0,0,0,0,0,0,0,0,0,0,0,0,0,0,0,0,0,DATA
https://github.com/gina-alaska/feeder,22,0,25,1113,2,0,2,0,652,3,1,1,6,1,596,45400,0,0,7248,0,150461,0,0,1900,0,0,0,0,0,0,3085,0,0,0,0,0,0,0,0,0,0,0,0,0,0,0,0,0,0,0,0,0,0,0,0,0,0,0,0,0,0,0,0,0,0,DATA
https://github.com/qualiancy/seed-redis,1,1,1,138,2,0,2,0,55,1,1,1,1,0,4499,17033,0,0,0,0,0,0,0,0,0,0,0,0,0,0,0,0,0,0,0,0,0,0,0,0,0,0,0,0,0,0,0,0,0,0,0,0,0,0,0,0,0,0,0,0,0,0,0,0,0,DATA
https://github.com/ciudadanointeligente/ckanext-forms,2,0,0,127,2,0,2,0,13,1,1,1,1,0,75,0,0,3880,0,0,0,0,0,0,0,0,0,0,0,0,0,0,0,0,0,0,0,0,0,0,0,0,0,0,0,0,0,0,0,0,0,0,0,0,0,0,0,0,0,0,0,0,0,0,0,DATA
https://github.com/apcj/data-generator,1,0,1,912,3,0,3,0,12,1,1,1,1,0,0,0,60360,0,0,0,0,0,0,0,0,0,0,0,0,0,0,0,0,0,0,0,0,0,0,0,0,0,0,0,0,0,0,0,0,0,0,0,0,0,0,0,0,0,0,0,0,0,0,0,0,DATA
https://github.com/HowardvanRooijen/Ordnance-Survey-OpenData,1,2,0,302298,18,0,18,0,6,1,1,1,1,0,2281,0,0,0,0,0,0,0,0,0,22816,0,0,0,0,0,0,0,0,0,0,0,0,0,0,0,0,0,0,0,0,0,0,0,0,0,0,0,0,0,0,0,0,0,0,0,0,0,0,0,0,DATA
https://github.com/rjurney/enron-hcatalog,1,0,0,104,3,0,3,0,2,1,1,1,0,0,120,0,0,0,0,0,0,0,0,0,0,0,0,0,0,0,0,0,0,0,0,0,0,0,0,0,0,0,0,0,0,0,0,0,0,0,0,0,0,0,0,0,0,0,0,0,0,0,0,0,0,DATA
https://github.com/equaliser/Open-Data-Catalogue,1,0,0,1120,3,0,3,0,27,1,1,1,2,0,80,239811,0,0,0,0,90516,0,0,0,0,0,0,0,0,0,0,0,0,0,0,0,0,0,0,0,0,0,0,0,0,0,0,0,0,0,0,0,0,0,0,0,0,0,0,0,0,0,0,0,0,DATA
https://github.com/Rafiot/bgp-ranking,5,8,0,5134,11,0,11,0,692,4,1,1,3,1,2323,0,0,118407,0,0,0,0,0,7044,0,0,0,0,0,549,0,0,0,0,0,0,0,0,0,0,0,0,0,0,0,0,0,0,0,0,0,0,0,0,0,0,0,0,0,0,0,0,0,0,0,DATA
https://github.com/quasak/Convert-Dataset-to-XML-in-DotNet,0,0,0,48,1,0,1,0,0,0,1,0,0,0,0,0,0,0,0,0,0,0,0,0,0,0,0,0,0,0,0,0,0,0,0,0,0,0,0,0,0,0,0,0,0,0,0,0,0,0,0,0,0,0,0,0,0,0,0,0,0,0,0,0,0,DATA
https://github.com/Tutt-Library/ccetd,7,0,6,1734,5,0,5,0,82,1,1,1,4,0,865,7660,0,34095,2420,0,0,0,0,0,0,0,0,0,0,0,0,0,0,0,0,0,0,0,0,0,0,0,0,0,0,0,0,0,0,0,0,0,0,0,0,0,0,0,0,0,0,0,0,0,0,DATA
https://github.com/malcolmt/pycon-au-2010,1,1,0,5853,10,0,10,0,9,1,1,1,2,1,817,1148,0,16360,0,0,0,0,0,0,0,0,0,0,0,0,0,0,0,0,0,0,0,0,0,0,0,0,0,0,0,0,0,0,0,0,0,0,0,0,0,0,0,0,0,0,0,0,0,0,0,DATA
https://github.com/pudo-attic/dcat-tools,1,1,1,236,5,0,5,0,1,1,1,1,1,0,0,0,0,93941,0,0,0,0,0,0,0,0,0,0,0,0,0,0,0,0,0,0,0,0,0,0,0,0,0,0,0,0,0,0,0,0,0,0,0,0,0,0,0,0,0,0,0,0,0,0,0,DATA
https://github.com/rmaestre/Wikipedia-Bigram-Open-Datasets,1,0,0,1983592,1,0,1,0,8,1,1,1,0,0,0,0,0,0,0,0,0,0,0,0,0,0,0,0,0,0,0,0,0,0,0,0,0,0,0,0,0,0,0,0,0,0,0,0,0,0,0,0,0,0,0,0,0,0,0,0,0,0,0,0,0,DATA
https://github.com/M0rpheus/OpenDataMx-Datasets,0,0,0,48,1,0,1,0,0,0,1,1,0,0,0,0,0,0,0,0,0,0,0,0,0,0,0,0,0,0,0,0,0,0,0,0,0,0,0,0,0,0,0,0,0,0,0,0,0,0,0,0,0,0,0,0,0,0,0,0,0,0,0,0,0,DATA
https://github.com/amacinho/Concept-Game-Datasets,1,0,0,136,1,0,1,0,1,1,1,1,0,0,0,0,0,0,0,0,0,0,0,0,0,0,0,0,0,0,0,0,0,0,0,0,0,0,0,0,0,0,0,0,0,0,0,0,0,0,0,0,0,0,0,0,0,0,0,0,0,0,0,0,0,DATA
https://github.com/JustAnother1/DataSetTransformer,1,1,0,2431,1,0,1,0,49,1,1,1,2,0,16515,0,124649,0,0,0,0,0,0,1302,0,0,0,0,0,0,0,0,0,0,0,0,0,0,0,0,0,0,0,0,0,0,0,0,0,0,0,0,0,0,0,0,0,0,0,0,0,0,0,0,0,DATA
https://github.com/loinhoi01/oad,1,0,0,92,1,0,1,0,1,1,1,1,0,0,586,0,0,0,0,0,0,0,0,0,0,0,0,0,0,0,0,0,0,0,0,0,0,0,0,0,0,0,0,0,0,0,0,0,0,0,0,0,0,0,0,0,0,0,0,0,0,0,0,0,0,DATA
https://github.com/mikepea/marklogic_training_hansard,1,0,0,636,1,0,1,0,2,1,1,1,2,0,0,7772,0,0,0,0,0,0,0,0,0,0,0,0,0,0,0,0,0,0,0,0,0,0,0,0,0,0,0,0,0,0,0,0,0,0,0,0,0,0,0,0,0,0,0,0,0,0,0,0,0,DATA
https://github.com/wmalik/GnutellaBFS,1,0,0,596,1,0,1,0,3,1,1,1,1,0,66,0,0,2895,0,0,0,0,0,0,0,0,0,0,0,0,0,0,0,0,0,0,0,0,0,0,0,0,0,0,0,0,0,0,0,0,0,0,0,0,0,0,0,0,0,0,0,0,0,0,0,DATA
https://github.com/vjclandmark/landmarkdataweb,1,0,0,240,1,0,1,0,3,1,1,1,2,0,1997,0,0,0,0,0,0,0,0,0,0,0,5085,0,0,2633,0,0,0,0,0,0,0,0,0,0,0,0,0,0,0,0,0,0,0,0,0,0,0,0,0,0,0,0,0,0,0,0,0,0,0,DATA
https://github.com/DigitalPebble/behemoth-commoncrawl,1,0,0,2076,4,0,4,0,34,1,1,1,1,0,1691,0,14393,0,0,0,0,0,0,0,0,0,0,0,0,0,0,0,0,0,0,0,0,0,0,0,0,0,0,0,0,0,0,0,0,0,0,0,0,0,0,0,0,0,0,0,0,0,0,0,0,DATA
https://github.com/desarrollandoAmericaLatina/datapipe,1,0,0,1066,1,0,1,0,8,1,1,1,2,0,383,304261,0,0,0,17815,0,0,0,0,0,0,0,0,0,0,0,0,0,0,0,0,0,0,0,0,0,0,0,0,0,0,0,0,0,0,0,0,0,0,0,0,0,0,0,0,0,0,0,0,0,DATA
https://github.com/kbroman/qtlbook,1,0,0,275,4,0,4,0,26,1,1,1,0,0,975,0,0,0,0,0,0,0,0,0,0,0,0,0,0,0,0,0,0,0,0,0,0,0,0,0,0,0,0,0,0,0,0,0,0,0,0,0,0,0,0,0,0,0,0,0,0,0,0,0,0,DATA
https://github.com/DavidMikeSimon/mochigome,1,0,0,556,4,0,4,0,315,1,1,1,3,1,403,3650,0,0,0,0,123807,0,0,121,0,0,0,0,0,0,0,0,0,0,0,0,0,0,0,0,0,0,0,0,0,0,0,0,0,0,0,0,0,0,0,0,0,0,0,0,0,0,0,0,0,DATA
https://github.com/prasmussen/imgserver,1,0,0,100,1,0,1,0,2,1,1,1,2,0,151,6836,0,0,0,0,0,0,0,6235,0,0,0,0,0,0,0,0,0,0,0,0,0,0,0,0,0,0,0,0,0,0,0,0,0,0,0,0,0,0,0,0,0,0,0,0,0,0,0,0,0,DATA
https://github.com/thaingo/ptd,1,0,0,2104,1,0,1,0,26,1,1,1,0,0,0,0,0,0,0,0,0,0,0,0,0,0,0,0,0,0,0,0,0,0,0,0,0,0,0,0,0,0,0,0,0,0,0,0,0,0,0,0,0,0,0,0,0,0,0,0,0,0,0,0,0,DATA
https://github.com/hack4reno2011/hackathon-ds-manager,0,0,0,48,1,0,1,0,0,0,1,1,0,0,0,0,0,0,0,0,0,0,0,0,0,0,0,0,0,0,0,0,0,0,0,0,0,0,0,0,0,0,0,0,0,0,0,0,0,0,0,0,0,0,0,0,0,0,0,0,0,0,0,0,0,DATA
https://github.com/knkumar/find_mentions,1,0,0,162768,1,0,1,0,21,1,1,1,1,0,0,0,0,30958,0,0,0,0,0,0,0,0,0,0,0,0,0,0,0,0,0,0,0,0,0,0,0,0,0,0,0,0,0,0,0,0,0,0,0,0,0,0,0,0,0,0,0,0,0,0,0,DATA
https://github.com/faraday/odp-extract,1,2,0,108,2,0,2,0,1,1,1,1,1,1,2804,0,0,10215,0,0,0,0,0,0,0,0,0,0,0,0,0,0,0,0,0,0,0,0,0,0,0,0,0,0,0,0,0,0,0,0,0,0,0,0,0,0,0,0,0,0,0,0,0,0,0,DATA
https://github.com/thomshouse-escher/i2t,1,0,0,6156,2,0,2,0,2,1,1,1,0,0,612,0,0,0,0,0,0,0,0,0,0,0,0,0,0,0,0,0,0,0,0,0,0,0,0,0,0,0,0,0,0,0,0,0,0,0,0,0,0,0,0,0,0,0,0,0,0,0,0,0,0,DATA
https://github.com/mcgrath/Food-Tech-Hackathon,1,0,0,15976,2,0,2,0,7,1,1,1,0,0,0,0,0,0,0,0,0,0,0,0,0,0,0,0,0,0,0,0,0,0,0,0,0,0,0,0,0,0,0,0,0,0,0,0,0,0,0,0,0,0,0,0,0,0,0,0,0,0,0,0,0,DATA
https://github.com/plinkseq/plinkseq,1,1,0,100,2,0,2,0,1,1,1,1,0,0,70,0,0,0,0,0,0,0,0,0,0,0,0,0,0,0,0,0,0,0,0,0,0,0,0,0,0,0,0,0,0,0,0,0,0,0,0,0,0,0,0,0,0,0,0,0,0,0,0,0,0,DATA
https://github.com/chpir/variable_search,1,0,0,176,2,0,2,0,6,1,1,1,1,0,759,40850,0,0,0,0,0,0,0,0,0,0,0,0,0,0,0,0,0,0,0,0,0,0,0,0,0,0,0,0,0,0,0,0,0,0,0,0,0,0,0,0,0,0,0,0,0,0,0,0,0,DATA
https://github.com/oodavid/iso-3166-2,1,10,4,7610,19,0,19,0,0,0,1,1,0,0,3818,0,0,0,0,0,0,0,0,0,0,0,0,0,0,0,0,0,0,0,0,0,0,0,0,0,0,0,0,0,0,0,0,0,0,0,0,0,0,0,0,0,0,0,0,0,0,0,0,0,0,DATA
https://github.com/nbest937/cdl,2,1,0,142,2,0,2,0,0,0,1,1,0,0,1328,0,0,0,0,0,0,0,0,0,0,0,0,0,0,0,0,0,0,0,0,0,0,0,0,0,0,0,0,0,0,0,0,0,0,0,0,0,0,0,0,0,0,0,0,0,0,0,0,0,0,DATA
https://github.com/zeevex/incanter-histogram,1,1,0,93,2,0,2,0,3,1,1,1,1,0,0,0,0,0,0,0,0,0,0,0,0,0,0,0,0,0,0,0,0,0,0,0,0,0,987,0,0,0,0,0,0,0,0,0,0,0,0,0,0,0,0,0,0,0,0,0,0,0,0,0,0,DATA
https://github.com/ooiwa/Graph-test-data-generator,1,0,0,92,2,0,2,0,2,1,1,1,0,0,0,0,0,0,0,0,0,0,0,0,0,0,0,0,0,0,0,0,0,0,0,0,0,0,0,0,0,0,0,0,0,0,0,0,0,0,0,0,0,0,0,0,0,0,0,0,0,0,0,0,0,DATA
https://github.com/qualiancy/seed-mongodb,1,1,3,168,2,0,2,0,68,1,1,1,1,0,4461,30918,0,0,0,0,0,0,0,0,0,0,0,0,0,0,0,0,0,0,0,0,0,0,0,0,0,0,0,0,0,0,0,0,0,0,0,0,0,0,0,0,0,0,0,0,0,0,0,0,0,DATA
https://github.com/SHird/lociNGS,2,2,1,825,8,0,8,0,75,1,1,1,1,0,20933,0,0,65843,0,0,0,0,0,0,0,0,0,0,0,0,0,0,0,0,0,0,0,0,0,0,0,0,0,0,0,0,0,0,0,0,0,0,0,0,0,0,0,0,0,0,0,0,0,0,0,DATA
https://github.com/virup/Database_Implementation,1,2,0,252,3,0,3,0,1,1,1,1,2,0,567,0,0,0,0,0,0,268498,3292,0,0,0,0,0,0,0,0,0,0,0,0,0,0,0,0,0,0,0,0,0,0,0,0,0,0,0,0,0,0,0,0,0,0,0,0,0,0,0,0,0,0,DATA
https://github.com/tchaikov/open-gram,1,1,0,4705,8,0,8,0,64,3,1,1,4,0,756,0,0,166089,0,0,0,75488,59080,66,0,0,0,0,0,0,0,0,0,0,0,0,0,0,0,0,0,0,0,0,0,0,0,0,0,0,0,0,0,0,0,0,0,0,0,0,0,0,0,0,0,DATA
https://github.com/couchbaselabs/OnTheSpot,3,4,0,26699,24,0,24,0,18,2,1,1,2,1,368,0,0,0,0,0,0,0,2668,0,0,23276,0,0,0,0,0,0,0,0,0,0,0,0,0,0,0,0,0,0,0,0,0,0,0,0,0,0,0,0,0,0,0,0,0,0,0,0,0,0,0,DATA
https://github.com/phinze/fat_cache,1,0,0,96,3,0,3,0,26,1,1,1,1,1,2933,0,0,0,0,0,241,0,0,0,0,0,0,0,0,0,0,0,0,0,0,0,0,0,0,0,0,0,0,0,0,0,0,0,0,0,0,0,0,0,0,0,0,0,0,0,0,0,0,0,0,DATA
https://github.com/clinct/DayStories,1,1,0,591,3,0,3,0,2,1,1,1,1,0,438,264738,0,0,0,0,0,0,0,0,0,0,0,0,0,0,0,0,0,0,0,0,0,0,0,0,0,0,0,0,0,0,0,0,0,0,0,0,0,0,0,0,0,0,0,0,0,0,0,0,0,DATA
https://github.com/mountain/webfacts,1,0,0,116,3,0,3,0,16,1,1,1,1,0,359,0,0,2897,0,0,0,0,0,0,0,0,0,0,0,0,0,0,0,0,0,0,0,0,0,0,0,0,0,0,0,0,0,0,0,0,0,0,0,0,0,0,0,0,0,0,0,0,0,0,0,DATA
https://github.com/rjw57/keggle,1,0,0,93,3,0,3,0,1,1,1,1,1,0,884,0,0,9232,0,0,0,0,0,0,0,0,0,0,0,0,0,0,0,0,0,0,0,0,0,0,0,0,0,0,0,0,0,0,0,0,0,0,0,0,0,0,0,0,0,0,0,0,0,0,0,DATA
https://github.com/ZeningQu/Cultural3D,1,1,0,55608,3,0,3,0,2,1,1,1,2,0,0,55511,0,0,0,0,0,0,0,0,12880,0,0,0,0,0,0,0,0,0,0,0,0,0,0,0,0,0,0,0,0,0,0,0,0,0,0,0,0,0,0,0,0,0,0,0,0,0,0,0,0,DATA
https://github.com/pingdevelopment/ExML-Writer,1,1,0,181,3,0,3,0,18,1,1,1,1,1,731,0,0,0,0,0,0,0,0,0,46768,0,0,0,0,0,0,0,0,0,0,0,0,0,0,0,0,0,0,0,0,0,0,0,0,0,0,0,0,0,0,0,0,0,0,0,0,0,0,0,0,DATA
https://github.com/mikbe/hashmodel,2,1,0,2476,6,0,6,0,41,1,1,1,1,1,22955,0,0,0,0,0,103747,0,0,0,0,0,0,0,0,0,0,0,0,0,0,0,0,0,0,0,0,0,0,0,0,0,0,0,0,0,0,0,0,0,0,0,0,0,0,0,0,0,0,0,0,DATA
https://github.com/philogb/hoc,1,1,0,398,11,0,11,0,2,1,1,1,0,0,2963,0,0,0,0,0,0,0,0,0,0,0,0,0,0,0,0,0,0,0,0,0,0,0,0,0,0,0,0,0,0,0,0,0,0,0,0,0,0,0,0,0,0,0,0,0,0,0,0,0,0,DATA
https://github.com/ooici-eoi/eoi-agents,8,2,0,17855,5,0,5,0,329,3,1,1,1,1,3784,0,504884,0,0,0,0,0,0,0,0,0,0,0,0,0,0,0,0,0,0,0,0,0,0,0,0,0,0,0,0,0,0,0,0,0,0,0,0,0,0,0,0,0,0,0,0,0,0,0,0,DATA
https://github.com/ashaegupta/InvIndexSearch,1,2,0,92352,5,0,5,0,4,1,1,1,1,0,294,0,46929,0,0,0,0,0,0,0,0,0,0,0,0,0,0,0,0,0,0,0,0,0,0,0,0,0,0,0,0,0,0,0,0,0,0,0,0,0,0,0,0,0,0,0,0,0,0,0,0,DATA
https://github.com/okfn/ckanext-apps,2,2,0,271,5,0,5,0,35,6,1,1,2,0,3100,164,0,33407,0,0,0,0,0,0,0,0,0,0,0,0,0,0,0,0,0,0,0,0,0,0,0,0,0,0,0,0,0,0,0,0,0,0,0,0,0,0,0,0,0,0,0,0,0,0,0,DATA
https://github.com/diehl/Enron-GraphML-Data-Documentation,1,0,0,468,6,0,6,0,6,1,1,1,0,0,0,0,0,0,0,0,0,0,0,0,0,0,0,0,0,0,0,0,0,0,0,0,0,0,0,0,0,0,0,0,0,0,0,0,0,0,0,0,0,0,0,0,0,0,0,0,0,0,0,0,0,DATA
https://github.com/moro/witty_fittings,1,0,0,120,6,0,6,0,29,1,1,1,1,1,687,0,0,0,0,0,8866,0,0,0,0,0,0,0,0,0,0,0,0,0,0,0,0,0,0,0,0,0,0,0,0,0,0,0,0,0,0,0,0,0,0,0,0,0,0,0,0,0,0,0,0,DATA
https://github.com/jeanpat/MFISH,1,0,0,448736,1,0,1,0,1,1,1,1,0,0,9273,0,0,0,0,0,0,0,0,0,0,0,0,0,0,0,0,0,0,0,0,0,0,0,0,0,0,0,0,0,0,0,0,0,0,0,0,0,0,0,0,0,0,0,0,0,0,0,0,0,0,DATA
https://github.com/brendano/muc4_proc,1,1,0,94,1,0,1,0,4,1,1,1,2,0,303,0,0,9473,0,0,0,0,0,893,0,0,0,0,0,0,0,0,0,0,0,0,0,0,0,0,0,0,0,0,0,0,0,0,0,0,0,0,0,0,0,0,0,0,0,0,0,0,0,0,0,DATA
https://github.com/gligoran/RecommendationSystem,1,2,0,306,2,0,2,0,53,1,1,1,1,1,0,0,0,0,0,0,0,0,0,0,261899,0,0,0,0,0,0,0,0,0,0,0,0,0,0,0,0,0,0,0,0,0,0,0,0,0,0,0,0,0,0,0,0,0,0,0,0,0,0,0,0,DATA
https://github.com/murraymeehan/UltrasoundSnake,1,6,1,98,8,0,8,0,1,1,1,1,2,0,0,0,0,0,0,0,0,0,0,0,0,717,0,0,0,0,0,0,0,0,0,0,0,0,0,32147,0,0,0,0,0,0,0,0,0,0,0,0,0,0,0,0,0,0,0,0,0,0,0,0,0,DATA
https://github.com/jstjohn/SimSeq,2,9,4,49925,28,0,28,0,80,2,1,1,7,1,8402,0,61158,6482,0,0,0,9607,1462338,0,0,0,3146,0,0,78224,0,3118,0,0,0,0,0,0,0,0,0,0,0,0,0,0,0,0,0,0,0,0,0,0,0,0,0,0,0,0,0,0,0,0,0,DATA
https://github.com/ekala/KenyaData,1,0,0,3088,1,0,1,0,5,1,1,1,3,0,164,10198,0,2130,0,1088830,0,0,0,0,0,0,0,0,0,0,0,0,0,0,0,0,0,0,0,0,0,0,0,0,0,0,0,0,0,0,0,0,0,0,0,0,0,0,0,0,0,0,0,0,0,DATA
https://github.com/dasmoth/robin,1,0,0,96,1,0,1,0,3,1,1,1,1,0,55,0,5159,0,0,0,0,0,0,0,0,0,0,0,0,0,0,0,0,0,0,0,0,0,0,0,0,0,0,0,0,0,0,0,0,0,0,0,0,0,0,0,0,0,0,0,0,0,0,0,0,DATA
https://github.com/rsinger/LinkedMARCCodes,1,1,0,672,9,0,9,0,6,1,1,1,0,0,2197,0,0,0,0,0,0,0,0,0,0,0,0,0,0,0,0,0,0,0,0,0,0,0,0,0,0,0,0,0,0,0,0,0,0,0,0,0,0,0,0,0,0,0,0,0,0,0,0,0,0,DATA
https://github.com/mahmoudimus/pyfastmap,1,1,0,100,9,0,9,0,9,1,1,1,1,0,1153,0,0,11876,0,0,0,0,0,0,0,0,0,0,0,0,0,0,0,0,0,0,0,0,0,0,0,0,0,0,0,0,0,0,0,0,0,0,0,0,0,0,0,0,0,0,0,0,0,0,0,DATA
https://github.com/chetmancini/IrisFlowers,1,0,0,108,5,0,5,0,11,1,1,1,1,0,384,0,0,20416,0,0,0,0,0,0,0,0,0,0,0,0,0,0,0,0,0,0,0,0,0,0,0,0,0,0,0,0,0,0,0,0,0,0,0,0,0,0,0,0,0,0,0,0,0,0,0,DATA
https://github.com/pichenettes/magnatagatune,1,1,0,84,5,0,5,0,0,0,1,1,1,0,0,0,0,14633,0,0,0,0,0,0,0,0,0,0,0,0,0,0,0,0,0,0,0,0,0,0,0,0,0,0,0,0,0,0,0,0,0,0,0,0,0,0,0,0,0,0,0,0,0,0,0,DATA
https://github.com/brentp/clinical-components,2,0,3,536,5,0,5,0,36,1,1,1,1,0,3035,0,0,16548,0,0,0,0,0,0,0,0,0,0,0,0,0,0,0,0,0,0,0,0,0,0,0,0,0,0,0,0,0,0,0,0,0,0,0,0,0,0,0,0,0,0,0,0,0,0,0,DATA
https://github.com/SEL-Columbia/AG-ENERGY,1,1,0,2276,2,0,2,0,1,1,1,1,1,0,73,0,0,0,0,355695,0,0,0,0,0,0,0,0,0,0,0,0,0,0,0,0,0,0,0,0,0,0,0,0,0,0,0,0,0,0,0,0,0,0,0,0,0,0,0,0,0,0,0,0,0,DATA
https://github.com/naturalearth/Natural-Earth-Utils,0,0,0,48,2,0,2,0,0,0,1,1,0,0,0,0,0,0,0,0,0,0,0,0,0,0,0,0,0,0,0,0,0,0,0,0,0,0,0,0,0,0,0,0,0,0,0,0,0,0,0,0,0,0,0,0,0,0,0,0,0,0,0,0,0,DATA
https://github.com/sadahiro/ReverseTimeMigration,1,2,0,238,2,0,2,0,1,1,1,1,2,0,0,0,0,0,0,0,0,19414,0,0,0,0,0,0,0,0,0,0,0,0,0,0,0,0,0,0,0,0,0,0,0,0,0,0,0,0,0,0,0,0,150,0,0,0,0,0,0,0,0,0,0,DATA
https://github.com/psxjpc/MOVRPTW-Generator,1,0,0,3880,2,0,2,0,4,1,1,1,4,1,1023,20502,0,0,0,0,0,200296,5314,0,0,0,0,0,0,2582,0,0,0,0,0,0,0,0,0,0,0,0,0,0,0,0,0,0,0,0,0,0,0,0,0,0,0,0,0,0,0,0,0,0,0,DATA
https://github.com/knaveofdiamonds/sequel_fast_columns,1,0,0,100,2,0,2,0,9,1,1,1,1,1,902,0,0,0,0,0,432,0,0,0,0,0,0,0,0,0,0,0,0,0,0,0,0,0,0,0,0,0,0,0,0,0,0,0,0,0,0,0,0,0,0,0,0,0,0,0,0,0,0,0,0,DATA
https://github.com/plamere/msd-matrix-explorer,1,1,0,424,2,0,2,0,0,0,1,1,2,0,60,43529,0,13815,0,0,0,0,0,0,0,0,0,0,0,0,0,0,0,0,0,0,0,0,0,0,0,0,0,0,0,0,0,0,0,0,0,0,0,0,0,0,0,0,0,0,0,0,0,0,0,DATA
https://github.com/structureddynamics/UMBEL,1,11,1,417749,67,0,67,3,57,3,1,1,0,0,962,0,0,0,0,0,0,0,0,0,0,0,0,0,0,0,0,0,0,0,0,0,0,0,0,0,0,0,0,0,0,0,0,0,0,0,0,0,0,0,0,0,0,0,0,0,0,0,0,0,0,DATA
https://github.com/ISA-tools/Risa,2,5,2,3081,13,0,13,0,234,3,1,1,1,0,2864,0,0,0,0,0,0,0,0,0,0,0,50632,0,0,0,0,0,0,0,0,0,0,0,0,0,0,0,0,0,0,0,0,0,0,0,0,0,0,0,0,0,0,0,0,0,0,0,0,0,0,DATA
https://github.com/IvanTrendafilov/tts4,1,0,0,1228,2,0,2,0,1,1,1,1,2,0,0,0,0,6896,0,0,0,0,0,99,0,0,0,0,0,0,0,0,0,0,0,0,0,0,0,0,0,0,0,0,0,0,0,0,0,0,0,0,0,0,0,0,0,0,0,0,0,0,0,0,0,DATA
https://github.com/duncanbeevers/model_pagination,2,0,0,80,2,0,2,0,3,1,1,1,1,0,2422,0,0,0,0,0,7134,0,0,0,0,0,0,0,0,0,0,0,0,0,0,0,0,0,0,0,0,0,0,0,0,0,0,0,0,0,0,0,0,0,0,0,0,0,0,0,0,0,0,0,0,DATA
https://github.com/geoiq/badger,1,0,0,8852,2,0,2,0,1,1,1,1,2,0,0,0,0,0,0,0,33160,0,0,150,0,0,0,0,0,0,0,0,0,0,0,0,0,0,0,0,0,0,0,0,0,0,0,0,0,0,0,0,0,0,0,0,0,0,0,0,0,0,0,0,0,DATA
https://github.com/mhausenblas/eu-institutions,1,0,1,408,2,0,2,0,18,1,1,1,2,0,1679,1619,0,860113,0,0,0,0,0,0,0,0,0,0,0,0,0,0,0,0,0,0,0,0,0,0,0,0,0,0,0,0,0,0,0,0,0,0,0,0,0,0,0,0,0,0,0,0,0,0,0,DATA
https://github.com/daler/gdc,1,1,0,6544,4,0,4,0,7,1,1,1,2,0,1332,0,0,39877,0,0,0,0,0,99,0,0,0,0,0,0,0,0,0,0,0,0,0,0,0,0,0,0,0,0,0,0,0,0,0,0,0,0,0,0,0,0,0,0,0,0,0,0,0,0,0,DATA
https://github.com/maxogden/ADAPDX,1,1,0,159,4,0,4,0,3,1,1,1,1,0,1449,16680,0,0,0,0,0,0,0,0,0,0,0,0,0,0,0,0,0,0,0,0,0,0,0,0,0,0,0,0,0,0,0,0,0,0,0,0,0,0,0,0,0,0,0,0,0,0,0,0,0,DATA
https://github.com/ezgraphs/iris_web_app,1,1,0,110,4,0,4,0,3,1,1,1,0,0,229,0,0,0,0,0,0,0,0,0,0,0,0,0,0,0,0,0,0,0,0,0,0,0,0,0,0,0,0,0,0,0,0,0,0,0,0,0,0,0,0,0,0,0,0,0,0,0,0,0,0,DATA
https://github.com/nttstar/guustock,1,4,0,365,6,0,6,0,30,1,1,1,3,0,9208,641,0,0,0,0,50461,0,0,0,0,0,0,0,0,0,687,0,0,0,0,0,0,0,0,0,0,0,0,0,0,0,0,0,0,0,0,0,0,0,0,0,0,0,0,0,0,0,0,0,0,DATA
https://github.com/webservius/Data-Tools,0,0,0,48,1,0,1,0,0,0,1,1,0,0,0,0,0,0,0,0,0,0,0,0,0,0,0,0,0,0,0,0,0,0,0,0,0,0,0,0,0,0,0,0,0,0,0,0,0,0,0,0,0,0,0,0,0,0,0,0,0,0,0,0,0,DATA
https://github.com/svileng/itranscriptome,2,0,0,4152,0,0,0,0,42,1,1,1,1,1,1293,0,0,0,0,0,0,0,0,0,122605,0,0,0,0,0,0,0,0,0,0,0,0,0,0,0,0,0,0,0,0,0,0,0,0,0,0,0,0,0,0,0,0,0,0,0,0,0,0,0,0,DATA
https://github.com/deanchen/hermes,1,0,0,564,1,0,1,0,40,1,1,1,3,0,123,0,0,0,0,0,0,0,0,231,0,0,0,0,0,0,13859,0,0,0,0,0,0,722,0,0,0,0,0,0,0,0,0,0,0,0,0,0,0,0,0,0,0,0,0,0,0,0,0,0,0,DATA
https://github.com/Cerovec/MVDatagen,1,0,0,532,1,0,1,0,74,4,1,1,3,0,1915,0,0,0,0,0,0,70727,150,0,0,0,0,0,0,0,0,0,0,0,0,0,0,0,0,0,0,0,0,0,0,0,0,0,0,0,0,0,0,0,0,0,0,0,0,0,0,0,0,0,0,DATA
https://github.com/qualiancy/seed-couchdb,1,0,0,100,1,0,1,0,1,1,1,1,0,0,62,0,0,0,0,0,0,0,0,0,0,0,0,0,0,0,0,0,0,0,0,0,0,0,0,0,0,0,0,0,0,0,0,0,0,0,0,0,0,0,0,0,0,0,0,0,0,0,0,0,0,DATA
https://github.com/PeterHickman/Data-RandomPerson,1,1,2,486,1,0,1,0,4,1,1,1,1,0,2631,0,0,0,0,0,0,0,0,0,0,0,0,0,0,1271638,0,0,0,0,0,0,0,0,0,0,0,0,0,0,0,0,0,0,0,0,0,0,0,0,0,0,0,0,0,0,0,0,0,0,0,DATA
https://github.com/tony2nite/phrase-generator,1,0,0,244,1,0,1,0,5,2,1,1,1,0,235,54152,0,0,0,0,0,0,0,0,0,0,0,0,0,0,0,0,0,0,0,0,0,0,0,0,0,0,0,0,0,0,0,0,0,0,0,0,0,0,0,0,0,0,0,0,0,0,0,0,0,DATA
https://github.com/awacha/py_scidatatools,1,0,0,180,0,0,0,0,14,1,1,1,1,0,0,0,0,170543,0,0,0,0,0,0,0,0,0,0,0,0,0,0,0,0,0,0,0,0,0,0,0,0,0,0,0,0,0,0,0,0,0,0,0,0,0,0,0,0,0,0,0,0,0,0,0,DATA
https://github.com/chxy/MergeGUI,1,0,0,1836,0,0,0,0,43,2,1,1,1,0,32,0,0,0,0,0,0,0,0,0,0,0,89529,0,0,0,0,0,0,0,0,0,0,0,0,0,0,0,0,0,0,0,0,0,0,0,0,0,0,0,0,0,0,0,0,0,0,0,0,0,0,DATA
https://github.com/nagoodman/foodmart-detached,1,0,0,13647,1,0,1,0,0,0,1,1,0,0,68,0,0,0,0,0,0,0,0,0,0,0,0,0,0,0,0,0,0,0,0,0,0,0,0,0,0,0,0,0,0,0,0,0,0,0,0,0,0,0,0,0,0,0,0,0,0,0,0,0,0,DATA
https://github.com/rsofaer/chorales,1,0,0,23632,1,0,1,0,105,2,1,1,2,0,44,0,0,82367,0,0,0,0,0,0,0,0,0,0,0,0,0,0,0,0,0,0,0,0,0,0,0,0,0,0,0,0,0,0,0,0,0,0,0,0,0,0,0,304998,0,0,0,0,0,0,0,DATA
https://github.com/dekosuke/iriscluster,1,0,0,116,1,0,1,0,1,1,1,1,2,0,0,0,0,0,0,0,0,0,0,350,0,0,0,0,0,0,0,0,0,0,0,0,1886,0,0,0,0,0,0,0,0,0,0,0,0,0,0,0,0,0,0,0,0,0,0,0,0,0,0,0,0,DATA
https://github.com/tgillet1/neurosets,1,0,0,3109,1,0,1,0,9,1,1,1,2,0,62,0,7289,47020,0,0,0,0,0,0,0,0,0,0,0,0,0,0,0,0,0,0,0,0,0,0,0,0,0,0,0,0,0,0,0,0,0,0,0,0,0,0,0,0,0,0,0,0,0,0,0,DATA
https://github.com/fod/mapdata.js,2,0,0,224,1,0,1,0,0,0,1,1,1,0,619,52027,0,0,0,0,0,0,0,0,0,0,0,0,0,0,0,0,0,0,0,0,0,0,0,0,0,0,0,0,0,0,0,0,0,0,0,0,0,0,0,0,0,0,0,0,0,0,0,0,0,DATA
https://github.com/dev-d/Decomposition-Plus,0,0,0,48,1,0,1,0,0,0,1,1,0,0,0,0,0,0,0,0,0,0,0,0,0,0,0,0,0,0,0,0,0,0,0,0,0,0,0,0,0,0,0,0,0,0,0,0,0,0,0,0,0,0,0,0,0,0,0,0,0,0,0,0,0,DATA
https://github.com/brewerja/vectorir,1,0,0,8031,1,0,1,0,35,1,1,1,1,0,158,0,63539,0,0,0,0,0,0,0,0,0,0,0,0,0,0,0,0,0,0,0,0,0,0,0,0,0,0,0,0,0,0,0,0,0,0,0,0,0,0,0,0,0,0,0,0,0,0,0,0,DATA
https://github.com/qjhart/Cal-Simetaw,2,0,0,196,1,0,1,0,7,1,1,1,0,0,0,0,0,0,0,0,0,0,0,0,0,0,0,0,0,0,0,0,0,0,0,0,0,0,0,0,0,0,0,0,0,0,0,0,0,0,0,0,0,0,0,0,0,0,0,0,0,0,0,0,0,DATA
https://github.com/band/p5data,1,0,0,96,1,0,1,0,2,1,1,1,0,0,0,0,0,0,0,0,0,0,0,0,0,0,0,0,0,0,0,0,0,0,0,0,0,0,0,0,0,0,0,0,0,0,0,0,0,0,0,0,0,0,0,0,0,0,0,0,0,0,0,0,0,DATA
https://github.com/satra/ADHD200,1,1,0,96,1,0,1,0,4,1,1,1,1,0,0,0,0,27504,0,0,0,0,0,0,0,0,0,0,0,0,0,0,0,0,0,0,0,0,0,0,0,0,0,0,0,0,0,0,0,0,0,0,0,0,0,0,0,0,0,0,0,0,0,0,0,DATA
https://github.com/plredmond-homework/ml-regression,1,1,0,96,1,0,1,0,4,1,1,1,1,0,1321,0,0,23356,0,0,0,0,0,0,0,0,0,0,0,0,0,0,0,0,0,0,0,0,0,0,0,0,0,0,0,0,0,0,0,0,0,0,0,0,0,0,0,0,0,0,0,0,0,0,0,DATA
https://github.com/soumith/housenumbers_classifier,1,0,0,100,1,0,1,0,9,1,1,1,1,0,86,0,0,0,0,0,0,0,0,0,0,0,0,0,0,0,0,0,0,0,0,0,0,24368,0,0,0,0,0,0,0,0,0,0,0,0,0,0,0,0,0,0,0,0,0,0,0,0,0,0,0,DATA
https://github.com/devonshire/fosm.org-os_locator,1,0,0,96,1,0,1,0,3,1,1,1,2,0,1964,0,0,0,0,0,0,0,0,1709,0,0,0,0,0,14565,0,0,0,0,0,0,0,0,0,0,0,0,0,0,0,0,0,0,0,0,0,0,0,0,0,0,0,0,0,0,0,0,0,0,0,DATA
https://github.com/beibeiyang/semcourse,1,0,0,100,1,0,1,0,6,1,1,1,0,0,600,0,0,0,0,0,0,0,0,0,0,0,0,0,0,0,0,0,0,0,0,0,0,0,0,0,0,0,0,0,0,0,0,0,0,0,0,0,0,0,0,0,0,0,0,0,0,0,0,0,0,DATA
https://github.com/andreasjansson/esac_sql,1,0,0,548,1,0,1,0,2,1,1,1,1,0,158,0,0,0,0,53,0,0,0,0,0,0,0,0,0,0,0,0,0,0,0,0,0,0,0,0,0,0,0,0,0,0,0,0,0,0,0,0,0,0,0,0,0,0,0,0,0,0,0,0,0,DATA
https://github.com/WissKI/wisski_find,2,1,1,74,1,0,1,0,43,3,1,1,1,1,489,0,0,0,0,6009,0,0,0,0,0,0,0,0,0,0,0,0,0,0,0,0,0,0,0,0,0,0,0,0,0,0,0,0,0,0,0,0,0,0,0,0,0,0,0,0,0,0,0,0,0,DATA
https://github.com/benb/transposon-rake,1,0,0,80,1,0,1,0,7,1,1,1,1,0,0,0,0,0,0,0,980,0,0,0,0,0,0,0,0,0,0,0,0,0,0,0,0,0,0,0,0,0,0,0,0,0,0,0,0,0,0,0,0,0,0,0,0,0,0,0,0,0,0,0,0,DATA
https://github.com/kplaney/DICOMAT,1,0,0,140,1,0,1,0,5,1,1,1,0,0,165,0,0,0,0,0,0,0,0,0,0,0,0,0,0,0,0,0,0,0,0,0,0,0,0,0,0,0,0,0,0,0,0,0,0,0,0,0,0,0,0,0,0,0,0,0,0,0,0,0,0,DATA
https://github.com/alanfalloon/hmatrix-nipals,1,1,0,112,3,0,3,0,14,1,1,1,1,1,0,0,0,0,0,0,0,0,0,0,0,0,0,0,0,0,0,0,0,0,0,0,7418,0,0,0,0,0,0,0,0,0,0,0,0,0,0,0,0,0,0,0,0,0,0,0,0,0,0,0,0,DATA
https://github.com/mpacula/AutoCorpus,2,1,0,5828,23,0,23,0,119,1,1,1,4,1,2127,0,0,10146,0,0,0,77491,3014,9154,0,0,0,0,0,0,0,0,0,0,0,0,0,0,0,0,0,0,0,0,0,0,0,0,0,0,0,0,0,0,0,0,0,0,0,0,0,0,0,0,0,DATA
https://github.com/factorypreset/cowan,1,0,0,100,3,0,3,0,10,1,1,1,1,0,5881,0,0,6198,0,0,0,0,0,0,0,0,0,0,0,0,0,0,0,0,0,0,0,0,0,0,0,0,0,0,0,0,0,0,0,0,0,0,0,0,0,0,0,0,0,0,0,0,0,0,0,DATA
https://github.com/boricles/vocab-express,2,1,0,776,3,0,3,0,10,1,1,1,1,0,132,23808,0,0,0,0,0,0,0,0,0,0,0,0,0,0,0,0,0,0,0,0,0,0,0,0,0,0,0,0,0,0,0,0,0,0,0,0,0,0,0,0,0,0,0,0,0,0,0,0,0,DATA
https://github.com/holgerd77/opendata-tools-org,1,1,0,2034,3,0,3,0,0,0,1,1,2,0,0,0,0,7643,0,0,0,0,0,55,0,0,0,0,0,0,0,0,0,0,0,0,0,0,0,0,0,0,0,0,0,0,0,0,0,0,0,0,0,0,0,0,0,0,0,0,0,0,0,0,0,DATA
https://github.com/amaunz/cpdbdata,1,1,0,366,3,0,3,0,4,1,1,1,0,0,916,0,0,0,0,0,0,0,0,0,0,0,0,0,0,0,0,0,0,0,0,0,0,0,0,0,0,0,0,0,0,0,0,0,0,0,0,0,0,0,0,0,0,0,0,0,0,0,0,0,0,DATA
https://github.com/sarise/Metropolis-Hastings-random-walk-and-re-weighted-random-walk,1,2,0,587,4,0,4,0,3,1,1,1,1,0,0,0,0,6971,0,0,0,0,0,0,0,0,0,0,0,0,0,0,0,0,0,0,0,0,0,0,0,0,0,0,0,0,0,0,0,0,0,0,0,0,0,0,0,0,0,0,0,0,0,0,0,DATA
https://github.com/gourab5139014/FlexiDataSetInstance,1,0,0,130,1,0,1,0,8,1,1,1,1,0,93,0,8835,0,0,0,0,0,0,0,0,0,0,0,0,0,0,0,0,0,0,0,0,0,0,0,0,0,0,0,0,0,0,0,0,0,0,0,0,0,0,0,0,0,0,0,0,0,0,0,0,DATA
https://github.com/fod/px-geog-ie.js,1,0,0,96,1,0,1,0,0,0,1,1,2,0,0,6073,0,0,0,0,0,0,0,0,0,0,0,0,0,4281,0,0,0,0,0,0,0,0,0,0,0,0,0,0,0,0,0,0,0,0,0,0,0,0,0,0,0,0,0,0,0,0,0,0,0,DATA
https://github.com/fadmaa/Kasabi-directory-matrix,1,0,0,260,1,0,1,0,2,1,1,1,2,0,0,534631,0,1915,0,0,0,0,0,0,0,0,0,0,0,0,0,0,0,0,0,0,0,0,0,0,0,0,0,0,0,0,0,0,0,0,0,0,0,0,0,0,0,0,0,0,0,0,0,0,0,DATA
https://github.com/MinnPost/sds,1,0,0,100,1,0,1,0,1,1,1,1,0,1,1756,0,0,0,0,0,0,0,0,0,0,0,0,0,0,0,0,0,0,0,0,0,0,0,0,0,0,0,0,0,0,0,0,0,0,0,0,0,0,0,0,0,0,0,0,0,0,0,0,0,0,DATA
https://github.com/bluedaniel/Guardian-World-Goverment-DataStore-API,1,0,0,80,4,0,4,0,5,1,1,1,0,0,959,0,0,0,0,0,0,0,0,0,0,0,0,0,0,0,0,0,0,0,0,0,0,0,0,0,0,0,0,0,0,0,0,0,0,0,0,0,0,0,0,0,0,0,0,0,0,0,0,0,0,DATA
https://github.com/widmann/grandaverage,1,0,0,6,2,0,2,0,6,1,1,1,1,0,0,0,0,0,0,0,0,0,0,0,0,0,0,0,0,0,0,0,0,0,0,0,0,0,0,12456,0,0,0,0,0,0,0,0,0,0,0,0,0,0,0,0,0,0,0,0,0,0,0,0,0,DATA
https://github.com/mrflip/chimpmark,1,0,0,280,16,0,16,0,11,2,1,1,2,1,17395,0,0,0,0,0,47128,0,0,17353,0,0,0,0,0,0,0,0,0,0,0,0,0,0,0,0,0,0,0,0,0,0,0,0,0,0,0,0,0,0,0,0,0,0,0,0,0,0,0,0,0,DATA
https://github.com/willkurt/imls-data-tools,1,0,0,23336,2,0,2,0,23,1,1,1,1,0,1667,0,0,98088,0,0,0,0,0,0,0,0,0,0,0,0,0,0,0,0,0,0,0,0,0,0,0,0,0,0,0,0,0,0,0,0,0,0,0,0,0,0,0,0,0,0,0,0,0,0,0,DATA
https://github.com/GHamrouni/LocusCode,1,0,0,108,2,0,2,0,6,1,1,1,1,0,1283,0,0,0,0,0,0,0,23829,0,0,0,0,0,0,0,0,0,0,0,0,0,0,0,0,0,0,0,0,0,0,0,0,0,0,0,0,0,0,0,0,0,0,0,0,0,0,0,0,0,0,DATA
https://github.com/ebellani/cl-captcha-fann,1,0,0,100,2,0,2,0,1,1,1,1,1,0,50,0,0,0,0,0,0,0,0,0,0,0,0,0,0,0,0,0,0,0,0,0,0,0,0,0,0,0,0,0,0,0,0,0,0,0,0,0,0,0,0,0,0,30028,0,0,0,0,0,0,0,DATA
https://github.com/fadmaa/VoID-Browser,1,0,0,21980,2,0,2,0,9,1,1,1,3,0,0,34841,40976,0,25650,0,0,0,0,0,0,0,0,0,0,0,0,0,0,0,0,0,0,0,0,0,0,0,0,0,0,0,0,0,0,0,0,0,0,0,0,0,0,0,0,0,0,0,0,0,0,DATA
https://github.com/bkn/frontpage,1,0,0,136,2,0,2,0,2,1,1,1,0,0,0,0,0,0,0,0,0,0,0,0,0,0,0,0,0,0,0,0,0,0,0,0,0,0,0,0,0,0,0,0,0,0,0,0,0,0,0,0,0,0,0,0,0,0,0,0,0,0,0,0,0,DATA
https://github.com/dgrumm/TDM,1,0,0,184,2,0,2,0,3,1,1,1,2,0,286,0,0,0,0,0,0,0,0,6851,0,0,0,0,0,0,0,0,0,0,0,0,0,0,0,0,0,0,0,0,0,0,0,0,0,0,0,0,0,0,0,0,0,0,0,0,0,0,0,0,0,DATA
https://github.com/mgilbir/ClimateChange,1,0,1,132,2,0,2,0,2,1,1,1,0,0,0,0,0,0,0,0,0,0,0,0,0,0,0,0,0,0,0,0,0,0,0,0,0,0,0,0,0,0,0,0,0,0,0,0,0,0,0,0,0,0,0,0,0,0,0,0,0,0,0,0,0,DATA
https://github.com/ameasure/IPUMS-helper,1,1,0,175,2,0,2,0,6,2,1,1,1,0,1743,0,0,1330,0,0,0,0,0,0,0,0,0,0,0,0,0,0,0,0,0,0,0,0,0,0,0,0,0,0,0,0,0,0,0,0,0,0,0,0,0,0,0,0,0,0,0,0,0,0,0,DATA
https://github.com/ncray/filterview,3,0,0,1250,2,0,2,0,50,3,1,1,3,0,3600,1004341,0,0,0,27273,0,0,0,0,0,0,2621,0,0,0,0,0,0,0,0,0,0,0,0,0,0,0,0,0,0,0,0,0,0,0,0,0,0,0,0,0,0,0,0,0,0,0,0,0,0,DATA
https://github.com/jatorre/gadm-geospatial-git,1,1,0,76,2,0,2,0,1,1,1,1,0,0,0,0,0,0,0,0,0,0,0,0,0,0,0,0,0,0,0,0,0,0,0,0,0,0,0,0,0,0,0,0,0,0,0,0,0,0,0,0,0,0,0,0,0,0,0,0,0,0,0,0,0,DATA
https://github.com/alee526/db_reverse_engineering,1,0,0,112,2,0,2,0,7,1,1,1,1,0,109,0,0,0,0,0,0,0,0,4772,0,0,0,0,0,0,0,0,0,0,0,0,0,0,0,0,0,0,0,0,0,0,0,0,0,0,0,0,0,0,0,0,0,0,0,0,0,0,0,0,0,DATA
https://github.com/taldcroft/datastack,1,0,0,176,2,0,2,0,22,1,1,1,2,1,1524,0,0,69887,0,0,0,0,0,0,0,0,0,0,0,0,0,0,0,0,0,0,0,0,0,0,0,0,0,0,0,0,0,0,0,0,0,0,0,0,0,0,0,0,0,0,0,0,0,0,0,DATA
https://github.com/unepwcmc/mypolygon-geo,2,0,0,1764,2,0,2,0,19,4,1,1,2,0,355,0,0,0,0,0,4619,0,0,58,0,0,0,0,0,0,0,0,0,0,0,0,0,0,0,0,0,0,0,0,0,0,0,0,0,0,0,0,0,0,0,0,0,0,0,0,0,0,0,0,0,DATA
https://github.com/mojodna/flickr-shape-parser,1,1,0,92,2,0,2,0,0,0,1,1,1,0,0,0,0,5956,0,0,0,0,0,0,0,0,0,0,0,0,0,0,0,0,0,0,0,0,0,0,0,0,0,0,0,0,0,0,0,0,0,0,0,0,0,0,0,0,0,0,0,0,0,0,0,DATA
https://github.com/rdeits/DygraphsOverviewMode,1,0,0,168,2,0,2,0,17,1,1,1,2,0,0,189137,0,216,0,0,0,0,0,0,0,0,0,0,0,0,0,0,0,0,0,0,0,0,0,0,0,0,0,0,0,0,0,0,0,0,0,0,0,0,0,0,0,0,0,0,0,0,0,0,0,DATA
https://github.com/jllodra/ncDiamond,1,1,0,11211,2,0,2,0,9,1,1,1,2,0,133,937,106633,0,0,0,0,0,0,0,0,0,0,0,0,0,0,0,0,0,0,0,0,0,0,0,0,0,0,0,0,0,0,0,0,0,0,0,0,0,0,0,0,0,0,0,0,0,0,0,0,DATA
https://github.com/oplatek/octave-k-means,1,0,0,200,2,0,2,0,0,0,1,1,2,0,524,0,0,0,0,0,0,0,0,0,0,3239,0,0,0,0,0,0,0,0,0,0,0,0,0,132,0,0,0,0,0,0,0,0,0,0,0,0,0,0,0,0,0,0,0,0,0,0,0,0,0,DATA
https://github.com/NateDiPiazza/GHG-Flux-Project,1,1,0,266,2,0,2,0,28,1,1,1,1,0,2102,0,0,0,0,0,58374,0,0,0,0,0,0,0,0,0,0,0,0,0,0,0,0,0,0,0,0,0,0,0,0,0,0,0,0,0,0,0,0,0,0,0,0,0,0,0,0,0,0,0,0,DATA
https://github.com/ldodds/kasabi-guides,1,0,0,100,2,0,2,0,3,1,1,1,1,0,2769,0,0,0,0,0,4692,0,0,0,0,0,0,0,0,0,0,0,0,0,0,0,0,0,0,0,0,0,0,0,0,0,0,0,0,0,0,0,0,0,0,0,0,0,0,0,0,0,0,0,0,DATA
https://github.com/gina-alaska/what-where,1,0,0,47340,2,0,2,0,24,3,1,1,1,0,480,0,0,0,0,0,3239,0,0,0,0,0,0,0,0,0,0,0,0,0,0,0,0,0,0,0,0,0,0,0,0,0,0,0,0,0,0,0,0,0,0,0,0,0,0,0,0,0,0,0,0,DATA
https://github.com/descentintomael/Netflix-Prize,1,0,0,92,2,0,2,0,2,1,1,1,0,0,1301,0,0,0,0,0,0,0,0,0,0,0,0,0,0,0,0,0,0,0,0,0,0,0,0,0,0,0,0,0,0,0,0,0,0,0,0,0,0,0,0,0,0,0,0,0,0,0,0,0,0,DATA
