https://github.com/movabletype/Documentation,1,11,1,24614,82,0,82,0,49,4,1,1,0,0,0,0,0,0,0,0,0,0,0,0,0,0,0,0,0,0,0,0,0,0,0,0,0,0,0,0,0,0,0,0,0,0,0,0,0,0,0,0,0,0,0,0,0,0,0,0,0,0,0,0,0,DOCS
https://github.com/croogo/documentation,1,17,1,255,29,0,29,0,108,19,1,1,0,0,193,0,0,0,0,0,0,0,0,0,0,0,0,0,0,0,0,0,0,0,0,0,0,0,0,0,0,0,0,0,0,0,0,0,0,0,0,0,0,0,0,0,0,0,0,0,0,0,0,0,0,DOCS
https://github.com/londonhackspace/documentation,4,6,6,76,9,0,9,0,45,2,0,1,2,0,0,0,0,0,0,0,0,0,0,0,0,0,0,0,0,0,0,80133,0,0,0,0,0,0,0,0,0,0,0,0,0,0,0,0,0,0,0,0,0,0,0,0,0,0,0,0,0,0,0,0,0,DOCS
https://github.com/citation-style-language/documentation,4,7,19,888,8,0,8,0,280,5,1,1,3,0,0,0,0,8322,0,0,0,0,0,0,0,0,0,0,0,0,0,0,0,0,0,0,0,0,0,0,0,0,0,0,0,0,0,0,0,0,0,0,0,0,0,0,0,0,0,0,0,0,0,0,0,DOCS
https://github.com/HumMod/documentation,2,4,0,4039,6,0,6,0,222,3,1,1,0,0,2374,0,0,0,0,0,0,0,0,0,0,0,0,0,0,0,0,0,0,0,0,0,0,0,0,0,0,0,0,0,0,0,0,0,0,0,0,0,0,0,0,0,0,0,0,0,0,0,0,0,0,DOCS
https://github.com/billkeys/Documentation,1,3,0,2735,6,0,6,0,1,1,1,0,9,0,357,864,516,771,0,602,0,1052,0,3206,534,0,0,14406,0,396,0,0,0,0,0,0,0,0,0,0,0,0,0,0,0,0,0,0,0,0,0,0,0,0,0,0,0,0,0,0,0,0,0,0,0,DOCS
https://github.com/appcelerator/Documentation-Examples,2,55,4,88689,103,0,103,0,22,5,1,0,7,0,61,65774,0,681,0,2271,68,0,0,228,0,3288,0,0,0,1108,0,0,0,0,0,0,0,0,0,0,0,0,0,0,0,0,0,0,0,0,0,0,0,0,0,0,0,0,0,0,0,0,0,0,0,DOCS
https://github.com/swganh/documentation,1,2,0,311,8,0,8,0,3,1,1,1,0,0,53,0,0,0,0,0,0,0,0,0,0,0,0,0,0,0,0,0,0,0,0,0,0,0,0,0,0,0,0,0,0,0,0,0,0,0,0,0,0,0,0,0,0,0,0,0,0,0,0,0,0,DOCS
https://github.com/massidea/documentation,1,2,0,69238,3,0,3,0,13,4,1,1,0,0,84,0,0,0,0,0,0,0,0,0,0,0,0,0,0,0,0,0,0,0,0,0,0,0,0,0,0,0,0,0,0,0,0,0,0,0,0,0,0,0,0,0,0,0,0,0,0,0,0,0,0,DOCS
https://github.com/cguardia/ZODB-Documentation,1,13,3,455,34,0,34,0,85,10,1,1,6,0,335,14281,0,57203,5381,0,0,0,0,0,0,0,0,0,0,0,0,0,0,0,0,0,0,0,0,0,0,0,0,0,0,0,0,0,0,0,0,0,0,0,0,0,0,0,0,0,0,0,0,0,0,DOCS
https://github.com/doctrine/common-documentation,4,16,0,62,14,0,14,0,55,20,1,1,3,0,0,0,0,10544,0,0,0,0,0,0,0,0,0,0,0,0,0,0,0,0,0,0,0,0,0,0,0,0,0,0,0,0,0,0,0,0,0,0,0,0,0,0,0,0,0,0,0,0,0,0,0,DOCS
https://github.com/phpDocumentor/phpDocumentor2,8,468,257,31223,1825,0,1825,17,3621,126,1,1,9,1,6137,249260,0,0,94153,576842,0,0,0,1249,0,0,0,0,0,0,0,0,0,0,0,0,0,0,0,0,0,0,0,0,0,0,0,0,0,0,198737,0,0,0,0,0,0,0,0,0,0,0,0,0,0,DOCS
https://github.com/ePaul/jsch-documentation,10,9,3,1360,47,0,47,0,0,0,1,1,2,1,9299,0,855551,0,0,0,0,0,0,641,0,0,0,0,0,0,0,0,0,0,0,0,0,0,0,0,0,0,0,0,0,0,0,0,0,0,0,0,0,0,0,0,0,0,0,0,0,0,0,0,0,DOCS
https://github.com/vjousse/Behat-documentation,1,44,0,954,1,0,1,0,4,1,1,1,1,0,0,0,0,8241,0,0,0,0,0,0,0,0,0,0,0,0,0,0,0,0,0,0,0,0,0,0,0,0,0,0,0,0,0,0,0,0,0,0,0,0,0,0,0,0,0,0,0,0,0,0,0,DOCS
https://github.com/trapd00r/Documentation,1,1,0,240012,10,0,10,0,34,1,1,1,11,0,261,205713,0,149691,0,0,105805,0,100291,4670,0,0,0,2200341,0,609418,0,0,0,0,0,0,0,0,0,0,0,0,0,0,0,0,6618,0,0,0,0,0,0,0,0,12373,0,8276,0,0,0,0,0,0,0,DOCS
https://github.com/puppetlabs/puppet-docs,10,288,0,149480,185,0,185,0,8028,165,1,1,7,1,4221,257514,0,0,360584,0,111648,0,0,17152,0,0,0,0,0,6579,0,0,0,0,0,0,0,0,0,0,0,0,0,0,0,0,0,0,0,0,0,0,0,0,0,0,0,0,0,0,0,0,0,0,0,DOCS
https://github.com/apache/servicemix-documentation,6,8,0,2131,10,0,10,0,15,2,1,1,2,0,0,0,0,0,277,0,0,0,0,0,0,0,0,0,0,0,0,0,0,0,0,0,0,0,0,0,0,0,0,0,0,0,0,0,0,0,15517,0,0,0,0,0,0,0,0,0,0,0,0,0,0,DOCS
https://github.com/fuel/docs,16,231,13,4878,166,0,166,0,2005,138,1,1,2,1,0,0,0,0,18794,0,0,0,0,0,0,0,0,0,0,0,0,0,0,0,0,0,0,0,0,0,0,0,0,0,0,0,0,0,0,0,0,0,0,0,0,0,0,0,0,0,0,0,0,0,0,DOCS
https://github.com/pycco-docs/pycco,7,116,33,423,522,0,522,3,163,24,1,1,1,1,980,0,0,39089,0,0,0,0,0,0,0,0,0,0,0,0,0,0,0,0,0,0,0,0,0,0,0,0,0,0,0,0,0,0,0,0,0,0,0,0,0,0,0,0,0,0,0,0,0,0,0,DOCS
https://github.com/collective/collective.github.com,2,170,0,1054,109,0,109,0,1443,180,1,1,4,0,0,536,0,0,7722,0,0,0,0,1372,0,0,0,0,0,0,0,0,0,0,0,0,0,0,0,0,0,0,0,0,0,0,0,0,0,0,0,0,0,0,0,0,0,0,0,0,0,0,0,0,0,DOCS
https://github.com/travelbot/documentation,1,0,0,188,4,0,4,0,9,1,1,1,0,0,353,0,0,0,0,0,0,0,0,0,0,0,0,0,0,0,0,0,0,0,0,0,0,0,0,0,0,0,0,0,0,0,0,0,0,0,0,0,0,0,0,0,0,0,0,0,0,0,0,0,0,DOCS
https://github.com/sugestio/documentation,1,0,0,196,4,0,4,0,57,2,1,1,0,0,274,0,0,0,0,0,0,0,0,0,0,0,0,0,0,0,0,0,0,0,0,0,0,0,0,0,0,0,0,0,0,0,0,0,0,0,0,0,0,0,0,0,0,0,0,0,0,0,0,0,0,DOCS
https://github.com/Pylons/pyramid_cookbook,1,107,5,4386,166,0,166,0,990,98,1,1,1,0,409,0,0,2449,0,0,0,0,0,0,0,0,0,0,0,0,0,0,0,0,0,0,0,0,0,0,0,0,0,0,0,0,0,0,0,0,0,0,0,0,0,0,0,0,0,0,0,0,0,0,0,DOCS
https://github.com/spree/spree-guides,20,130,38,28697,86,0,86,0,1609,112,1,1,4,0,7469,18768,0,0,110397,0,36668,0,0,26,0,0,0,0,0,0,0,0,0,0,0,0,0,0,0,0,0,0,0,0,0,0,0,0,0,0,0,0,0,0,0,0,0,0,0,0,0,0,0,0,0,DOCS
https://github.com/symfony-fr/symfony-docs-fr,2,351,14,10249,77,0,77,0,1575,168,1,1,8,0,587,0,0,8644,0,17560,0,28187,0,309,0,0,0,0,0,0,0,0,0,0,0,0,0,0,0,0,0,0,0,0,0,0,0,0,2402,0,0,0,0,0,0,0,0,0,0,0,0,0,0,0,0,DOCS
https://github.com/ornicar/mongodb-odm-documentation,1,32,0,3718,1,0,1,0,152,5,1,1,3,0,0,1184,0,9905,0,0,0,0,0,444,0,0,0,0,0,0,0,0,0,0,0,0,0,0,0,0,0,0,0,0,0,0,0,0,0,0,0,0,0,0,0,0,0,0,0,0,0,0,0,0,0,DOCS
https://github.com/doctrine/couchdb-documentation,1,6,3,207,6,0,6,0,78,8,1,1,2,0,0,0,0,9960,0,0,0,0,0,42,0,0,0,0,0,0,0,0,0,0,0,0,0,0,0,0,0,0,0,0,0,0,0,0,0,0,0,0,0,0,0,0,0,0,0,0,0,0,0,0,0,DOCS
https://github.com/68kb/documentation,0,0,0,48,3,0,3,0,0,0,1,1,0,0,0,0,0,0,0,0,0,0,0,0,0,0,0,0,0,0,0,0,0,0,0,0,0,0,0,0,0,0,0,0,0,0,0,0,0,0,0,0,0,0,0,0,0,0,0,0,0,0,0,0,0,DOCS
https://github.com/blackberry/WebWorks-API-Docs,3,46,108,3031,68,0,68,0,428,30,1,1,2,0,673,1118808,0,0,0,0,0,0,0,2767,0,0,0,0,0,0,0,0,0,0,0,0,0,0,0,0,0,0,0,0,0,0,0,0,0,0,0,0,0,0,0,0,0,0,0,0,0,0,0,0,0,DOCS
https://github.com/fluid-project/documentation,2,1,0,688,2,0,2,0,7,2,1,0,1,0,0,1335831,0,0,0,0,0,0,0,0,0,0,0,0,0,0,0,0,0,0,0,0,0,0,0,0,0,0,0,0,0,0,0,0,0,0,0,0,0,0,0,0,0,0,0,0,0,0,0,0,0,DOCS
https://github.com/sciversedev/documentation,1,0,0,54264,2,0,2,0,2,1,1,1,0,0,0,0,0,0,0,0,0,0,0,0,0,0,0,0,0,0,0,0,0,0,0,0,0,0,0,0,0,0,0,0,0,0,0,0,0,0,0,0,0,0,0,0,0,0,0,0,0,0,0,0,0,DOCS
https://github.com/playframework-ja/translation-project,9,131,257,39864,49,0,49,0,2108,31,1,1,5,0,899,0,144202,0,0,0,0,0,0,6472,0,0,0,0,0,0,0,9011,0,244667,0,0,0,0,0,0,0,0,0,0,0,0,0,0,0,0,0,0,0,0,0,0,0,0,0,0,0,0,0,0,0,DOCS
https://github.com/chargify/docs.chargify.com,32,18,10,25209,14,0,14,0,970,36,1,1,3,0,1849,0,0,0,116335,0,25418,0,0,0,0,0,0,0,0,0,0,0,0,0,0,0,0,0,0,0,0,0,0,0,0,0,0,0,0,0,0,0,0,0,0,0,0,0,0,0,0,0,0,0,0,DOCS
https://github.com/sequelize/doc,2,50,24,30108,24,0,24,0,512,35,1,1,3,0,103,16912,0,0,13325,0,0,0,0,0,0,0,0,0,0,0,0,0,0,0,0,0,0,0,0,0,0,0,0,0,0,0,0,0,0,0,0,0,0,0,0,0,0,0,0,0,0,0,0,0,0,DOCS
https://github.com/hyde/docs,1,12,12,78,31,0,31,0,12,3,1,1,2,0,0,0,0,0,21456,0,0,0,0,0,0,0,0,0,0,0,0,0,0,0,0,0,0,0,0,0,0,0,0,0,0,0,0,0,0,0,0,0,0,0,0,0,0,0,0,0,0,0,0,0,0,DOCS
https://github.com/josegonzalez/cakephp-documentation,1,2,0,156,16,0,16,0,44,2,1,1,0,0,0,0,0,0,0,0,0,0,0,0,0,0,0,0,0,0,0,0,0,0,0,0,0,0,0,0,0,0,0,0,0,0,0,0,0,0,0,0,0,0,0,0,0,0,0,0,0,0,0,0,0,DOCS
https://github.com/cvicente/Netdot,8,33,19,33632,45,0,45,0,1524,10,1,1,6,0,40,49896,0,0,28321,26871,0,0,0,0,0,0,0,0,0,1194937,0,0,0,0,0,0,0,0,0,0,0,0,0,0,0,0,0,0,0,0,0,0,0,0,0,0,0,0,0,0,0,0,0,0,0,DOCS
https://github.com/Lexikos/AutoHotkey_L-Docs,2,28,0,6575,60,0,60,0,916,13,1,1,2,0,0,0,0,0,0,0,0,0,0,0,0,0,0,0,0,0,0,0,0,0,0,0,0,0,0,0,0,0,0,0,0,0,0,0,0,0,0,0,0,0,0,0,0,0,0,0,0,0,0,0,0,DOCS
https://github.com/adobe-webplatform/dr.js,1,20,7,212,113,0,113,0,20,2,1,1,3,1,0,23337,0,0,11980,0,0,0,0,0,0,0,0,0,0,0,0,0,0,0,0,0,0,0,0,0,0,0,0,0,0,0,0,0,0,0,0,0,0,0,0,0,0,0,0,0,0,0,0,0,0,DOCS
https://github.com/fusioninventory/fusioninventory-documentation,1,3,1,13481,5,0,5,0,284,2,1,1,2,0,0,0,0,0,17312,0,0,0,0,0,0,0,0,0,0,9006,0,0,0,0,0,0,0,0,0,0,0,0,0,0,0,0,0,0,0,0,0,0,0,0,0,0,0,0,0,0,0,0,0,0,0,DOCS
https://github.com/ApiGen/ApiGen,4,225,63,6822,1319,0,1319,23,2266,54,1,1,3,1,2717,0,0,0,0,680663,0,0,0,938,0,0,0,0,0,0,0,0,0,0,0,0,0,0,0,0,0,0,0,0,0,0,0,0,0,0,0,0,0,0,0,0,0,0,0,0,0,0,0,0,0,DOCS
https://github.com/tj/dox,2,188,16,986,1892,0,1892,5,453,32,1,1,2,0,12389,75332,0,0,0,0,0,0,0,0,0,0,0,0,0,0,0,0,0,0,0,0,0,0,0,0,0,0,0,0,0,0,0,0,0,0,0,0,0,0,0,0,0,0,0,0,0,0,0,0,0,DOCS
https://github.com/stevedonovan/LDoc,1,72,127,1184,226,0,226,0,467,28,1,1,5,1,2279,0,0,0,11104,0,0,0,2281,0,0,0,0,0,0,0,0,0,0,0,0,0,0,320385,0,0,0,0,0,0,0,0,0,0,0,0,0,0,0,0,0,0,0,0,0,0,0,0,0,0,0,DOCS
https://github.com/ipython/ipython,10,3145,976,89971,10655,0,10655,7,21562,449,1,1,2,1,2958,0,0,2129322,0,0,0,0,0,0,0,0,0,0,0,0,0,0,0,0,0,0,0,0,0,0,0,0,0,0,0,0,0,0,0,0,0,0,0,0,0,0,0,0,0,0,0,0,0,0,0,DOCS
https://github.com/beautiful-docs/beautiful-docs,2,54,26,537,268,0,268,0,91,11,1,1,4,1,7164,593,0,0,6282,0,0,0,0,0,0,0,0,0,0,0,26246,0,0,0,0,0,0,0,0,0,0,0,0,0,0,0,0,0,0,0,0,0,0,0,0,0,0,0,0,0,0,0,0,0,0,DOCS
https://github.com/BonsaiDen/JavaScript-Garden,5,542,13,3797,2636,0,2636,0,969,121,1,1,4,1,1913,9093,0,0,11673,0,0,0,0,668,0,0,0,0,0,0,0,0,0,0,0,0,0,0,0,0,0,0,0,0,0,0,0,0,0,0,0,0,0,0,0,0,0,0,0,0,0,0,0,0,0,DOCS
https://github.com/daleharvey/erldocs,1,25,8,925,77,0,77,0,63,6,1,1,3,0,1058,0,0,0,0,0,0,0,0,0,0,0,0,0,0,0,0,0,0,0,0,0,0,0,0,0,0,0,0,0,0,25987,0,0,0,0,0,0,0,0,0,0,0,0,0,0,0,0,0,0,0,DOCS
https://github.com/avalanche123/symfony-docs-ru,1,27,7,2037,70,0,70,0,222,9,1,1,0,0,3618,0,0,0,0,0,0,0,0,0,0,0,0,0,0,0,0,0,0,0,0,0,0,0,0,0,0,0,0,0,0,0,0,0,0,0,0,0,0,0,0,0,0,0,0,0,0,0,0,0,0,DOCS
https://github.com/RvonMassow/xDoc,4,15,27,15685,31,0,31,0,542,9,1,1,5,0,5941,0,3713721,0,4458,0,0,0,0,0,0,0,0,0,0,0,0,14662,0,0,0,0,0,0,0,0,0,0,0,0,0,0,0,0,0,0,0,0,0,0,0,0,0,0,0,0,0,0,0,0,0,DOCS
https://github.com/antirez/redis-doc,2,674,32,4543,792,0,792,0,2111,330,1,1,3,1,2823,0,0,0,0,0,8908,0,0,0,0,0,0,0,0,0,0,0,0,0,0,0,0,0,0,0,0,0,0,0,0,0,0,0,0,0,0,0,0,0,0,0,0,0,0,0,0,0,0,0,0,DOCS
https://github.com/DIRACGrid/DIRACDocs,1,21,5,11544,12,0,12,0,562,18,1,1,5,1,0,0,0,48037,8646,0,0,0,0,4031,0,0,0,0,0,0,0,0,0,0,0,0,0,0,0,0,0,0,0,0,0,0,0,0,0,0,0,0,0,0,0,0,0,0,0,0,0,0,0,0,0,DOCS
https://github.com/scottjacobsen/documentation,0,0,0,48,1,0,1,0,0,0,1,0,0,0,0,0,0,0,0,0,0,0,0,0,0,0,0,0,0,0,0,0,0,0,0,0,0,0,0,0,0,0,0,0,0,0,0,0,0,0,0,0,0,0,0,0,0,0,0,0,0,0,0,0,0,DOCS
https://github.com/jardapoliak/documentation,1,0,0,84,1,0,1,0,1,1,1,0,0,0,0,0,0,0,0,0,0,0,0,0,0,0,0,0,0,0,0,0,0,0,0,0,0,0,0,0,0,0,0,0,0,0,0,0,0,0,0,0,0,0,0,0,0,0,0,0,0,0,0,0,0,DOCS
https://github.com/jzhangbj/Documentation,0,0,0,48,1,0,1,0,0,0,1,0,0,0,0,0,0,0,0,0,0,0,0,0,0,0,0,0,0,0,0,0,0,0,0,0,0,0,0,0,0,0,0,0,0,0,0,0,0,0,0,0,0,0,0,0,0,0,0,0,0,0,0,0,0,DOCS
https://github.com/stephenhazeltine/Documentation,2,0,0,1956,1,0,1,0,40,1,1,1,0,0,498,0,0,0,0,0,0,0,0,0,0,0,0,0,0,0,0,0,0,0,0,0,0,0,0,0,0,0,0,0,0,0,0,0,0,0,0,0,0,0,0,0,0,0,0,0,0,0,0,0,0,DOCS
https://github.com/macmade/Documentation,1,0,0,600,1,0,1,0,1,1,1,1,0,0,770,0,0,0,0,0,0,0,0,0,0,0,0,0,0,0,0,0,0,0,0,0,0,0,0,0,0,0,0,0,0,0,0,0,0,0,0,0,0,0,0,0,0,0,0,0,0,0,0,0,0,DOCS
https://github.com/ngonchan/documentation,1,1,0,157,1,0,1,0,1,1,1,1,0,0,0,0,0,0,0,0,0,0,0,0,0,0,0,0,0,0,0,0,0,0,0,0,0,0,0,0,0,0,0,0,0,0,0,0,0,0,0,0,0,0,0,0,0,0,0,0,0,0,0,0,0,DOCS
https://github.com/dylan-hackers/documentation,1,0,0,66548,1,0,1,0,163,9,1,1,7,0,0,102531,0,0,15092,0,0,0,0,0,0,0,0,0,0,312948,0,6549,0,0,0,0,0,0,0,0,0,0,0,0,0,0,0,0,0,0,73726,0,0,0,0,0,0,0,0,0,0,0,0,0,0,DOCS
https://github.com/suthikshn/Documentation,0,0,0,48,1,0,1,0,0,0,1,1,0,0,0,0,0,0,0,0,0,0,0,0,0,0,0,0,0,0,0,0,0,0,0,0,0,0,0,0,0,0,0,0,0,0,0,0,0,0,0,0,0,0,0,0,0,0,0,0,0,0,0,0,0,DOCS
https://github.com/MobileRaggingPreventerApp/Documentation,0,0,0,48,1,0,1,0,0,0,1,1,0,0,0,0,0,0,0,0,0,0,0,0,0,0,0,0,0,0,0,0,0,0,0,0,0,0,0,0,0,0,0,0,0,0,0,0,0,0,0,0,0,0,0,0,0,0,0,0,0,0,0,0,0,DOCS
https://github.com/s4/docs,2,7,0,596,13,0,13,0,4,2,1,1,1,0,704,0,0,8291,0,0,0,0,0,0,0,0,0,0,0,0,0,0,0,0,0,0,0,0,0,0,0,0,0,0,0,0,0,0,0,0,0,0,0,0,0,0,0,0,0,0,0,0,0,0,0,DOCS
https://github.com/mandango/mandango-docs,1,8,5,246,9,0,9,0,23,4,1,1,1,0,0,0,0,7764,0,0,0,0,0,0,0,0,0,0,0,0,0,0,0,0,0,0,0,0,0,0,0,0,0,0,0,0,0,0,0,0,0,0,0,0,0,0,0,0,0,0,0,0,0,0,0,DOCS
https://github.com/UnionOfRAD/li3_docs,4,17,5,609,14,0,14,0,264,18,1,1,2,0,5489,0,0,0,2330,49147,0,0,0,0,0,0,0,0,0,0,0,0,0,0,0,0,0,0,0,0,0,0,0,0,0,0,0,0,0,0,0,0,0,0,0,0,0,0,0,0,0,0,0,0,0,DOCS
https://github.com/dtolabs/rundeck-training,1,7,0,3130,15,0,15,0,4,1,1,1,0,0,220,0,0,0,0,0,0,0,0,0,0,0,0,0,0,0,0,0,0,0,0,0,0,0,0,0,0,0,0,0,0,0,0,0,0,0,0,0,0,0,0,0,0,0,0,0,0,0,0,0,0,DOCS
https://github.com/rubygems/guides,3,127,17,1811,94,0,94,0,492,94,1,1,4,1,1575,2070,0,0,76223,0,7100,0,0,0,0,0,0,0,0,0,0,0,0,0,0,0,0,0,0,0,0,0,0,0,0,0,0,0,0,0,0,0,0,0,0,0,0,0,0,0,0,0,0,0,0,DOCS
https://github.com/rdoc/rdoc,3,291,57,5878,376,0,376,0,2152,52,1,1,5,1,4610,18023,0,0,15720,0,1455774,0,0,74,0,0,0,0,0,0,0,0,0,0,0,0,0,0,0,0,0,0,0,0,0,0,0,0,0,0,0,0,0,0,0,0,0,0,0,0,0,0,0,0,0,DOCS
https://github.com/gumpu/ROBODoc,5,9,16,612,41,0,41,0,23,1,1,1,9,1,2021,0,0,1696,7914,0,0,0,623172,2016,0,0,0,0,0,18553,0,0,0,0,0,0,0,0,0,0,0,0,0,0,0,0,0,0,0,0,1982,0,0,0,0,0,0,0,0,0,0,0,0,0,0,DOCS
https://github.com/facebookarchive/diviner,1,8,2,254,47,0,47,0,39,4,1,1,2,1,262,0,0,0,9575,55499,0,0,0,0,0,0,0,0,0,0,0,0,0,0,0,0,0,0,0,0,0,0,0,0,0,0,0,0,0,0,0,0,0,0,0,0,0,0,0,0,0,0,0,0,0,DOCS
https://github.com/symfony-japan/symfony-docs-ja,5,42,6,3298,44,0,44,0,818,35,1,1,5,0,482,0,0,0,0,16582,0,22281,0,0,0,0,0,0,0,0,0,0,0,0,0,0,0,0,0,0,0,0,0,0,0,0,0,0,1136,0,0,0,0,0,0,0,0,0,0,0,0,0,0,0,0,DOCS
https://github.com/vim-scripts/DoxygenToolkit.vim,1,33,1,163,57,0,57,0,0,0,1,1,1,0,3782,0,0,0,0,0,0,0,0,0,0,0,0,43562,0,0,0,0,0,0,0,0,0,0,0,0,0,0,0,0,0,0,0,0,0,0,0,0,0,0,0,0,0,0,0,0,0,0,0,0,0,DOCS
https://github.com/versly/wsdoc,2,34,30,566,52,0,52,0,163,7,1,1,2,1,17315,0,174792,0,0,0,0,0,0,0,0,0,0,0,0,0,0,0,0,0,0,0,0,0,0,0,0,0,0,0,0,0,0,0,0,0,0,0,0,0,0,0,0,0,0,0,0,0,0,0,0,DOCS
https://github.com/sympy/sympy_doc,2,16,5,210039,8,0,8,0,172,8,1,1,4,1,2158,647761,0,27518,230066,0,0,0,0,0,0,0,0,0,0,0,0,0,0,0,0,0,0,0,0,0,0,0,0,0,0,0,0,0,0,0,0,0,0,0,0,0,0,0,0,0,0,0,0,0,0,DOCS
https://github.com/fmiopensource/rapi_doc,1,26,2,114,11,0,11,0,0,0,1,1,1,1,1445,0,0,0,0,0,14594,0,0,0,0,0,0,0,0,0,0,0,0,0,0,0,0,0,0,0,0,0,0,0,0,0,0,0,0,0,0,0,0,0,0,0,0,0,0,0,0,0,0,0,0,DOCS
https://github.com/ruby-gnome2/doc,1,2,0,9438,4,0,4,0,84,2,1,1,3,0,0,0,0,0,0,0,986561,0,0,1737,0,0,0,0,0,0,0,0,0,0,0,0,0,0,0,0,0,0,0,0,0,0,0,0,0,0,0,0,0,0,0,0,0,0,0,0,0,0,0,0,0,DOCS
https://github.com/ajessu/jobeet-docs,1,9,0,1818,21,0,21,0,60,2,1,1,2,0,744,1184,0,10727,0,0,0,0,0,0,0,0,0,0,0,0,0,0,0,0,0,0,0,0,0,0,0,0,0,0,0,0,0,0,0,0,0,0,0,0,0,0,0,0,0,0,0,0,0,0,0,DOCS
https://github.com/andreia/symfony-docs-pt-BR,12,67,38,9679,84,0,84,0,396,17,1,1,2,0,6474,0,0,0,0,1926,0,16573,0,0,0,0,0,0,0,0,0,0,0,0,0,0,0,0,0,0,0,0,0,0,0,0,0,0,0,0,0,0,0,0,0,0,0,0,0,0,0,0,0,0,0,DOCS
https://github.com/ruby-amqp/amqp,12,136,5,5977,590,0,590,0,1755,42,1,1,2,0,9600,0,0,0,0,0,376957,0,0,1562,0,0,0,0,0,0,0,0,0,0,0,0,0,0,0,0,0,0,0,0,0,0,0,0,0,0,0,0,0,0,0,0,0,0,0,0,0,0,0,0,0,DOCS
https://github.com/weld/core,10,209,6,54144,245,0,245,0,6648,69,0,1,6,1,1559,184393,9689457,0,4424,0,0,0,0,1318,0,0,0,0,0,0,0,0,0,0,0,0,0,0,0,0,0,7775,0,0,0,0,0,0,0,0,0,0,0,0,0,0,0,0,0,0,0,0,0,0,0,DOCS
https://github.com/gleu/pgdocs_fr,15,15,1,29777,18,0,18,0,1040,20,1,1,7,0,2023,3146,0,0,82726,60332,0,0,0,0,0,0,0,0,0,0,0,0,0,0,0,0,0,0,0,0,0,0,0,0,0,0,0,0,0,0,260873,0,0,0,0,0,0,0,0,0,0,0,0,0,0,DOCS
https://github.com/bluedynamics/yafowil.documentation,2,2,0,357,2,0,2,0,97,5,1,1,3,0,0,0,0,10578,702,0,0,0,0,0,0,0,0,0,0,0,0,0,0,0,0,0,0,0,0,0,0,0,0,0,0,0,0,0,0,0,0,0,0,0,0,0,0,0,0,0,0,0,0,0,0,DOCS
https://github.com/deanet/alinux-documentation,4,2,2,4823,2,0,2,0,48,1,1,1,0,0,66,0,0,0,0,0,0,0,0,0,0,0,0,0,0,0,0,0,0,0,0,0,0,0,0,0,0,0,0,0,0,0,0,0,0,0,0,0,0,0,0,0,0,0,0,0,0,0,0,0,0,DOCS
https://github.com/brtriver/silex-doc-ja,1,7,0,3583,13,0,13,0,65,7,1,1,5,0,1379,100785,0,4369,112074,0,0,0,0,0,0,0,0,0,0,0,0,0,0,0,0,0,0,0,0,0,0,0,0,0,0,0,0,0,0,0,0,0,0,0,0,0,0,0,0,0,0,0,0,0,0,DOCS
https://github.com/phpnode/Yii-Docs-Generator,1,15,4,1237,47,0,47,0,18,1,1,1,1,0,1414,0,0,0,0,82558,0,0,0,0,0,0,0,0,0,0,0,0,0,0,0,0,0,0,0,0,0,0,0,0,0,0,0,0,0,0,0,0,0,0,0,0,0,0,0,0,0,0,0,0,0,DOCS
https://github.com/theseer/phpdox,1,85,28,4666,371,0,371,4,961,32,0,1,6,1,2813,0,0,0,14693,688153,0,0,0,0,0,0,0,0,0,0,0,0,0,0,0,0,0,0,0,0,0,0,0,0,0,0,0,0,0,0,94231,0,0,0,0,0,0,0,0,0,0,0,0,0,0,DOCS
https://github.com/rsoulliere/Evergreen-DocBook,4,7,0,35863,21,0,21,0,347,8,1,1,0,0,184,0,0,0,0,0,0,0,0,0,0,0,0,0,0,0,0,0,0,0,0,0,0,0,0,0,0,0,0,0,0,0,0,0,0,0,0,0,0,0,0,0,0,0,0,0,0,0,0,0,0,DOCS
https://github.com/berb/rest-doc-template,1,22,1,161,74,0,74,0,21,2,1,1,0,1,3543,0,0,0,0,0,0,0,0,0,0,0,0,0,0,0,0,0,0,0,0,0,0,0,0,0,0,0,0,0,0,0,0,0,0,0,0,0,0,0,0,0,0,0,0,0,0,0,0,0,0,DOCS
https://github.com/mpasternacki/capistrano-documentation-support-files,1,2,0,1052,3,0,3,0,5,2,1,1,0,0,394,0,0,0,0,0,0,0,0,0,0,0,0,0,0,0,0,0,0,0,0,0,0,0,0,0,0,0,0,0,0,0,0,0,0,0,0,0,0,0,0,0,0,0,0,0,0,0,0,0,0,DOCS
https://github.com/developerforce/developerforce.github.com,1,0,0,6697,7,0,7,0,0,0,1,1,0,0,0,0,0,0,0,0,0,0,0,0,0,0,0,0,0,0,0,0,0,0,0,0,0,0,0,0,0,0,0,0,0,0,0,0,0,0,0,0,0,0,0,0,0,0,0,0,0,0,0,0,0,DOCS
https://github.com/mozilla/process-releases,3,12,0,686,25,0,25,0,67,10,1,1,2,0,164,0,0,0,711,0,0,0,0,1693,0,0,0,0,0,0,0,0,0,0,0,0,0,0,0,0,0,0,0,0,0,0,0,0,0,0,0,0,0,0,0,0,0,0,0,0,0,0,0,0,0,DOCS
https://github.com/vendo/vendo,2,16,2,889,120,0,120,0,59,2,1,1,2,1,4104,0,0,0,0,316465,323,0,0,0,0,0,0,0,0,0,0,0,0,0,0,0,0,0,0,0,0,0,0,0,0,0,0,0,0,0,0,0,0,0,0,0,0,0,0,0,0,0,0,0,0,DOCS
https://github.com/zynamics/msdn-plugin-ida,1,11,1,248,36,0,36,0,5,1,1,1,1,0,1142,0,0,10882,0,0,0,0,0,0,0,0,0,0,0,0,0,0,0,0,0,0,0,0,0,0,0,0,0,0,0,0,0,0,0,0,0,0,0,0,0,0,0,0,0,0,0,0,0,0,0,DOCS
https://github.com/tripit/api,4,10,16,249,33,0,33,0,49,8,1,1,2,0,73,0,0,0,23846,0,0,0,0,0,0,0,0,0,0,0,0,0,0,0,0,0,0,0,0,0,0,0,0,0,0,0,0,0,0,0,0,0,0,0,0,0,0,0,0,0,0,0,0,0,0,DOCS
https://github.com/salathe/phpdoc-en,1,4,0,61567,14,0,14,0,2718,56,1,1,1,0,399,0,0,0,0,0,0,0,0,0,0,0,0,0,0,0,0,0,0,0,0,0,0,0,0,0,0,0,0,0,0,0,0,0,0,0,0,0,0,0,0,0,0,0,0,0,0,0,0,0,0,DOCS
https://github.com/zynamics/msdn-crawler,1,11,1,109,21,0,21,0,3,1,1,1,1,0,2437,0,0,8761,0,0,0,0,0,0,0,0,0,0,0,0,0,0,0,0,0,0,0,0,0,0,0,0,0,0,0,0,0,0,0,0,0,0,0,0,0,0,0,0,0,0,0,0,0,0,0,DOCS
https://github.com/ananthakumaran/jquery-doc.el,1,7,1,1149,56,0,56,0,30,6,1,1,2,0,661,0,0,0,0,0,0,0,0,0,0,0,0,0,0,0,0,0,0,0,0,0,0,0,0,0,0,0,0,0,0,0,0,0,0,0,0,0,0,0,0,0,0,0,0,0,0,0,0,0,0,DOCS
https://github.com/davidsansome/babbledrive,1,3,4,7542,23,0,23,0,41,2,1,1,2,0,0,71932,0,2453964,0,0,0,0,0,0,0,0,0,0,0,0,0,0,0,0,0,0,0,0,0,0,0,0,0,0,0,0,0,0,0,0,0,0,0,0,0,0,0,0,0,0,0,0,0,0,0,DOCS
https://github.com/yihui/Rd2roxygen,2,7,4,342,10,0,10,1,304,1,1,1,1,0,213,0,0,0,0,0,0,0,0,0,0,0,26888,0,0,0,0,0,0,0,0,0,0,0,0,0,0,0,0,0,0,0,0,0,0,0,0,0,0,0,0,0,0,0,0,0,0,0,0,0,0,DOCS
https://github.com/abraham/twitteroauth-demo,1,24,1,154,22,0,22,0,102,6,1,1,3,1,377,0,0,0,322,5708,0,0,0,0,0,0,0,0,0,0,0,0,0,0,0,0,0,0,0,0,0,0,0,0,0,0,0,0,0,0,0,0,0,0,0,0,0,0,0,0,0,0,0,0,0,DOCS
https://github.com/fitzchak/RaccoonDocumentation,1,0,0,2745,4,0,4,0,46,1,1,1,3,0,0,1241118,0,0,0,0,0,0,0,0,19030,0,0,0,0,0,0,0,0,0,0,0,0,0,0,0,0,0,0,0,0,0,0,0,0,0,0,0,115,0,0,0,0,0,0,0,0,0,0,0,0,DOCS
https://github.com/clawpack/doc,2,17,14,56440,5,0,5,0,486,10,1,1,1,0,285,0,0,0,0,0,0,0,0,0,0,0,0,0,0,0,0,128474,0,0,0,0,0,0,0,0,0,0,0,0,0,0,0,0,0,0,0,0,0,0,0,0,0,0,0,0,0,0,0,0,0,DOCS
https://github.com/newrelic/newrelic_api,6,42,3,878,124,0,124,0,126,20,1,1,1,1,700,0,0,0,0,0,19854,0,0,0,0,0,0,0,0,0,0,0,0,0,0,0,0,0,0,0,0,0,0,0,0,0,0,0,0,0,0,0,0,0,0,0,0,0,0,0,0,0,0,0,0,DOCS
https://github.com/visfleet/yard-rest-plugin,1,56,4,1746,55,0,55,0,26,2,1,1,2,0,5883,4542,0,0,0,0,13446,0,0,0,0,0,0,0,0,0,0,0,0,0,0,0,0,0,0,0,0,0,0,0,0,0,0,0,0,0,0,0,0,0,0,0,0,0,0,0,0,0,0,0,0,DOCS
https://github.com/garak/symfony-docs-it,9,61,11,17638,39,0,39,0,824,39,1,1,5,0,0,0,0,0,0,18539,0,36322,0,0,0,0,0,0,0,0,0,0,0,0,0,0,0,0,0,0,0,0,0,0,0,0,0,0,2499,0,0,0,0,0,0,0,0,0,0,0,0,0,0,0,0,DOCS
https://github.com/embedly/embedly-docs,4,4,1,3052,9,0,9,0,279,7,1,1,1,0,765,0,0,8890,0,0,0,0,0,0,0,0,0,0,0,0,0,0,0,0,0,0,0,0,0,0,0,0,0,0,0,0,0,0,0,0,0,0,0,0,0,0,0,0,0,0,0,0,0,0,0,DOCS
https://github.com/musescore-com/api,2,3,0,161,17,0,17,0,36,4,1,1,2,0,39,262949,0,0,18312,0,0,0,0,0,0,0,0,0,0,0,0,0,0,0,0,0,0,0,0,0,0,0,0,0,0,0,0,0,0,0,0,0,0,0,0,0,0,0,0,0,0,0,0,0,0,DOCS
https://github.com/paulelliott/fabrication-site,1,9,1,575,13,0,13,0,148,10,1,1,4,0,274,272211,0,0,5888,0,4729,0,0,0,0,0,0,0,0,0,0,0,0,0,0,0,0,0,0,0,0,0,0,0,0,0,0,0,0,0,0,0,0,0,0,0,0,0,0,0,0,0,0,0,0,DOCS
https://github.com/yi-editor/yi-editor.github.com,1,7,3,156,2,0,2,0,25,8,1,1,5,0,1422,0,0,0,1441,0,0,0,0,0,0,0,0,0,0,0,0,0,0,0,0,0,3156,0,0,0,0,0,0,0,0,0,0,0,0,0,0,0,0,0,0,0,0,0,0,0,0,0,0,0,0,DOCS
https://github.com/zanata/zanata-server,28,60,0,217578,200,0,200,16,10346,21,1,1,0,0,2457,0,0,0,0,0,0,0,0,0,0,0,0,0,0,0,0,0,0,0,0,0,0,0,0,0,0,0,0,0,0,0,0,0,0,0,0,0,0,0,0,0,0,0,0,0,0,0,0,0,0,DOCS
https://github.com/buildbot/bbdocs,2,9,0,49164,1,0,1,0,47,8,1,1,1,0,315,0,0,2416,0,0,0,0,0,0,0,0,0,0,0,0,0,0,0,0,0,0,0,0,0,0,0,0,0,0,0,0,0,0,0,0,0,0,0,0,0,0,0,0,0,0,0,0,0,0,0,DOCS
https://github.com/rbakels/PHP-Documentation,1,0,0,5424,3,0,3,0,5,1,1,1,0,0,1445,0,0,0,0,0,0,0,0,0,0,0,0,0,0,0,0,0,0,0,0,0,0,0,0,0,0,0,0,0,0,0,0,0,0,0,0,0,0,0,0,0,0,0,0,0,0,0,0,0,0,DOCS
https://github.com/jreese/markdown-pp,2,28,8,320,98,0,98,0,97,8,0,1,2,1,7396,0,0,35751,0,0,0,0,0,0,0,0,0,0,0,0,0,0,0,0,0,0,0,0,0,0,0,0,0,0,0,0,0,0,0,0,0,0,0,0,0,0,0,0,0,0,0,0,0,0,0,DOCS
https://github.com/halcwb/GenForm,3,3,0,96798,11,0,11,0,406,2,1,1,4,0,1341,751230,0,0,0,0,0,0,0,0,717095,0,0,0,0,0,0,0,0,0,0,0,0,0,0,0,0,0,0,0,0,0,686,0,0,0,0,0,572,0,0,0,0,0,0,0,0,0,0,0,0,DOCS
https://github.com/zauberlabs/commons-documentation,1,0,0,400,3,0,3,0,8,2,1,1,0,0,0,0,0,0,0,0,0,0,0,0,0,0,0,0,0,0,0,0,0,0,0,0,0,0,0,0,0,0,0,0,0,0,0,0,0,0,0,0,0,0,0,0,0,0,0,0,0,0,0,0,0,DOCS
https://github.com/OpenAMEE/api-documentation,6,0,0,2468,3,0,3,0,363,5,0,1,0,0,2773,0,0,0,0,0,0,0,0,0,0,0,0,0,0,0,0,0,0,0,0,0,0,0,0,0,0,0,0,0,0,0,0,0,0,0,0,0,0,0,0,0,0,0,0,0,0,0,0,0,0,DOCS
https://github.com/joshholt/Sapphire-Documentation,6,0,0,1132,3,0,3,0,20,2,1,1,1,0,9,441,0,0,0,0,0,0,0,0,0,0,0,0,0,0,0,0,0,0,0,0,0,0,0,0,0,0,0,0,0,0,0,0,0,0,0,0,0,0,0,0,0,0,0,0,0,0,0,0,0,DOCS
https://github.com/UseAllFive/tc-documentation,0,0,19,48,3,0,3,0,0,0,1,0,0,0,0,0,0,0,0,0,0,0,0,0,0,0,0,0,0,0,0,0,0,0,0,0,0,0,0,0,0,0,0,0,0,0,0,0,0,0,0,0,0,0,0,0,0,0,0,0,0,0,0,0,0,DOCS
https://github.com/jchris/couchapp-docs,1,3,1,147,11,0,11,0,5,1,1,1,1,0,0,2601,0,0,0,0,0,0,0,0,0,0,0,0,0,0,0,0,0,0,0,0,0,0,0,0,0,0,0,0,0,0,0,0,0,0,0,0,0,0,0,0,0,0,0,0,0,0,0,0,0,DOCS
https://github.com/daleharvey/jquery.couch.js-docs,2,5,0,961,34,0,34,0,0,0,1,1,3,0,523,207097,1496,0,0,0,0,0,0,1626,0,0,0,0,0,0,0,0,0,0,0,0,0,0,0,0,0,0,0,0,0,0,0,0,0,0,0,0,0,0,0,0,0,0,0,0,0,0,0,0,0,DOCS
https://github.com/clojure/clojure.github.com,1,2,0,535,6,0,6,0,56,1,1,1,2,0,623,0,0,0,5924,0,0,0,0,0,0,0,0,0,0,0,0,0,0,0,0,0,0,0,0,0,0,0,0,0,0,0,0,0,0,0,0,0,0,0,0,0,0,0,0,0,0,0,0,0,0,DOCS
https://github.com/stackfu/docs,2,2,0,2514,6,0,6,0,26,1,1,1,1,0,709,0,0,0,0,0,1980,0,0,0,0,0,0,0,0,0,0,0,0,0,0,0,0,0,0,0,0,0,0,0,0,0,0,0,0,0,0,0,0,0,0,0,0,0,0,0,0,0,0,0,0,DOCS
https://github.com/mapnik/sphinx-docs,1,8,1,896,4,0,4,0,0,0,1,1,1,0,645,0,0,8447,0,0,0,0,0,0,0,0,0,0,0,0,0,0,0,0,0,0,0,0,0,0,0,0,0,0,0,0,0,0,0,0,0,0,0,0,0,0,0,0,0,0,0,0,0,0,0,DOCS
https://github.com/craigh/DocTastic,1,3,4,4242,8,0,8,0,109,2,1,1,2,0,191,39541,0,0,0,42690,0,0,0,0,0,0,0,0,0,0,0,0,0,0,0,0,0,0,0,0,0,0,0,0,0,0,0,0,0,0,0,0,0,0,0,0,0,0,0,0,0,0,0,0,0,DOCS
https://github.com/fakedarren/mootools-docs,2,3,7,1095,8,0,8,0,11,2,1,1,2,1,122,1046619,0,0,0,1296772,0,0,0,0,0,0,0,0,0,0,0,0,0,0,0,0,0,0,0,0,0,0,0,0,0,0,0,0,0,0,0,0,0,0,0,0,0,0,0,0,0,0,0,0,0,DOCS
https://github.com/ipython/ipython-doc,2,28,1,106053,36,0,36,0,2,2,1,1,0,0,949,0,0,0,0,0,0,0,0,0,0,0,0,0,0,0,0,0,0,0,0,0,0,0,0,0,0,0,0,0,0,0,0,0,0,0,0,0,0,0,0,0,0,0,0,0,0,0,0,0,0,DOCS
https://github.com/fastr/fastr.github.com,1,0,0,324,3,0,3,0,70,2,1,1,0,0,1930,0,0,0,0,0,0,0,0,0,0,0,0,0,0,0,0,0,0,0,0,0,0,0,0,0,0,0,0,0,0,0,0,0,0,0,0,0,0,0,0,0,0,0,0,0,0,0,0,0,0,DOCS
https://github.com/rhomobile/rhomobile-docs,7,25,35,94789,44,0,44,0,2373,41,1,1,4,0,2038,12199,0,0,25520,0,235548,0,0,0,0,0,0,0,0,0,0,0,0,0,0,0,0,0,0,0,0,0,0,0,0,0,0,0,0,0,0,0,0,0,0,0,0,0,0,0,0,0,0,0,0,DOCS
https://github.com/ddollar/sinatra-croon,1,11,0,176,17,0,17,0,28,4,1,1,2,0,1148,0,0,0,2472,0,11829,0,0,0,0,0,0,0,0,0,0,0,0,0,0,0,0,0,0,0,0,0,0,0,0,0,0,0,0,0,0,0,0,0,0,0,0,0,0,0,0,0,0,0,0,DOCS
https://github.com/billie66/tech_doc,1,3,0,175,6,0,6,0,163,1,1,1,0,0,493,0,0,0,0,0,0,0,0,0,0,0,0,0,0,0,0,0,0,0,0,0,0,0,0,0,0,0,0,0,0,0,0,0,0,0,0,0,0,0,0,0,0,0,0,0,0,0,0,0,0,DOCS
https://github.com/hflw/Persevere-Documentation,1,0,0,104,2,0,2,0,0,0,1,1,1,0,0,0,0,11531,0,0,0,0,0,0,0,0,0,0,0,0,0,0,0,0,0,0,0,0,0,0,0,0,0,0,0,0,0,0,0,0,0,0,0,0,0,0,0,0,0,0,0,0,0,0,0,DOCS
https://github.com/jeffbonnes/titanium_documentation,2,0,0,5064,2,0,2,0,124,9,1,1,0,0,2859,0,0,0,0,0,0,0,0,0,0,0,0,0,0,0,0,0,0,0,0,0,0,0,0,0,0,0,0,0,0,0,0,0,0,0,0,0,0,0,0,0,0,0,0,0,0,0,0,0,0,DOCS
https://github.com/richardfullmer/oxm-documentation,1,0,0,264,2,0,2,0,1,1,1,1,3,0,0,1184,0,9869,0,0,0,0,0,442,0,0,0,0,0,0,0,0,0,0,0,0,0,0,0,0,0,0,0,0,0,0,0,0,0,0,0,0,0,0,0,0,0,0,0,0,0,0,0,0,0,DOCS
https://github.com/FoleyX90/titanium_documentation,1,0,0,2769,2,0,2,0,77,9,1,1,1,0,2859,0,0,197986,0,0,0,0,0,0,0,0,0,0,0,0,0,0,0,0,0,0,0,0,0,0,0,0,0,0,0,0,0,0,0,0,0,0,0,0,0,0,0,0,0,0,0,0,0,0,0,DOCS
https://github.com/OpenStack-Capstone/Internal-Documentation,1,0,0,1412,2,0,2,0,10,2,1,0,1,0,0,0,594,0,0,0,0,0,0,0,0,0,0,0,0,0,0,0,0,0,0,0,0,0,0,0,0,0,0,0,0,0,0,0,0,0,0,0,0,0,0,0,0,0,0,0,0,0,0,0,0,DOCS
https://github.com/monkeetrik/neverstop-documentation,0,0,3,48,2,0,2,0,0,0,1,0,0,0,0,0,0,0,0,0,0,0,0,0,0,0,0,0,0,0,0,0,0,0,0,0,0,0,0,0,0,0,0,0,0,0,0,0,0,0,0,0,0,0,0,0,0,0,0,0,0,0,0,0,0,DOCS
https://github.com/prggmr/Prggmr-Documentation,1,0,0,589,2,0,2,0,0,0,1,1,2,0,0,93308,0,0,0,136129,0,0,0,0,0,0,0,0,0,0,0,0,0,0,0,0,0,0,0,0,0,0,0,0,0,0,0,0,0,0,0,0,0,0,0,0,0,0,0,0,0,0,0,0,0,DOCS
https://github.com/jeffsilverm/dpkt_doc,1,19,1,248,36,0,36,0,63,3,1,1,3,0,727,0,0,69911,2274,0,0,0,0,0,0,0,0,0,0,0,0,0,0,0,0,0,0,0,0,0,0,0,0,0,0,0,0,0,0,0,0,0,0,0,0,0,0,0,0,0,0,0,0,0,0,DOCS
https://github.com/ezQuake/ezquake-documentation-OBSOLETE,1,0,0,1369,4,0,4,0,193,6,1,1,5,0,391,0,0,0,7280,178433,0,0,0,2169,0,0,0,0,0,0,0,0,0,0,0,0,0,0,0,0,0,0,0,0,0,0,0,0,0,0,3991,0,0,0,0,0,0,0,0,0,0,0,0,0,0,DOCS
https://github.com/cunyjschool/Documentation-Redux-theme,2,0,0,1044,4,0,4,0,254,2,1,1,1,0,0,0,0,0,0,149716,0,0,0,0,0,0,0,0,0,0,0,0,0,0,0,0,0,0,0,0,0,0,0,0,0,0,0,0,0,0,0,0,0,0,0,0,0,0,0,0,0,0,0,0,0,DOCS
https://github.com/cog/perlbaldoc,1,1,0,320,15,0,15,0,178,1,1,1,1,0,8266,0,0,0,0,0,0,0,0,0,0,0,0,0,0,122678,0,0,0,0,0,0,0,0,0,0,0,0,0,0,0,0,0,0,0,0,0,0,0,0,0,0,0,0,0,0,0,0,0,0,0,DOCS
https://github.com/kshitij22/Documentations,1,0,0,112,1,0,1,0,2,1,1,0,1,0,0,0,75090,0,0,0,0,0,0,0,0,0,0,0,0,0,0,0,0,0,0,0,0,0,0,0,0,0,0,0,0,0,0,0,0,0,0,0,0,0,0,0,0,0,0,0,0,0,0,0,0,DOCS
https://github.com/shabble/irssi-docs,2,4,8,12189,96,0,96,0,1,1,1,1,2,0,156,0,0,0,2900,0,0,0,0,0,0,0,0,0,0,458327,0,0,0,0,0,0,0,0,0,0,0,0,0,0,0,0,0,0,0,0,0,0,0,0,0,0,0,0,0,0,0,0,0,0,0,DOCS
https://github.com/silverstripe/silverstripe-docsviewer,5,21,22,1045,19,0,19,10,309,28,1,1,4,1,1869,5439,0,0,31113,149760,0,0,0,0,0,0,0,0,0,0,0,0,0,0,0,0,0,0,0,0,0,0,0,0,0,0,0,0,0,0,0,0,0,0,0,12328,0,0,0,0,0,0,0,0,0,DOCS
https://github.com/KeyteqLabs/keysms-sdk,1,3,0,200,9,0,9,0,29,3,1,1,3,0,2168,0,6382,0,0,6918,0,0,0,0,13138,0,0,0,0,0,0,0,0,0,0,0,0,0,0,0,0,0,0,0,0,0,0,0,0,0,0,0,0,0,0,0,0,0,0,0,0,0,0,0,0,DOCS
https://github.com/diehl/Enron-GraphML-Data-Documentation,1,0,0,468,6,0,6,0,6,1,1,1,0,0,0,0,0,0,0,0,0,0,0,0,0,0,0,0,0,0,0,0,0,0,0,0,0,0,0,0,0,0,0,0,0,0,0,0,0,0,0,0,0,0,0,0,0,0,0,0,0,0,0,0,0,DOCS
https://github.com/dxw/wordpressapi,1,4,0,149,13,0,13,0,62,2,1,1,2,0,1488,0,0,0,0,0,10303,0,0,252,0,0,0,0,0,0,0,0,0,0,0,0,0,0,0,0,0,0,0,0,0,0,0,0,0,0,0,0,0,0,0,0,0,0,0,0,0,0,0,0,0,DOCS
https://github.com/restsql/restsql-sdk,1,6,2,6099,5,0,5,0,28,1,1,1,9,1,4307,690,13634,0,817,0,0,0,0,925,0,0,0,0,0,0,0,0,0,0,0,0,0,0,0,0,0,0,0,0,0,0,0,0,0,0,26572,0,0,0,0,0,0,0,0,0,0,0,0,0,0,DOCS
https://github.com/careldutoit-vox/Check-my-Box-Docs,1,0,0,320,2,0,2,0,4,1,1,1,0,0,0,0,0,0,0,0,0,0,0,0,0,0,0,0,0,0,0,0,0,0,0,0,0,0,0,0,0,0,0,0,0,0,0,0,0,0,0,0,0,0,0,0,0,0,0,0,0,0,0,0,0,DOCS
https://github.com/Kappa-Dev/KaSim,5,27,56,99137,48,0,48,4,3486,11,1,1,10,1,2546,88191,0,36276,5794,0,0,0,1108,2612,0,0,0,0,0,0,0,0,0,0,0,0,0,0,0,7454,0,0,0,0,0,0,0,0,0,0,0,0,0,3729740,0,0,0,0,0,0,0,0,0,0,0,DOCS
https://github.com/lunant/sphinxcontrib-autojs,1,4,1,19,12,0,12,0,7,4,1,1,1,0,3550,0,0,14124,0,0,0,0,0,0,0,0,0,0,0,0,0,0,0,0,0,0,0,0,0,0,0,0,0,0,0,0,0,0,0,0,0,0,0,0,0,0,0,0,0,0,0,0,0,0,0,DOCS
https://github.com/CloudMailin/docs.cloudmailin.com,1,15,0,989,23,0,23,0,117,6,1,1,4,0,623,0,0,0,6277,0,6751,0,0,0,0,0,0,0,0,0,2087,0,0,0,0,0,0,0,0,0,0,0,0,0,0,0,0,0,0,0,0,0,0,0,0,0,0,0,0,0,0,0,0,0,0,DOCS
https://github.com/jackhq/fat_free_crm_documentation,1,0,0,96,3,0,3,0,1,1,1,1,0,0,12,0,0,0,0,0,0,0,0,0,0,0,0,0,0,0,0,0,0,0,0,0,0,0,0,0,0,0,0,0,0,0,0,0,0,0,0,0,0,0,0,0,0,0,0,0,0,0,0,0,0,DOCS
https://github.com/jvc94/docs,2,2,0,5471,2,0,2,0,0,0,0,1,1,0,0,0,0,0,0,0,0,0,0,653,0,0,0,0,0,0,0,0,0,0,0,0,0,0,0,0,0,0,0,0,0,0,0,0,0,0,0,0,0,0,0,0,0,0,0,0,0,0,0,0,0,DOCS
https://github.com/ghc/ghc,159,359,0,210940,1259,0,1259,0,41264,330,1,1,26,1,5405,0,0,123743,984,0,0,81975,2694873,78498,0,39177,0,0,0,23616,0,667,0,0,0,0,20676704,0,0,0,0,0,0,0,0,0,0,0,8740,0,0,0,0,0,0,0,0,0,0,0,0,0,218,0,130127,DOCS
https://github.com/pillarone/risk-analytics-doc,1,2,0,2207,2,0,2,0,5,2,1,1,2,0,135,0,0,0,0,0,0,0,0,0,0,0,0,0,0,0,0,0,0,0,0,0,0,0,0,1456,0,18429,0,0,0,0,0,0,0,0,0,0,0,0,0,0,0,0,0,0,0,0,0,0,0,DOCS
https://github.com/jamoma/JamomaDoc,3,2,5,15067,6,0,6,0,325,6,1,1,6,0,2407,0,0,0,12939,0,18882,2514,0,0,0,0,0,0,0,0,0,0,0,0,0,0,0,0,0,0,0,0,0,0,0,0,0,0,0,0,65376,0,0,0,0,0,0,0,0,0,0,0,0,0,0,DOCS
https://github.com/kroger/csound-docs,1,2,0,49032,12,0,12,0,0,0,1,1,7,0,0,96408,209700,1157,0,0,0,0,361094,0,0,0,0,0,0,22471,0,0,0,0,0,0,0,0,0,0,0,0,0,0,0,0,5022,0,0,0,0,0,0,0,0,0,0,3727,0,0,0,0,0,0,0,DOCS
https://github.com/murraypicton/Doqumentor,1,2,2,123,12,0,12,0,12,1,1,1,2,1,751,1860,0,0,0,16731,0,0,0,0,0,0,0,0,0,0,0,0,0,0,0,0,0,0,0,0,0,0,0,0,0,0,0,0,0,0,0,0,0,0,0,0,0,0,0,0,0,0,0,0,0,DOCS
https://github.com/MobileRDANutritionAppforIndianFood/DocumentationonRDA,0,0,0,48,1,0,1,0,0,0,1,1,0,0,0,0,0,0,0,0,0,0,0,0,0,0,0,0,0,0,0,0,0,0,0,0,0,0,0,0,0,0,0,0,0,0,0,0,0,0,0,0,0,0,0,0,0,0,0,0,0,0,0,0,0,DOCS
https://github.com/fdomig/RoadrunnerDoc,1,3,0,5373,2,0,2,0,61,3,1,1,0,0,88,0,0,0,0,0,0,0,0,0,0,0,0,0,0,0,0,0,0,0,0,0,0,0,0,0,0,0,0,0,0,0,0,0,0,0,0,0,0,0,0,0,0,0,0,0,0,0,0,0,0,DOCS
https://github.com/akshar100/eyantra-firebird-resources,1,24,0,88614,11,0,11,0,7,1,1,1,4,0,0,0,0,0,0,0,0,15073,526776,0,0,0,0,0,0,0,0,0,0,0,0,0,0,0,0,0,0,0,0,0,0,0,0,0,208404,0,0,0,0,0,43502,0,0,0,0,0,0,0,0,0,0,DOCS
https://github.com/nschum/doc-mode,1,4,0,124,4,0,4,0,48,1,1,1,1,0,0,0,0,0,0,0,0,0,0,0,0,0,0,0,0,0,0,0,0,0,0,0,0,0,0,0,0,0,0,0,0,0,0,0,0,0,0,0,0,0,0,0,0,0,0,0,0,0,0,0,0,DOCS
https://github.com/nmathewson/mixminion-doc,1,6,0,688,6,0,6,0,190,1,1,1,0,0,0,0,0,0,0,0,0,0,0,0,0,0,0,0,0,0,0,0,0,0,0,0,0,0,0,0,0,0,0,0,0,0,0,0,0,0,0,0,0,0,0,0,0,0,0,0,0,0,0,0,0,DOCS
https://github.com/MefContrib/MefContrib-Documentation,0,0,0,48,2,0,2,0,0,0,1,1,0,0,0,0,0,0,0,0,0,0,0,0,0,0,0,0,0,0,0,0,0,0,0,0,0,0,0,0,0,0,0,0,0,0,0,0,0,0,0,0,0,0,0,0,0,0,0,0,0,0,0,0,0,DOCS
https://github.com/Bloomberg-Beta/Manual,12,126,0,355,583,0,583,0,234,19,1,1,0,0,4507,0,0,0,0,0,0,0,0,0,0,0,0,0,0,0,0,0,0,0,0,0,0,0,0,0,0,0,0,0,0,0,0,0,0,0,0,0,0,0,0,0,0,0,0,0,0,0,0,0,0,DOCS
https://github.com/mixxxdj/manual,5,13,18,16264,5,0,5,3,610,13,1,1,4,0,8192,0,0,11133,0,0,0,0,0,0,0,0,0,0,0,0,0,0,0,0,0,0,0,0,0,0,0,0,0,0,0,0,0,0,0,0,0,0,0,0,0,0,0,0,0,0,0,0,0,0,0,DOCS
https://github.com/cfpb/design-manual,2,56,111,34791,73,0,73,0,780,30,1,1,5,1,12255,308494,0,0,408745,0,3142,0,0,1135,0,0,0,0,0,0,0,0,0,0,0,0,0,0,0,0,0,0,0,0,0,0,0,0,0,0,0,0,0,0,0,0,0,0,0,0,0,0,0,0,0,DOCS
https://github.com/gasche/manual-ocamlbuild,1,18,14,318,69,0,69,0,82,8,1,1,0,1,400,0,0,0,0,0,0,0,0,0,0,0,0,0,0,0,0,0,0,0,0,0,0,0,0,0,0,0,0,0,0,0,0,0,0,0,0,0,0,0,0,0,0,0,0,0,0,0,0,0,0,DOCS
https://github.com/fsmk/CS-VTU-Lab-Manual,3,115,13,22529,21,0,21,0,372,29,1,1,12,1,1703,0,0,0,575,7214,2256,148855,298200,2006,0,0,0,0,0,5342,0,167745,0,0,0,0,0,0,0,0,0,0,0,0,0,0,0,0,0,0,1552,0,0,0,0,0,0,0,0,0,0,0,0,0,0,DOCS
https://github.com/edXPDRLab/manuals,3,12,0,46221,9,0,9,0,273,5,1,0,2,1,417,0,0,45829,0,0,0,0,0,1964,0,0,0,0,0,0,0,0,0,0,0,0,0,0,0,0,0,0,0,0,0,0,0,0,0,0,0,0,0,0,0,0,0,0,0,0,0,0,0,0,0,DOCS
https://github.com/tomaszsita/wp-manual-image-crop,2,39,37,449,53,0,53,0,55,11,1,1,3,0,3503,18573,0,0,1305,34131,0,0,0,0,0,0,0,0,0,0,0,0,0,0,0,0,0,0,0,0,0,0,0,0,0,0,0,0,0,0,0,0,0,0,0,0,0,0,0,0,0,0,0,0,0,DOCS
https://github.com/diguage/manual56,1,7,0,3404,3,0,3,0,1345,42,1,1,0,0,1622,0,0,0,0,0,0,0,0,0,0,0,0,0,0,0,0,0,0,0,0,0,0,0,0,0,0,0,0,0,0,0,0,0,0,0,0,0,0,0,0,0,0,0,0,0,0,0,0,0,0,DOCS
https://github.com/trepmag/ds213j-optware-bootstrap,1,21,2,123,84,0,84,0,5,1,1,1,0,0,2688,0,0,0,0,0,0,0,0,0,0,0,0,0,0,0,0,0,0,0,0,0,0,0,0,0,0,0,0,0,0,0,0,0,0,0,0,0,0,0,0,0,0,0,0,0,0,0,0,0,0,DOCS
https://github.com/brettonw/iOS-ManualCamera,1,5,4,4332,29,0,29,0,28,1,1,1,5,0,1239,0,0,0,0,0,0,419,961,1144,0,35129,0,0,0,0,0,0,0,0,0,0,0,0,0,1376,0,0,0,0,0,0,0,0,0,0,0,0,0,0,0,0,0,0,0,0,0,0,0,0,0,DOCS
https://github.com/sawmac/js3e,2,64,3,3998,59,0,59,0,41,1,1,1,4,0,0,4693,0,0,48642,279,0,0,0,0,0,0,0,0,0,0,0,0,0,0,0,0,0,0,0,0,0,0,0,0,0,0,0,0,0,0,0,0,0,0,0,0,0,0,0,0,0,0,0,0,0,DOCS
https://github.com/alexbers/manual-tls,1,4,0,86,13,0,13,0,6,1,1,1,1,1,4883,0,0,17671,0,0,0,0,0,0,0,0,0,0,0,0,0,0,0,0,0,0,0,0,0,0,0,0,0,0,0,0,0,0,0,0,0,0,0,0,0,0,0,0,0,0,0,0,0,0,0,DOCS
https://github.com/fsmk/MCA-VTU-Lab-Manual,1,17,1,604,3,0,3,0,53,8,1,1,3,1,1461,0,25040,0,0,0,0,37513,54262,0,0,0,0,0,0,0,0,0,0,0,0,0,0,0,0,0,0,0,0,0,0,0,0,0,0,0,0,0,0,0,0,0,0,0,0,0,0,0,0,0,0,DOCS
https://github.com/fuyuanli/nextvod-linux-manual,1,8,0,53605,8,0,8,0,133,7,1,0,0,0,733,0,0,0,0,0,0,0,0,0,0,0,0,0,0,0,0,0,0,0,0,0,0,0,0,0,0,0,0,0,0,0,0,0,0,0,0,0,0,0,0,0,0,0,0,0,0,0,0,0,0,DOCS
https://github.com/fsmk/IS-VTU-Lab-Manual,1,14,0,269,2,0,2,0,7,2,1,1,2,0,1888,0,0,0,0,0,0,39002,17432,0,0,0,0,0,0,0,0,0,0,0,0,0,0,0,0,0,0,0,0,0,0,0,0,0,0,0,0,0,0,0,0,0,0,0,0,0,0,0,0,0,0,DOCS
https://github.com/alphagov/manuals-publisher,54,11,5,6030,4,0,4,0,1854,60,1,1,6,1,3788,6248,0,0,9495,0,383055,0,0,3461,0,0,0,0,0,0,0,0,0,0,0,0,0,0,0,0,0,0,0,0,0,0,0,0,0,0,0,0,0,0,0,0,0,0,0,0,0,0,0,0,0,DOCS
https://github.com/er1/s228,1,17,1,3749,3,0,3,0,94,12,1,1,3,0,37937,0,0,0,0,0,0,0,0,0,0,0,0,0,0,0,0,0,0,0,0,0,0,0,0,0,864,0,0,0,0,0,0,0,3034,0,0,0,0,0,0,0,0,0,0,0,0,0,0,0,0,DOCS
https://github.com/jaromil/manuals,1,4,0,1076,0,0,0,0,26,1,1,1,6,1,169,2130,0,0,2662,0,0,0,0,3709,0,0,0,0,0,18623,0,0,0,0,0,0,0,0,0,0,0,0,0,0,0,0,0,0,0,0,0,0,0,0,0,0,0,0,0,0,0,0,0,0,0,DOCS
https://github.com/joshbode/manual,1,0,0,112,0,0,0,0,0,0,1,0,2,0,0,4721,0,0,2199,0,0,0,0,0,0,0,0,0,0,0,0,0,0,0,0,0,0,0,0,0,0,0,0,0,0,0,0,0,0,0,0,0,0,0,0,0,0,0,0,0,0,0,0,0,0,DOCS
https://github.com/smuchka/manual,1,0,0,104,0,0,0,0,1,1,1,0,0,0,0,0,0,0,0,0,0,0,0,0,0,0,0,0,0,0,0,0,0,0,0,0,0,0,0,0,0,0,0,0,0,0,0,0,0,0,0,0,0,0,0,0,0,0,0,0,0,0,0,0,0,DOCS
https://github.com/hiramwong/manual,1,0,0,0,0,0,0,0,1,1,1,1,0,0,68,0,0,0,0,0,0,0,0,0,0,0,0,0,0,0,0,0,0,0,0,0,0,0,0,0,0,0,0,0,0,0,0,0,0,0,0,0,0,0,0,0,0,0,0,0,0,0,0,0,0,DOCS
https://github.com/web2project/manual,1,0,0,256,0,0,0,0,30,1,1,1,0,0,0,0,0,0,0,0,0,0,0,0,0,0,0,0,0,0,0,0,0,0,0,0,0,0,0,0,0,0,0,0,0,0,0,0,0,0,0,0,0,0,0,0,0,0,0,0,0,0,0,0,0,DOCS
https://github.com/emmatta/manual,2,1,0,152,0,0,0,0,14,2,1,1,1,0,0,0,0,0,1751,0,0,0,0,0,0,0,0,0,0,0,0,0,0,0,0,0,0,0,0,0,0,0,0,0,0,0,0,0,0,0,0,0,0,0,0,0,0,0,0,0,0,0,0,0,0,DOCS
https://github.com/vipzrx/manual,1,0,0,100,0,0,0,0,1,1,1,0,0,0,0,0,0,0,0,0,0,0,0,0,0,0,0,0,0,0,0,0,0,0,0,0,0,0,0,0,0,0,0,0,0,0,0,0,0,0,0,0,0,0,0,0,0,0,0,0,0,0,0,0,0,DOCS
https://github.com/DoSyMeP/Manual,1,1,0,123,0,0,0,0,19,1,1,1,0,0,5199,0,0,0,0,0,0,0,0,0,0,0,0,0,0,0,0,0,0,0,0,0,0,0,0,0,0,0,0,0,0,0,0,0,0,0,0,0,0,0,0,0,0,0,0,0,0,0,0,0,0,DOCS
https://github.com/Wordclock/manual,1,0,0,308,1,0,1,0,10,1,1,1,3,0,816,0,0,0,0,0,0,0,0,251,0,0,0,0,0,4629,0,28183,0,0,0,0,0,0,0,0,0,0,0,0,0,0,0,0,0,0,0,0,0,0,0,0,0,0,0,0,0,0,0,0,0,DOCS
https://github.com/xenframework/manual,1,0,0,260,1,0,1,0,5,1,1,1,3,1,35,54587,0,9537,16424,0,0,0,0,0,0,0,0,0,0,0,0,0,0,0,0,0,0,0,0,0,0,0,0,0,0,0,0,0,0,0,0,0,0,0,0,0,0,0,0,0,0,0,0,0,0,DOCS
https://github.com/lpmd/manual,1,0,0,5504,0,0,0,0,0,0,1,1,0,0,0,0,0,0,0,0,0,0,0,0,0,0,0,0,0,0,0,0,0,0,0,0,0,0,0,0,0,0,0,0,0,0,0,0,0,0,0,0,0,0,0,0,0,0,0,0,0,0,0,0,0,DOCS
https://github.com/growthhuman/manual,1,0,0,268,0,0,0,0,3,1,1,0,0,0,0,0,0,0,0,0,0,0,0,0,0,0,0,0,0,0,0,0,0,0,0,0,0,0,0,0,0,0,0,0,0,0,0,0,0,0,0,0,0,0,0,0,0,0,0,0,0,0,0,0,0,DOCS
https://github.com/poojitha-k/manual,1,0,0,128,0,0,0,0,2,2,1,1,0,0,0,0,0,0,0,0,0,0,0,0,0,0,0,0,0,0,0,0,0,0,0,0,0,0,0,0,0,0,0,0,0,0,0,0,0,0,0,0,0,0,0,0,0,0,0,0,0,0,0,0,0,DOCS
https://github.com/RicardoAndresSotoOlmos/manual,0,0,0,0,0,0,0,0,0,0,1,1,0,0,0,0,0,0,0,0,0,0,0,0,0,0,0,0,0,0,0,0,0,0,0,0,0,0,0,0,0,0,0,0,0,0,0,0,0,0,0,0,0,0,0,0,0,0,0,0,0,0,0,0,0,DOCS
https://github.com/energysistem/Manual,1,0,0,324,0,0,0,0,5,1,1,1,2,0,0,0,3508,0,0,0,0,0,0,0,0,0,0,0,0,0,0,0,0,0,0,0,0,0,0,0,0,745,0,0,0,0,0,0,0,0,0,0,0,0,0,0,0,0,0,0,0,0,0,0,0,DOCS
https://github.com/talavishay/manual,1,0,0,3660,0,0,0,0,0,0,1,1,3,0,0,1608,0,0,975,402,0,0,0,0,0,0,0,0,0,0,0,0,0,0,0,0,0,0,0,0,0,0,0,0,0,0,0,0,0,0,0,0,0,0,0,0,0,0,0,0,0,0,0,0,0,DOCS
https://github.com/rcnow/manual,1,0,7,460,0,0,0,0,9,1,1,0,1,0,0,0,0,0,7580,0,0,0,0,0,0,0,0,0,0,0,0,0,0,0,0,0,0,0,0,0,0,0,0,0,0,0,0,0,0,0,0,0,0,0,0,0,0,0,0,0,0,0,0,0,0,DOCS
https://github.com/MxUpdate/Manual,1,1,0,6340,0,0,0,5,186,1,1,1,0,1,1000,0,0,0,0,0,0,0,0,0,0,0,0,0,0,0,0,0,0,0,0,0,0,0,0,0,0,0,0,0,0,0,0,0,0,0,0,0,0,0,0,0,0,0,0,0,0,0,0,0,0,DOCS
https://github.com/thephpleague/omnipay-manual,1,5,0,19,2,0,2,4,29,4,1,1,2,1,1859,0,0,0,0,5089,0,0,0,4482,0,0,0,0,0,0,0,0,0,0,0,0,0,0,0,0,0,0,0,0,0,0,0,0,0,0,0,0,0,0,0,0,0,0,0,0,0,0,0,0,0,DOCS
https://github.com/guilhermehifi/manual,1,0,0,104,0,0,0,0,1,1,1,0,0,0,14,0,0,0,0,0,0,0,0,0,0,0,0,0,0,0,0,0,0,0,0,0,0,0,0,0,0,0,0,0,0,0,0,0,0,0,0,0,0,0,0,0,0,0,0,0,0,0,0,0,0,DOCS
https://github.com/Dybira/Manual,0,0,0,56,0,0,0,0,0,0,1,0,0,0,0,0,0,0,0,0,0,0,0,0,0,0,0,0,0,0,0,0,0,0,0,0,0,0,0,0,0,0,0,0,0,0,0,0,0,0,0,0,0,0,0,0,0,0,0,0,0,0,0,0,0,DOCS
https://github.com/beaglebackup/ManUal,1,0,0,980,0,0,0,0,2,1,1,1,4,0,0,0,0,0,0,0,35,0,2713,3416,0,53629,0,0,0,0,0,0,0,0,0,0,0,0,0,0,0,0,0,0,0,0,0,0,0,0,0,0,0,0,0,0,0,0,0,0,0,0,0,0,0,DOCS
https://github.com/Lorenzo1407/Manual,0,0,0,0,0,0,0,0,0,0,1,1,0,0,0,0,0,0,0,0,0,0,0,0,0,0,0,0,0,0,0,0,0,0,0,0,0,0,0,0,0,0,0,0,0,0,0,0,0,0,0,0,0,0,0,0,0,0,0,0,0,0,0,0,0,DOCS
https://github.com/tmpfs/manual,2,0,0,19,0,0,0,0,26,1,1,1,1,1,3397,7686,0,0,0,0,0,0,0,0,0,0,0,0,0,0,0,0,0,0,0,0,0,0,0,0,0,0,0,0,0,0,0,0,0,0,0,0,0,0,0,0,0,0,0,0,0,0,0,0,0,DOCS
https://github.com/qinyuan/manual,1,0,0,492,0,0,0,0,10,1,1,0,3,0,0,404744,0,0,104205,0,0,0,0,71,0,0,0,0,0,0,0,0,0,0,0,0,0,0,0,0,0,0,0,0,0,0,0,0,0,0,0,0,0,0,0,0,0,0,0,0,0,0,0,0,0,DOCS
https://github.com/Navimark/PagedScrollView,1,34,5,366,168,0,168,0,13,1,1,1,2,1,353,0,0,0,0,0,5921,0,0,0,0,22871,0,0,0,0,0,0,0,0,0,0,0,0,0,0,0,0,0,0,0,0,0,0,0,0,0,0,0,0,0,0,0,0,0,0,0,0,0,0,0,DOCS
https://github.com/dalgibbard/citrix_xenserver_patcher,2,35,6,87,109,0,109,0,82,7,1,1,1,1,4286,0,0,38662,0,0,0,0,0,0,0,0,0,0,0,0,0,0,0,0,0,0,0,0,0,0,0,0,0,0,0,0,0,0,0,0,0,0,0,0,0,0,0,0,0,0,0,0,0,0,0,DOCS
https://github.com/skorasaurus/carto-manual,2,2,8,484,11,0,11,0,52,3,1,1,1,0,1567,0,0,0,0,0,0,0,0,0,0,0,0,0,0,0,0,0,0,0,0,0,0,0,0,0,0,0,0,0,0,0,0,0,0,0,0,0,0,0,0,0,0,0,0,0,0,0,0,0,0,DOCS
https://github.com/softcover/softcover_book,6,12,0,21651,21,0,21,0,295,8,1,1,3,0,0,0,0,0,722,0,73,0,0,0,0,0,0,0,0,0,0,64221,0,0,0,0,0,0,0,0,0,0,0,0,0,0,0,0,0,0,0,0,0,0,0,0,0,0,0,0,0,0,0,0,0,DOCS
https://github.com/supertest/webdriver_manual,1,4,0,260,1,0,1,0,11,1,1,1,2,0,2787,0,202,56,0,0,0,0,0,0,0,0,0,0,0,0,0,0,0,0,0,0,0,0,0,0,0,0,0,0,0,0,0,0,0,0,0,0,0,0,0,0,0,0,0,0,0,0,0,0,0,DOCS
https://github.com/hjue/php-manual-mac,1,2,2,42257,11,0,11,0,10,1,1,1,0,0,916,0,0,0,0,0,0,0,0,0,0,0,0,0,0,0,0,0,0,0,0,0,0,0,0,0,0,0,0,0,0,0,0,0,0,0,0,0,0,0,0,0,0,0,0,0,0,0,0,0,0,DOCS
https://github.com/redpen-cc/redpen-doc,3,9,4,709,1,0,1,1,236,6,1,1,2,1,662,0,0,0,37685,0,0,0,0,0,0,0,0,0,0,0,0,0,0,0,0,0,0,0,0,0,0,0,0,0,0,0,0,0,0,0,0,0,0,0,0,0,0,0,0,0,0,0,0,0,0,DOCS
https://github.com/nathanford/kerningpairs,1,4,0,136,63,0,63,0,0,0,1,1,1,0,1448,5962,0,0,0,0,0,0,0,0,0,0,0,0,0,0,0,0,0,0,0,0,0,0,0,0,0,0,0,0,0,0,0,0,0,0,0,0,0,0,0,0,0,0,0,0,0,0,0,0,0,DOCS
https://github.com/shreyaspotnis/manualdaq,1,2,0,168,0,0,0,0,13,1,1,1,2,1,160,0,0,6690,0,0,0,0,0,0,0,0,0,0,0,0,0,0,0,0,0,0,0,0,0,0,0,0,0,0,33,0,0,0,0,0,0,0,0,0,0,0,0,0,0,0,0,0,0,0,0,DOCS
https://github.com/pcav/sextante-manual,4,3,0,15665,0,0,0,0,9,1,1,0,2,0,32,0,0,7799,0,0,0,0,0,5119,0,0,0,0,0,0,0,0,0,0,0,0,0,0,0,0,0,0,0,0,0,0,0,0,0,0,0,0,0,0,0,0,0,0,0,0,0,0,0,0,0,DOCS
https://github.com/okfn/opsmanual,6,8,5,1229,9,0,9,0,231,9,1,1,2,0,128,0,0,11161,0,0,0,0,0,0,0,0,0,0,0,0,0,0,0,0,0,0,0,0,0,0,0,0,0,0,0,0,0,0,0,0,0,0,0,0,0,0,0,0,0,0,0,0,0,0,0,DOCS
https://github.com/osmcode/libosmium-manual,1,2,2,93,2,0,2,0,42,3,1,1,6,0,1667,0,0,0,1394,0,0,111,0,0,0,0,0,0,0,0,0,0,0,0,0,0,0,0,0,0,0,0,0,0,0,0,0,0,0,0,522,0,0,0,0,0,0,0,0,0,0,0,0,0,0,DOCS
https://github.com/kapilt/juju-digitalocean,2,17,5,115,96,0,96,1,81,7,1,1,1,0,7955,0,0,67190,0,0,0,0,0,0,0,0,0,0,0,0,0,0,0,0,0,0,0,0,0,0,0,0,0,0,0,0,0,0,0,0,0,0,0,0,0,0,0,0,0,0,0,0,0,0,0,DOCS
https://github.com/gphoto/gphoto2-manual,2,4,0,1039,1,0,1,0,426,4,1,1,4,0,1544,0,0,0,11506,0,0,0,0,2083,0,0,0,0,0,0,0,0,0,0,0,0,0,0,0,0,0,0,0,0,0,0,0,0,0,0,6312,0,0,0,0,0,0,0,0,0,0,0,0,0,0,DOCS
https://github.com/jszumski/auto-layout-table-cells,1,13,2,280,87,0,87,0,3,1,1,1,1,0,981,0,0,0,0,0,0,0,0,0,0,42515,0,0,0,0,0,0,0,0,0,0,0,0,0,0,0,0,0,0,0,0,0,0,0,0,0,0,0,0,0,0,0,0,0,0,0,0,0,0,0,DOCS
https://github.com/cloudcube/docker-manual-chinese,2,2,0,1868,4,0,4,0,4,1,1,1,0,1,721,0,0,0,0,0,0,0,0,0,0,0,0,0,0,0,0,0,0,0,0,0,0,0,0,0,0,0,0,0,0,0,0,0,0,0,0,0,0,0,0,0,0,0,0,0,0,0,0,0,0,DOCS
https://github.com/leverdeterre/LanguagesManager,1,12,3,177,68,0,68,6,46,5,1,1,2,1,1683,0,0,0,0,0,667,0,0,0,0,13912,0,0,0,0,0,0,0,0,0,0,0,0,0,0,0,0,0,0,0,0,0,0,0,0,0,0,0,0,0,0,0,0,0,0,0,0,0,0,0,DOCS
https://github.com/xpressengine/xe-manual-api,2,2,0,123314,3,0,3,0,4,2,1,0,0,0,0,0,0,0,0,0,0,0,0,0,0,0,0,0,0,0,0,0,0,0,0,0,0,0,0,0,0,0,0,0,0,0,0,0,0,0,0,0,0,0,0,0,0,0,0,0,0,0,0,0,0,DOCS
https://github.com/twneale/lens-manual,3,2,0,84,0,0,0,0,11,1,1,1,0,0,237,0,0,0,0,0,0,0,0,0,0,0,0,0,0,0,0,0,0,0,0,0,0,0,0,0,0,0,0,0,0,0,0,0,0,0,0,0,0,0,0,0,0,0,0,0,0,0,0,0,0,DOCS
https://github.com/titilambert/shinken-manual,1,2,0,2704,0,0,0,0,9,1,1,0,2,0,0,0,0,9300,0,0,0,0,0,5107,0,0,0,0,0,0,0,0,0,0,0,0,0,0,0,0,0,0,0,0,0,0,0,0,0,0,0,0,0,0,0,0,0,0,0,0,0,0,0,0,0,DOCS
https://github.com/Wilfred/python-info,1,6,5,5954,16,0,16,0,35,3,1,1,2,1,824,0,0,0,0,0,0,0,0,0,0,0,0,0,0,0,0,0,0,0,0,0,0,0,0,0,0,0,0,0,0,0,0,0,0,0,0,0,0,0,0,0,0,0,0,0,0,0,0,0,0,DOCS
https://github.com/emacs-jp/emacs-manual-ja,1,1,0,2704,9,0,9,0,3,1,1,1,0,1,376,0,0,0,0,0,0,0,0,0,0,0,0,0,0,0,0,0,0,0,0,0,0,0,0,0,0,0,0,0,0,0,0,0,0,0,0,0,0,0,0,0,0,0,0,0,0,0,0,0,0,DOCS
https://github.com/emacs-jp/elisp-manual-ja,1,0,0,1700,9,0,9,0,15,1,1,1,1,1,411,0,0,0,0,0,0,0,0,0,0,0,0,0,0,0,0,325892,0,0,0,0,0,0,0,0,0,0,0,0,0,0,0,0,0,0,0,0,0,0,0,0,0,0,0,0,0,0,0,0,0,DOCS
https://github.com/ilyakava/ISL,1,10,0,618,11,0,11,0,17,1,1,1,2,0,457,0,0,0,0,0,0,0,0,61,0,0,24733,0,0,0,0,0,0,0,0,0,0,0,0,0,0,0,0,0,0,0,0,0,0,0,0,0,0,0,0,0,0,0,0,0,0,0,0,0,0,DOCS
https://github.com/llegoff/Slic3r-Manual-FR,1,2,0,23621,2,0,2,0,37,2,1,1,4,1,357,0,0,0,5112,0,0,0,0,1101,0,0,0,0,0,4684,0,149845,0,0,0,0,0,0,0,0,0,0,0,0,0,0,0,0,0,0,0,0,0,0,0,0,0,0,0,0,0,0,0,0,0,DOCS
https://github.com/wynemo/man,1,0,0,44,0,0,0,0,36,1,1,1,3,0,35,0,0,8904,0,0,0,0,0,0,0,0,0,0,0,0,0,0,0,0,0,0,0,0,0,0,0,0,0,0,0,0,0,0,0,0,0,0,0,0,0,0,0,0,0,0,0,0,0,0,0,DOCS
https://github.com/sozialhelden/poichecker,2,3,3,941,13,0,13,0,441,2,1,1,5,1,1728,27518,0,0,7118,0,205045,0,0,0,0,0,0,0,0,0,7533,0,0,0,0,0,0,0,0,0,0,0,0,0,0,0,0,0,0,0,0,0,0,0,0,0,0,0,0,0,0,0,0,0,0,DOCS
https://github.com/AlchemyCMS/alchemy-usermanual,2,5,0,55,4,0,4,0,31,3,1,1,5,1,2539,599,0,0,10933,0,47656,0,0,0,0,0,0,0,0,0,320,0,0,0,0,0,0,0,0,0,0,0,0,0,0,0,0,0,0,0,0,0,0,0,0,0,0,0,0,0,0,0,0,0,0,DOCS
https://github.com/Collosteam/docs,1,0,0,136,0,0,0,0,5,1,1,1,1,0,19,0,734,0,0,0,0,0,0,0,0,0,0,0,0,0,0,0,0,0,0,0,0,0,0,0,0,0,0,0,0,0,0,0,0,0,0,0,0,0,0,0,0,0,0,0,0,0,0,0,0,DOCS
https://github.com/Yarkhan/manual-dos-manos,1,2,0,112,0,0,0,0,10,3,1,1,3,1,1070,1468,0,0,1062,2373,0,0,0,0,0,0,0,0,0,0,0,0,0,0,0,0,0,0,0,0,0,0,0,0,0,0,0,0,0,0,0,0,0,0,0,0,0,0,0,0,0,0,0,0,0,DOCS
https://github.com/aleph1888/manual_edd_wp_plugin,1,2,0,216,0,0,0,0,0,0,1,1,1,1,1526,0,0,0,0,11905,0,0,0,0,0,0,0,0,0,0,0,0,0,0,0,0,0,0,0,0,0,0,0,0,0,0,0,0,0,0,0,0,0,0,0,0,0,0,0,0,0,0,0,0,0,DOCS
https://github.com/IMAGINARY/Entdeckerbox-VirtualBox-Manual,1,2,1,7858,1,0,1,0,11,2,1,1,1,0,0,0,0,0,0,0,0,0,0,0,0,0,0,0,0,0,0,22286,0,0,0,0,0,0,0,0,0,0,0,0,0,0,0,0,0,0,0,0,0,0,0,0,0,0,0,0,0,0,0,0,0,DOCS
https://github.com/aoloe/libregraphics-manual-scribus,1,2,0,3111,0,0,0,0,11,1,1,1,1,0,100,0,0,0,0,0,0,0,0,105,0,0,0,0,0,0,0,0,0,0,0,0,0,0,0,0,0,0,0,0,0,0,0,0,0,0,0,0,0,0,0,0,0,0,0,0,0,0,0,0,0,DOCS
https://github.com/HuayraLinux/huayra-visor-manual,1,2,0,15215,0,0,0,0,146,6,1,1,6,0,510,51122,0,9469,9923,0,0,0,0,1104,0,0,0,0,0,0,0,0,0,0,0,0,0,0,0,0,0,0,0,0,0,0,0,0,0,0,0,0,0,0,0,0,0,0,0,0,0,0,0,0,0,DOCS
https://github.com/fiqus/git_manual,1,1,0,784,2,0,2,0,7,1,1,1,1,0,294,0,0,0,4611,0,0,0,0,0,0,0,0,0,0,0,0,0,0,0,0,0,0,0,0,0,0,0,0,0,0,0,0,0,0,0,0,0,0,0,0,0,0,0,0,0,0,0,0,0,0,DOCS
https://github.com/AmazeeLabs/manualcrop,4,0,0,364,0,0,0,0,2,2,0,0,3,1,0,24069,0,0,4452,38792,0,0,0,0,0,0,0,0,0,0,0,0,0,0,0,0,0,0,0,0,0,0,0,0,0,0,0,0,0,0,0,0,0,0,0,0,0,0,0,0,0,0,0,0,0,DOCS
https://github.com/CyberPingU/Manuale,1,0,0,104,0,0,0,0,1,1,1,1,0,1,31,0,0,0,0,0,0,0,0,0,0,0,0,0,0,0,0,0,0,0,0,0,0,0,0,0,0,0,0,0,0,0,0,0,0,0,0,0,0,0,0,0,0,0,0,0,0,0,0,0,0,DOCS
https://github.com/RicardoAndresSotoOlmos/manuales,1,0,0,0,0,0,0,0,1,1,1,1,0,0,38,0,0,0,0,0,0,0,0,0,0,0,0,0,0,0,0,0,0,0,0,0,0,0,0,0,0,0,0,0,0,0,0,0,0,0,0,0,0,0,0,0,0,0,0,0,0,0,0,0,0,DOCS
https://github.com/hobopanda/Manuals,1,0,0,17484,0,0,0,0,2,1,1,1,0,0,80,0,0,0,0,0,0,0,0,0,0,0,0,0,0,0,0,0,0,0,0,0,0,0,0,0,0,0,0,0,0,0,0,0,0,0,0,0,0,0,0,0,0,0,0,0,0,0,0,0,0,DOCS
https://github.com/stefangillsbro/Manualer,0,0,0,56,0,0,0,0,0,0,1,0,0,0,0,0,0,0,0,0,0,0,0,0,0,0,0,0,0,0,0,0,0,0,0,0,0,0,0,0,0,0,0,0,0,0,0,0,0,0,0,0,0,0,0,0,0,0,0,0,0,0,0,0,0,DOCS
https://github.com/seanlon11/manualsampleapp,2,0,0,360,0,0,0,0,7,1,1,1,4,0,184,302525,0,0,3483,0,18405,0,0,0,0,0,0,0,0,0,211,0,0,0,0,0,0,0,0,0,0,0,0,0,0,0,0,0,0,0,0,0,0,0,0,0,0,0,0,0,0,0,0,0,0,DOCS
https://github.com/siftd106/manuals,1,0,0,116,0,0,0,0,0,0,1,0,3,0,478,664,0,0,546,0,14666,0,0,0,0,0,0,0,0,0,0,0,0,0,0,0,0,0,0,0,0,0,0,0,0,0,0,0,0,0,0,0,0,0,0,0,0,0,0,0,0,0,0,0,0,DOCS
https://github.com/th3m4dm4n/manualtiling,1,0,0,2044,0,0,0,0,9,1,1,1,0,0,694,0,0,0,0,0,0,0,0,0,0,0,0,0,0,0,0,0,0,0,0,0,0,0,0,0,0,0,0,0,0,0,0,0,0,0,0,0,0,0,0,0,0,0,0,0,0,0,0,0,0,DOCS
https://github.com/ezgo-dev/manuals,1,1,1,176,1,0,1,0,2,1,1,1,0,0,36,0,0,0,0,0,0,0,0,0,0,0,0,0,0,0,0,0,0,0,0,0,0,0,0,0,0,0,0,0,0,0,0,0,0,0,0,0,0,0,0,0,0,0,0,0,0,0,0,0,0,DOCS
https://github.com/rishabh-robocon/manualcode,0,0,0,56,0,0,0,0,0,0,1,1,0,0,0,0,0,0,0,0,0,0,0,0,0,0,0,0,0,0,0,0,0,0,0,0,0,0,0,0,0,0,0,0,0,0,0,0,0,0,0,0,0,0,0,0,0,0,0,0,0,0,0,0,0,DOCS
https://github.com/jmmartinnu/Manuales,1,0,0,6780,0,0,0,0,0,0,1,0,0,0,0,0,0,0,0,0,0,0,0,0,0,0,0,0,0,0,0,0,0,0,0,0,0,0,0,0,0,0,0,0,0,0,0,0,0,0,0,0,0,0,0,0,0,0,0,0,0,0,0,0,0,DOCS
https://github.com/UTAustinSPS/manuals,1,0,0,11304,0,0,0,0,14,3,1,0,1,0,271,0,0,0,0,0,0,0,0,0,0,0,0,0,0,0,0,163266,0,0,0,0,0,0,0,0,0,0,0,0,0,0,0,0,0,0,0,0,0,0,0,0,0,0,0,0,0,0,0,0,0,DOCS
https://github.com/linuxlite/litemanual,2,4,0,42423,0,0,0,0,104,5,1,1,4,1,643,16877,0,0,37929,0,0,0,0,237,0,0,0,0,0,0,0,0,0,0,0,0,0,0,0,0,0,0,0,0,0,0,0,0,0,0,0,0,0,0,0,0,0,0,0,0,0,0,0,0,0,DOCS
https://github.com/coolriver/RDMA_Aware_Programming-CN,1,8,0,2080,5,0,5,0,53,1,1,1,0,0,111,0,0,0,0,0,0,0,0,0,0,0,0,0,0,0,0,0,0,0,0,0,0,0,0,0,0,0,0,0,0,0,0,0,0,0,0,0,0,0,0,0,0,0,0,0,0,0,0,0,0,DOCS
https://github.com/ledger123/isna-user-manual,1,1,1,36856,3,0,3,0,33,1,1,1,1,0,105,0,0,0,0,0,0,0,0,0,0,0,0,0,0,0,0,72356,0,0,0,0,0,0,0,0,0,0,0,0,0,0,0,0,0,0,0,0,0,0,0,0,0,0,0,0,0,0,0,0,0,DOCS
https://github.com/mkuettler/cups-manual-duplex-wrapper,2,0,0,200,3,0,3,0,7,1,1,1,1,1,2374,0,0,0,0,0,0,0,20314,0,0,0,0,0,0,0,0,0,0,0,0,0,0,0,0,0,0,0,0,0,0,0,0,0,0,0,0,0,0,0,0,0,0,0,0,0,0,0,0,0,0,DOCS
https://github.com/Playzio/ops,1,2,0,11348,0,0,0,0,30,2,1,1,0,1,39,0,0,0,0,0,0,0,0,0,0,0,0,0,0,0,0,0,0,0,0,0,0,0,0,0,0,0,0,0,0,0,0,0,0,0,0,0,0,0,0,0,0,0,0,0,0,0,0,0,0,DOCS
https://github.com/PocketMine/Crash-Archive,1,6,1,278,11,0,11,0,14,1,1,1,2,1,0,0,0,0,1459,28343,0,0,0,0,0,0,0,0,0,0,0,0,0,0,0,0,0,0,0,0,0,0,0,0,0,0,0,0,0,0,0,0,0,0,0,0,0,0,0,0,0,0,0,0,0,DOCS
https://github.com/sababado/gradle-android-add-dir,1,3,1,295,16,0,16,0,12,2,1,1,1,1,2419,0,0,0,0,0,0,0,0,0,0,0,0,0,0,0,0,0,0,0,0,0,0,0,0,0,0,1047,0,0,0,0,0,0,0,0,0,0,0,0,0,0,0,0,0,0,0,0,0,0,0,DOCS
https://github.com/arnobroekhof/kafka-http-metrics-reporter,1,10,2,176,16,0,16,1,17,1,1,1,1,1,2302,0,8366,0,0,0,0,0,0,0,0,0,0,0,0,0,0,0,0,0,0,0,0,0,0,0,0,0,0,0,0,0,0,0,0,0,0,0,0,0,0,0,0,0,0,0,0,0,0,0,0,DOCS
https://github.com/zhangzr1026/manual56,1,0,0,2611,0,0,0,0,1175,41,1,1,0,0,1622,0,0,0,0,0,0,0,0,0,0,0,0,0,0,0,0,0,0,0,0,0,0,0,0,0,0,0,0,0,0,0,0,0,0,0,0,0,0,0,0,0,0,0,0,0,0,0,0,0,0,DOCS
https://github.com/heycc/manual56,1,0,0,3692,0,0,0,0,1446,42,1,1,0,0,1622,0,0,0,0,0,0,0,0,0,0,0,0,0,0,0,0,0,0,0,0,0,0,0,0,0,0,0,0,0,0,0,0,0,0,0,0,0,0,0,0,0,0,0,0,0,0,0,0,0,0,DOCS
https://github.com/chenxinglong/manual56,1,0,0,475,0,0,0,0,116,15,1,1,0,0,1299,0,0,0,0,0,0,0,0,0,0,0,0,0,0,0,0,0,0,0,0,0,0,0,0,0,0,0,0,0,0,0,0,0,0,0,0,0,0,0,0,0,0,0,0,0,0,0,0,0,0,DOCS
https://github.com/Puriney/ManualCLIP,1,0,0,6336,0,0,0,0,31,1,1,0,8,0,0,54587,0,8528,53090,0,0,0,0,6746,0,0,22628,0,0,0,0,7322,0,0,0,0,0,0,0,0,0,0,0,0,0,0,0,0,0,0,0,0,0,0,0,0,0,0,0,0,0,0,0,0,0,DOCS
https://github.com/tianbang/manual56,1,0,0,278,0,0,0,0,86,10,1,1,0,0,1299,0,0,0,0,0,0,0,0,0,0,0,0,0,0,0,0,0,0,0,0,0,0,0,0,0,0,0,0,0,0,0,0,0,0,0,0,0,0,0,0,0,0,0,0,0,0,0,0,0,0,DOCS
https://github.com/schumannd/manualRSA,1,0,0,140,0,0,0,0,1,1,1,1,1,0,561,0,0,3274,0,0,0,0,0,0,0,0,0,0,0,0,0,0,0,0,0,0,0,0,0,0,0,0,0,0,0,0,0,0,0,0,0,0,0,0,0,0,0,0,0,0,0,0,0,0,0,DOCS
https://github.com/jesteban19/ManualNeo,1,0,0,4840,0,0,0,0,8,1,1,0,3,0,20,406377,0,0,109353,1631949,0,0,0,0,0,0,0,0,0,0,0,0,0,0,0,0,0,0,0,0,0,0,0,0,0,0,0,0,0,0,0,0,0,0,0,0,0,0,0,0,0,0,0,0,0,DOCS
https://github.com/luiscamp/ManualHP,0,0,0,56,0,0,0,0,0,0,1,1,0,0,0,0,0,0,0,0,0,0,0,0,0,0,0,0,0,0,0,0,0,0,0,0,0,0,0,0,0,0,0,0,0,0,0,0,0,0,0,0,0,0,0,0,0,0,0,0,0,0,0,0,0,DOCS
https://github.com/notwaldorf/ruby-eh,1,1,0,4,15,0,15,0,7,2,1,1,1,1,1153,0,0,0,0,0,3072,0,0,0,0,0,0,0,0,0,0,0,0,0,0,0,0,0,0,0,0,0,0,0,0,0,0,0,0,0,0,0,0,0,0,0,0,0,0,0,0,0,0,0,0,DOCS
https://github.com/wubx/manual56,2,0,0,260,1,0,1,0,23,2,1,1,0,0,68,0,0,0,0,0,0,0,0,0,0,0,0,0,0,0,0,0,0,0,0,0,0,0,0,0,0,0,0,0,0,0,0,0,0,0,0,0,0,0,0,0,0,0,0,0,0,0,0,0,0,DOCS
https://github.com/mistbow/manual56,1,0,0,717,1,0,1,0,226,30,1,1,0,0,1299,0,0,0,0,0,0,0,0,0,0,0,0,0,0,0,0,0,0,0,0,0,0,0,0,0,0,0,0,0,0,0,0,0,0,0,0,0,0,0,0,0,0,0,0,0,0,0,0,0,0,DOCS
https://github.com/yoDopamine/Dopamine,1,0,0,3040,2,0,2,0,11,1,1,1,4,1,410,265072,0,0,35778,0,0,0,0,0,0,0,0,0,0,0,11334,0,0,0,0,0,0,0,0,0,0,0,0,0,0,0,0,0,0,0,0,0,0,0,0,0,0,0,0,0,0,0,0,0,0,DOCS
https://github.com/wufeirong/manual56,2,1,0,1094,1,0,1,0,415,35,1,1,0,0,1289,0,0,0,0,0,0,0,0,0,0,0,0,0,0,0,0,0,0,0,0,0,0,0,0,0,0,0,0,0,0,0,0,0,0,0,0,0,0,0,0,0,0,0,0,0,0,0,0,0,0,DOCS
https://github.com/dng-es/manualJS,2,0,0,528,0,0,0,0,5,1,1,1,0,0,224,0,0,0,0,0,0,0,0,0,0,0,0,0,0,0,0,0,0,0,0,0,0,0,0,0,0,0,0,0,0,0,0,0,0,0,0,0,0,0,0,0,0,0,0,0,0,0,0,0,0,DOCS
https://github.com/philcn/ManualElect,1,0,0,136,1,0,1,0,3,1,1,1,1,0,1777,0,0,0,0,0,20930,0,0,0,0,0,0,0,0,0,0,0,0,0,0,0,0,0,0,0,0,0,0,0,0,0,0,0,0,0,0,0,0,0,0,0,0,0,0,0,0,0,0,0,0,DOCS
https://github.com/xubeiyan/Nscripter2-API,2,1,0,101,4,0,4,0,36,1,1,1,1,1,950,0,0,0,0,0,0,0,0,0,0,0,0,0,0,0,0,0,0,0,0,0,0,0,0,0,0,0,0,0,0,0,0,0,0,0,0,0,0,0,0,0,0,0,0,0,0,0,0,0,0,DOCS
https://github.com/RicardoUsbeck/QRTool,1,2,0,234,6,0,6,0,6,2,1,1,3,1,777,3594,58927,0,3031,0,0,0,0,0,0,0,0,0,0,0,0,0,0,0,0,0,0,0,0,0,0,0,0,0,0,0,0,0,0,0,0,0,0,0,0,0,0,0,0,0,0,0,0,0,0,DOCS
https://github.com/rafaelmartins/pyoembed,1,3,0,282,8,0,8,0,28,1,1,1,2,1,2255,0,0,39816,0,0,0,0,0,0,0,0,0,0,0,0,0,0,0,0,0,0,0,0,0,0,0,0,0,0,0,0,0,0,0,0,0,0,0,0,0,0,0,0,0,0,0,0,0,0,0,DOCS
https://github.com/codemeow/xlibmanual,1,0,0,504,3,0,3,0,3,1,1,1,0,0,164,0,0,0,0,0,0,0,0,0,0,0,0,0,0,0,0,0,0,0,0,0,0,0,0,0,0,0,0,0,0,0,0,0,0,0,0,0,0,0,0,0,0,0,0,0,0,0,0,0,0,DOCS
https://github.com/axisj/axisjdoc,1,0,0,2348,3,0,3,0,10,1,1,1,3,0,50,1894222,0,0,1145059,0,0,0,0,0,0,0,0,0,0,0,0,0,0,0,0,0,0,0,0,0,0,0,0,0,0,0,0,0,0,0,0,0,252291,0,0,0,0,0,0,0,0,0,0,0,0,DOCS
https://github.com/SenecaAutomation/IntrosManual,1,0,0,260,0,0,0,0,0,0,1,1,0,0,0,0,0,0,0,0,0,0,0,0,0,0,0,0,0,0,0,0,0,0,0,0,0,0,0,0,0,0,0,0,0,0,0,0,0,0,0,0,0,0,0,0,0,0,0,0,0,0,0,0,0,DOCS
https://github.com/rohineematale/manual-blog,1,0,0,152,0,0,0,0,1,1,1,0,4,0,9220,973,0,0,1417,0,43627,0,0,0,0,0,0,0,0,0,458,0,0,0,0,0,0,0,0,0,0,0,0,0,0,0,0,0,0,0,0,0,0,0,0,0,0,0,0,0,0,0,0,0,0,DOCS
https://github.com/BruninhoOliveira/Manual_Git,1,1,0,2294,0,0,0,0,5,1,1,0,0,0,0,0,0,0,0,0,0,0,0,0,0,0,0,0,0,0,0,0,0,0,0,0,0,0,0,0,0,0,0,0,0,0,0,0,0,0,0,0,0,0,0,0,0,0,0,0,0,0,0,0,0,DOCS
https://github.com/SCPR/oembed-manual,2,0,0,19796,1,0,1,0,47,1,1,1,0,0,524,0,0,0,0,0,0,0,0,0,0,0,0,0,0,0,0,0,0,0,0,0,0,0,0,0,0,0,0,0,0,0,0,0,0,0,0,0,0,0,0,0,0,0,0,0,0,0,0,0,0,DOCS
https://github.com/kevinlig/parkstreet-manual,1,0,0,252,0,0,0,0,2,1,1,1,1,0,0,0,0,0,0,1553,0,0,0,0,0,0,0,0,0,0,0,0,0,0,0,0,0,0,0,0,0,0,0,0,0,0,0,0,0,0,0,0,0,0,0,0,0,0,0,0,0,0,0,0,0,DOCS
https://github.com/MarcosIbarra/Mini-manual,1,0,0,120,0,0,0,0,10,1,1,1,0,0,1618,0,0,0,0,0,0,0,0,0,0,0,0,0,0,0,0,0,0,0,0,0,0,0,0,0,0,0,0,0,0,0,0,0,0,0,0,0,0,0,0,0,0,0,0,0,0,0,0,0,0,DOCS
https://github.com/across-k/test_manual,1,0,0,116,0,0,0,0,5,1,1,0,0,0,0,0,0,0,0,0,0,0,0,0,0,0,0,0,0,0,0,0,0,0,0,0,0,0,0,0,0,0,0,0,0,0,0,0,0,0,0,0,0,0,0,0,0,0,0,0,0,0,0,0,0,DOCS
https://github.com/freegeek-pdx/freegeek-manual,1,0,0,4052,0,0,0,0,22,1,1,0,0,0,0,0,0,0,0,0,0,0,0,0,0,0,0,0,0,0,0,0,0,0,0,0,0,0,0,0,0,0,0,0,0,0,0,0,0,0,0,0,0,0,0,0,0,0,0,0,0,0,0,0,0,DOCS
https://github.com/piecioshka/vim-manual,1,0,0,223,1,0,1,0,46,1,1,1,0,0,6129,0,0,0,0,0,0,0,0,0,0,0,0,0,0,0,0,0,0,0,0,0,0,0,0,0,0,0,0,0,0,0,0,0,0,0,0,0,0,0,0,0,0,0,0,0,0,0,0,0,0,DOCS
https://github.com/teagenb/Git-Manual,1,0,0,163,0,0,0,0,3,1,1,1,0,0,81,0,0,0,0,0,0,0,0,0,0,0,0,0,0,0,0,0,0,0,0,0,0,0,0,0,0,0,0,0,0,0,0,0,0,0,0,0,0,0,0,0,0,0,0,0,0,0,0,0,0,DOCS
https://github.com/qk13warcraft/Unity_Manual,0,0,0,56,0,0,0,0,0,0,1,1,0,0,0,0,0,0,0,0,0,0,0,0,0,0,0,0,0,0,0,0,0,0,0,0,0,0,0,0,0,0,0,0,0,0,0,0,0,0,0,0,0,0,0,0,0,0,0,0,0,0,0,0,0,DOCS
https://github.com/RicardoAndresSotoOlmos/Manual-Usuario,0,0,0,0,0,0,0,0,0,0,1,1,0,0,0,0,0,0,0,0,0,0,0,0,0,0,0,0,0,0,0,0,0,0,0,0,0,0,0,0,0,0,0,0,0,0,0,0,0,0,0,0,0,0,0,0,0,0,0,0,0,0,0,0,0,DOCS
https://github.com/UKLocation/INSPIRE-Manual,1,0,0,168,0,0,0,0,8,2,1,1,0,0,0,0,0,0,0,0,0,0,0,0,0,0,0,0,0,0,0,0,0,0,0,0,0,0,0,0,0,0,0,0,0,0,0,0,0,0,0,0,0,0,0,0,0,0,0,0,0,0,0,0,0,DOCS
https://github.com/VivienGA2/userManual,1,0,0,660,0,0,0,0,2,1,1,0,0,0,22,0,0,0,0,0,0,0,0,0,0,0,0,0,0,0,0,0,0,0,0,0,0,0,0,0,0,0,0,0,0,0,0,0,0,0,0,0,0,0,0,0,0,0,0,0,0,0,0,0,0,DOCS
https://github.com/ntiissespa/manual_peconhento,1,0,0,1024,0,0,0,0,9,1,1,1,0,0,0,0,0,0,0,0,0,0,0,0,0,0,0,0,0,0,0,0,0,0,0,0,0,0,0,0,0,0,0,0,0,0,0,0,0,0,0,0,0,0,0,0,0,0,0,0,0,0,0,0,0,DOCS
https://github.com/James3432/manual-mode,1,0,0,188,0,0,0,0,20,2,1,0,2,0,0,0,0,0,0,16995,0,0,0,47,0,0,0,0,0,0,0,0,0,0,0,0,0,0,0,0,0,0,0,0,0,0,0,0,0,0,0,0,0,0,0,0,0,0,0,0,0,0,0,0,0,DOCS
https://github.com/viveknigam/manual-ead,1,1,0,23722,0,0,0,0,26,3,1,0,1,0,0,0,0,0,0,0,0,0,0,0,0,0,0,0,0,0,0,0,0,0,0,0,0,0,0,0,0,0,0,0,0,0,0,0,0,0,0,0,0,0,0,0,0,0,0,0,0,0,0,0,0,DOCS
https://github.com/hzjiangm/HiveManual,0,0,0,56,0,0,0,0,0,0,1,0,0,0,0,0,0,0,0,0,0,0,0,0,0,0,0,0,0,0,0,0,0,0,0,0,0,0,0,0,0,0,0,0,0,0,0,0,0,0,0,0,0,0,0,0,0,0,0,0,0,0,0,0,0,DOCS
https://github.com/Kreogist/Cuties-Manual,2,0,0,11536,1,0,1,0,7,1,1,1,2,0,78,48,0,0,7580,0,0,0,0,0,0,0,0,0,0,0,0,0,0,0,0,0,0,0,0,0,0,0,0,0,0,0,0,0,0,0,0,0,0,0,0,0,0,0,0,0,0,0,0,0,0,DOCS
https://github.com/Lorenzo1407/Manual.PDF,1,0,0,128,0,0,0,0,4,1,1,1,0,0,0,0,0,0,0,0,0,0,0,0,0,0,0,0,0,0,0,0,0,0,0,0,0,0,0,0,0,0,0,0,0,0,0,0,0,0,0,0,0,0,0,0,0,0,0,0,0,0,0,0,0,DOCS
https://github.com/collagraph/style-manual,1,0,0,120,0,0,0,0,2,2,1,1,0,1,528,0,0,0,0,0,0,0,0,0,0,0,0,0,0,0,0,0,0,0,0,0,0,0,0,0,0,0,0,0,0,0,0,0,0,0,0,0,0,0,0,0,0,0,0,0,0,0,0,0,0,DOCS
https://github.com/HEA-Dev/manual_box,1,0,0,172,0,0,0,0,5,1,1,1,0,0,79,0,0,0,0,0,0,0,0,0,0,0,0,0,0,0,0,0,0,0,0,0,0,0,0,0,0,0,0,0,0,0,0,0,0,0,0,0,0,0,0,0,0,0,0,0,0,0,0,0,0,DOCS
https://github.com/FSFTN/liberation-manual,1,0,0,164,0,0,0,0,0,0,1,1,0,0,385,0,0,0,0,0,0,0,0,0,0,0,0,0,0,0,0,0,0,0,0,0,0,0,0,0,0,0,0,0,0,0,0,0,0,0,0,0,0,0,0,0,0,0,0,0,0,0,0,0,0,DOCS
https://github.com/Marthiux/Manual-tarea,0,0,0,0,0,0,0,0,0,0,1,1,0,0,0,0,0,0,0,0,0,0,0,0,0,0,0,0,0,0,0,0,0,0,0,0,0,0,0,0,0,0,0,0,0,0,0,0,0,0,0,0,0,0,0,0,0,0,0,0,0,0,0,0,0,DOCS
https://github.com/AYX-DBJ/DBJ_Manual,1,1,1,152,0,0,0,0,6,3,1,1,0,0,39,0,0,0,0,0,0,0,0,0,0,0,0,0,0,0,0,0,0,0,0,0,0,0,0,0,0,0,0,0,0,0,0,0,0,0,0,0,0,0,0,0,0,0,0,0,0,0,0,0,0,DOCS
https://github.com/TESC-HPC/Sample-Manual,3,0,0,356,0,0,0,0,10,1,1,1,0,1,758,0,0,0,0,0,0,0,0,0,0,0,0,0,0,0,0,0,0,0,0,0,0,0,0,0,0,0,0,0,0,0,0,0,0,0,0,0,0,0,0,0,0,0,0,0,0,0,0,0,0,DOCS
https://github.com/jyva/manual_anbeed,1,0,0,9496,0,0,0,0,16,3,1,0,1,0,0,0,0,0,42104,0,0,0,0,0,0,0,0,0,0,0,0,0,0,0,0,0,0,0,0,0,0,0,0,0,0,0,0,0,0,0,0,0,0,0,0,0,0,0,0,0,0,0,0,0,0,DOCS
https://github.com/qk13warcraft/Unity-Manual,0,0,0,56,0,0,0,0,0,0,1,0,0,0,0,0,0,0,0,0,0,0,0,0,0,0,0,0,0,0,0,0,0,0,0,0,0,0,0,0,0,0,0,0,0,0,0,0,0,0,0,0,0,0,0,0,0,0,0,0,0,0,0,0,0,DOCS
https://github.com/pdx-code/org-manual,1,0,0,668,0,0,0,0,0,0,1,0,3,0,0,65,0,0,108,0,0,0,0,0,0,0,0,0,0,0,31,0,0,0,0,0,0,0,0,0,0,0,0,0,0,0,0,0,0,0,0,0,0,0,0,0,0,0,0,0,0,0,0,0,0,DOCS
https://github.com/arissamad/QSApiManual,1,0,0,1208,0,0,0,0,46,2,1,1,3,0,51,13976,0,0,31639,0,0,0,0,0,0,0,0,0,0,0,0,0,0,0,0,0,0,0,0,0,0,0,0,0,0,0,0,0,0,0,0,0,0,0,0,0,0,0,0,0,0,0,0,0,0,DOCS
https://github.com/PriscaS/wpManual,2,1,0,3878,0,0,0,0,8,2,1,1,1,0,62,0,0,0,6049,0,0,0,0,0,0,0,0,0,0,0,0,0,0,0,0,0,0,0,0,0,0,0,0,0,0,0,0,0,0,0,0,0,0,0,0,0,0,0,0,0,0,0,0,0,0,DOCS
https://github.com/fermatliu/Git_Manual,1,0,0,5400,0,0,0,0,11,1,1,1,0,0,45,0,0,0,0,0,0,0,0,0,0,0,0,0,0,0,0,0,0,0,0,0,0,0,0,0,0,0,0,0,0,0,0,0,0,0,0,0,0,0,0,0,0,0,0,0,0,0,0,0,0,DOCS
https://github.com/dantin/ivy-manual,1,0,0,220,0,0,0,0,28,1,1,1,0,0,57,0,0,0,0,0,0,0,0,0,0,0,0,0,0,0,0,0,0,0,0,0,0,0,0,0,0,0,0,0,0,0,0,0,0,0,0,0,0,0,0,0,0,0,0,0,0,0,0,0,0,DOCS
https://github.com/dereklucas/owners-manual,0,0,0,0,0,0,0,0,0,0,1,1,0,0,0,0,0,0,0,0,0,0,0,0,0,0,0,0,0,0,0,0,0,0,0,0,0,0,0,0,0,0,0,0,0,0,0,0,0,0,0,0,0,0,0,0,0,0,0,0,0,0,0,0,0,DOCS
https://github.com/reinaldo-z/tiniba-manual,1,0,0,4529,0,0,0,0,27,2,1,1,5,0,357,0,0,0,0,0,0,0,0,253,0,0,0,0,0,0,0,124783,0,0,0,0,0,0,0,0,0,0,0,0,0,0,0,0,0,0,0,0,0,0,0,0,0,0,0,0,0,0,0,0,0,DOCS
https://github.com/Barista-Bot/manual-override,1,0,0,160,0,0,0,0,14,2,1,0,1,0,0,0,0,11388,0,0,0,0,0,0,0,0,0,0,0,0,0,0,0,0,0,0,0,0,0,0,0,0,0,0,0,0,0,0,0,0,0,0,0,0,0,0,0,0,0,0,0,0,0,0,0,DOCS
https://github.com/shaju/user_manual,0,0,0,0,0,0,0,0,0,0,1,0,0,0,0,0,0,0,0,0,0,0,0,0,0,0,0,0,0,0,0,0,0,0,0,0,0,0,0,0,0,0,0,0,0,0,0,0,0,0,0,0,0,0,0,0,0,0,0,0,0,0,0,0,0,DOCS
https://github.com/ElaineHee/leisureManual,0,0,0,56,0,0,0,0,0,0,1,1,0,0,0,0,0,0,0,0,0,0,0,0,0,0,0,0,0,0,0,0,0,0,0,0,0,0,0,0,0,0,0,0,0,0,0,0,0,0,0,0,0,0,0,0,0,0,0,0,0,0,0,0,0,DOCS
https://github.com/radiodoc/sample-manual,1,0,0,104,0,0,0,0,1,1,1,1,0,0,0,0,0,0,0,0,0,0,0,0,0,0,0,0,0,0,0,0,0,0,0,0,0,0,0,0,0,0,0,0,0,0,0,0,0,0,0,0,0,0,0,0,0,0,0,0,0,0,0,0,0,DOCS
https://github.com/aihua/tomcat-manual,1,0,0,952,0,0,0,0,4,1,1,1,2,1,56,0,2903,0,0,0,0,0,0,0,0,0,0,0,0,0,0,0,0,0,0,0,0,0,0,0,0,0,0,0,0,0,0,0,0,0,24810,0,0,0,0,0,0,0,0,0,0,0,0,0,0,DOCS
https://github.com/csslounge/gh-manual,1,0,0,936,1,0,1,0,12,1,1,1,0,0,8840,0,0,0,0,0,0,0,0,0,0,0,0,0,0,0,0,0,0,0,0,0,0,0,0,0,0,0,0,0,0,0,0,0,0,0,0,0,0,0,0,0,0,0,0,0,0,0,0,0,0,DOCS
https://github.com/bruinfish/GerritManual,1,0,0,144,0,0,0,0,3,1,1,0,0,0,0,0,0,0,0,0,0,0,0,0,0,0,0,0,0,0,0,0,0,0,0,0,0,0,0,0,0,0,0,0,0,0,0,0,0,0,0,0,0,0,0,0,0,0,0,0,0,0,0,0,0,DOCS
https://github.com/hallahan/manual-datablast,1,0,0,17640,0,0,0,0,3,1,1,1,0,0,0,0,0,0,0,0,0,0,0,0,0,0,0,0,0,0,0,0,0,0,0,0,0,0,0,0,0,0,0,0,0,0,0,0,0,0,0,0,0,0,0,0,0,0,0,0,0,0,0,0,0,DOCS
https://github.com/wuding/php-manual,1,0,0,268,0,0,0,0,4,1,1,0,1,0,0,0,0,0,0,49728,0,0,0,0,0,0,0,0,0,0,0,0,0,0,0,0,0,0,0,0,0,0,0,0,0,0,0,0,0,0,0,0,0,0,0,0,0,0,0,0,0,0,0,0,0,DOCS
https://github.com/francisdavey/hmrc_manual,1,0,2,1124,0,0,0,0,2,1,1,1,1,1,454,0,0,18241,0,0,0,0,0,0,0,0,0,0,0,0,0,0,0,0,0,0,0,0,0,0,0,0,0,0,0,0,0,0,0,0,0,0,0,0,0,0,0,0,0,0,0,0,0,0,0,DOCS
https://github.com/mylestan/MapManual,2,0,3,1404,0,0,0,0,10,1,1,1,2,0,1640,108307,0,0,550,0,0,0,0,0,0,0,0,0,0,0,0,0,0,0,0,0,0,0,0,0,0,0,0,0,0,0,0,0,0,0,0,0,0,0,0,0,0,0,0,0,0,0,0,0,0,DOCS
https://github.com/ThomasLister/Quality-Manual,0,0,0,56,0,0,0,0,0,0,1,1,0,0,0,0,0,0,0,0,0,0,0,0,0,0,0,0,0,0,0,0,0,0,0,0,0,0,0,0,0,0,0,0,0,0,0,0,0,0,0,0,0,0,0,0,0,0,0,0,0,0,0,0,0,DOCS
https://github.com/mr337/borat_manual,1,0,0,252,0,0,0,0,13,1,1,1,1,1,173,0,0,8398,0,0,0,0,0,0,0,0,0,0,0,0,0,0,0,0,0,0,0,0,0,0,0,0,0,0,0,0,0,0,0,0,0,0,0,0,0,0,0,0,0,0,0,0,0,0,0,DOCS
https://github.com/spencerbug/manual_blink,1,0,0,104,0,0,0,0,1,1,1,1,1,0,0,0,0,0,0,0,0,0,0,0,0,0,0,0,0,0,0,0,0,0,0,0,0,0,0,0,740,0,0,0,0,0,0,0,0,0,0,0,0,0,0,0,0,0,0,0,0,0,0,0,0,DOCS
https://github.com/anjj/AndroidManual,1,0,0,2916,0,0,0,0,21,1,1,1,0,0,205,0,0,0,0,0,0,0,0,0,0,0,0,0,0,0,0,0,0,0,0,0,0,0,0,0,0,0,0,0,0,0,0,0,0,0,0,0,0,0,0,0,0,0,0,0,0,0,0,0,0,DOCS
https://github.com/opentennis/missing_manual,1,0,0,0,0,0,0,0,1,1,1,1,0,1,64,0,0,0,0,0,0,0,0,0,0,0,0,0,0,0,0,0,0,0,0,0,0,0,0,0,0,0,0,0,0,0,0,0,0,0,0,0,0,0,0,0,0,0,0,0,0,0,0,0,0,DOCS
https://github.com/fermatliu/Keil_Manual,1,0,0,4628,0,0,0,0,1,1,1,0,0,0,0,0,0,0,0,0,0,0,0,0,0,0,0,0,0,0,0,0,0,0,0,0,0,0,0,0,0,0,0,0,0,0,0,0,0,0,0,0,0,0,0,0,0,0,0,0,0,0,0,0,0,DOCS
https://github.com/gocreating/coder-manual,1,0,0,4492,0,0,0,0,5,1,1,1,2,0,0,5822,0,0,110,0,0,0,0,0,0,0,0,0,0,0,0,0,0,0,0,0,0,0,0,0,0,0,0,0,0,0,0,0,0,0,0,0,0,0,0,0,0,0,0,0,0,0,0,0,0,DOCS
https://github.com/ArchiveTeam/standalone-readme-template,1,6,0,14,0,0,0,0,18,5,1,1,0,1,6689,0,0,0,0,0,0,0,0,0,0,0,0,0,0,0,0,0,0,0,0,0,0,0,0,0,0,0,0,0,0,0,0,0,0,0,0,0,0,0,0,0,0,0,0,0,0,0,0,0,0,DOCS
