https://github.com/coffeescript-cookbook/coffeescript-cookbook.github.io,4,190,6,1343,559,0,559,0,384,76,1,1,4,1,1724,947,0,0,126941,0,1807,0,0,0,0,0,0,0,0,0,0,0,0,0,0,0,0,0,0,0,0,0,0,0,0,0,0,0,0,0,0,0,0,0,0,0,0,0,0,0,0,0,0,0,0,WEB
https://github.com/netkiller/netkiller.github.io,1,106,0,462765,246,0,246,0,405,3,1,1,10,0,2106,34211,16087,9866,373440,243,578,0,0,608,0,0,0,0,0,0,0,0,0,0,0,0,0,0,0,0,0,0,0,0,0,0,0,0,0,0,15544,0,0,0,0,0,0,0,0,0,0,0,0,0,0,WEB
https://github.com/es5/es5.github.io,2,62,6,3228,481,0,481,0,212,7,0,1,5,0,2139,28320,0,12419,10924,0,0,0,0,0,0,0,0,0,0,0,0,0,0,0,0,0,0,0,0,0,0,0,0,0,0,0,0,0,0,0,0,0,0,0,0,0,0,0,0,0,0,0,0,0,0,WEB
https://github.com/thomasdavis/thomasdavis.github.io,1,95,0,1003,87,0,87,0,184,6,1,1,2,0,262,22568,0,0,91374,0,0,0,0,0,0,0,0,0,0,0,0,0,0,0,0,0,0,0,0,0,0,0,0,0,0,0,0,0,0,0,0,0,0,0,0,0,0,0,0,0,0,0,0,0,0,WEB
https://github.com/brunch/brunch.github.io,4,84,3,15764,68,0,68,0,699,91,1,1,4,0,389,10908,0,0,61424,0,0,0,0,0,0,0,0,0,0,0,0,0,0,0,0,0,0,0,0,0,0,0,0,0,0,0,0,0,0,0,0,0,0,0,0,0,0,0,0,0,0,0,0,0,0,WEB
https://github.com/ot-crew/ot-crew.github.io,2,49,1,1030,58,0,58,0,262,74,1,1,3,0,1468,1666,0,0,2942,0,0,0,0,0,0,0,0,0,0,0,0,0,0,0,0,0,0,0,0,0,0,0,0,0,0,0,0,0,0,0,0,0,0,0,0,0,0,0,0,0,0,0,0,0,0,WEB
https://github.com/softlayer/softlayer-ruby,2,31,15,1759,51,0,51,13,402,11,1,1,1,1,2708,0,0,0,0,0,512047,0,0,0,0,0,0,0,0,0,0,0,0,0,0,0,0,0,0,0,0,0,0,0,0,0,0,0,0,0,0,0,0,0,0,0,0,0,0,0,0,0,0,0,0,WEB
https://github.com/sirupsen/sirupsen.github.io,2,34,0,19255,57,0,57,0,483,2,0,1,5,1,138,841,0,0,91694,0,1612,0,0,1261,0,0,0,0,0,0,0,0,0,0,0,0,0,0,0,0,0,0,0,0,0,0,0,0,0,0,0,0,0,0,0,0,0,0,0,0,0,0,0,0,0,WEB
https://github.com/CPqD/RouteFlow,6,117,6,23298,98,0,98,0,242,11,1,1,6,1,6524,508428,0,1180803,4351,0,0,132946,13060,23475,0,0,0,0,0,0,0,0,0,0,0,0,0,0,0,0,0,0,0,0,0,0,0,0,0,0,0,0,0,0,0,0,0,0,0,0,0,0,0,0,0,WEB
https://github.com/ronin-ruby/ronin-ruby.github.io,2,11,3,14518,15,0,15,0,798,3,1,1,4,1,2464,114158,0,0,240427,111955,0,0,0,0,0,0,0,0,0,0,0,0,0,0,0,0,0,0,0,0,0,0,0,0,0,0,0,0,0,0,4512,0,0,0,0,0,0,0,0,0,0,0,0,0,0,WEB
https://github.com/Exeu/Amazon-ECS-PHP-Library,1,102,7,1537,238,0,238,0,81,4,1,1,2,1,1747,0,0,0,0,13599,0,0,0,69,0,0,0,0,0,0,0,0,0,0,0,0,0,0,0,0,0,0,0,0,0,0,0,0,0,0,0,0,0,0,0,0,0,0,0,0,0,0,0,0,0,WEB
https://github.com/mongoid/mongoid.github.io,1,6,0,4318,10,0,10,0,86,7,0,1,4,0,272,52859,0,0,44188,0,5611,0,0,0,0,0,0,0,0,0,0,0,0,0,0,0,0,0,0,0,0,0,0,0,0,0,0,0,0,0,0,0,0,0,0,0,0,0,0,0,0,0,0,0,0,WEB
https://github.com/NARKOZ/narkoz.github.io,1,8,0,216,4,0,4,0,1,1,0,1,1,0,216,0,0,0,0,0,0,0,0,0,0,0,0,0,0,0,0,0,0,0,0,0,0,0,0,0,0,0,0,0,0,0,0,0,0,0,0,0,0,0,0,0,0,0,0,0,0,0,0,0,0,WEB
https://github.com/phpcr/phpcr.github.io,3,5,2,7694,3,0,3,0,119,8,1,1,2,0,103,0,0,0,11008,0,0,0,0,0,0,0,0,0,0,0,0,0,0,0,0,0,0,0,0,0,0,0,0,0,0,0,0,0,0,0,0,0,0,0,0,0,0,0,0,0,0,0,0,0,0,WEB
https://github.com/antimatter15/antimatter15.github.io,1,3,1,147083,8,0,8,0,43,1,1,1,4,0,5,5059,0,0,44131,0,0,0,0,0,0,0,0,0,0,0,0,0,0,0,0,0,0,0,0,0,0,0,0,0,0,0,0,0,0,0,0,0,4870,0,0,0,0,0,0,0,0,0,0,0,0,WEB
https://github.com/scotrug/scotrug.github.io,3,4,0,651,3,0,3,0,292,11,1,1,3,0,1132,0,0,0,3403,0,4382,0,0,0,0,0,0,0,0,0,0,0,0,0,0,0,0,0,0,0,0,0,0,0,0,0,0,0,0,0,0,0,0,0,0,0,0,0,0,0,0,0,0,0,0,WEB
https://github.com/yuanyan/yuanyan.github.io,1,3,15,8240,5,0,5,0,257,1,1,1,4,0,51,474361,0,0,123557,0,11610,0,0,0,0,0,0,0,0,0,0,0,0,0,0,0,0,0,0,0,0,0,0,0,0,0,0,0,0,0,0,0,0,0,0,0,0,0,0,0,0,0,0,0,0,WEB
https://github.com/rubyftw/rubyftw.org,2,0,0,3399,16,0,16,0,62,4,1,1,1,0,89,0,0,0,0,0,6616,0,0,0,0,0,0,0,0,0,0,0,0,0,0,0,0,0,0,0,0,0,0,0,0,0,0,0,0,0,0,0,0,0,0,0,0,0,0,0,0,0,0,0,0,WEB
https://github.com/rabbitmq/rabbit-socks,9,3,2,176,57,0,57,0,17,3,1,1,3,1,3345,0,0,0,0,0,0,0,0,0,0,0,0,0,0,0,0,0,0,0,0,0,0,0,0,0,0,0,0,0,0,36586,0,0,0,0,0,0,0,0,0,0,0,0,0,0,0,0,0,0,0,WEB
https://github.com/mnazim/mnazim.github.io,1,2,2,2909,9,0,9,0,0,0,1,1,4,0,0,110314,0,0,80909,0,895,0,0,13,0,0,0,0,0,0,0,0,0,0,0,0,0,0,0,0,0,0,0,0,0,0,0,0,0,0,0,0,0,0,0,0,0,0,0,0,0,0,0,0,0,WEB
https://github.com/yegrb/yegrb.github.io,6,2,3,6946,5,0,5,0,369,10,1,1,6,0,962,34497,0,0,16255,0,2372,0,0,890,0,0,0,0,0,0,0,0,0,0,0,0,0,0,0,0,0,0,0,0,0,0,0,0,0,0,0,0,0,0,0,0,0,0,0,0,0,0,0,0,0,WEB
https://github.com/tnm/redis-site,1,3,0,843,10,0,10,0,43,3,0,1,1,0,98,16917,0,0,0,0,0,0,0,0,0,0,0,0,0,0,0,0,0,0,0,0,0,0,0,0,0,0,0,0,0,0,0,0,0,0,0,0,0,0,0,0,0,0,0,0,0,0,0,0,0,WEB
https://github.com/sebbu2/sebbu2.github.com,1,0,0,212,1,0,1,0,18,1,1,1,1,0,128,0,0,0,0,1138,0,0,0,0,0,0,0,0,0,0,0,0,0,0,0,0,0,0,0,0,0,0,0,0,0,0,0,0,0,0,0,0,0,0,0,0,0,0,0,0,0,0,0,0,0,WEB
https://github.com/fiji/fiji.github.io,1,2,0,397,3,0,3,0,15,3,1,1,2,0,0,0,0,0,3260,0,0,0,0,0,0,0,0,0,0,0,0,0,0,0,0,0,0,0,0,0,0,0,0,0,0,0,0,0,0,0,0,0,0,0,0,0,0,0,0,0,0,0,0,0,0,WEB
https://github.com/maydogan/maydogan.github.io.old,2,2,0,2577,1,0,1,0,21,3,1,1,6,0,2,540,0,0,18072,0,8029,0,0,0,0,0,0,0,0,0,0,0,0,0,0,0,0,0,0,0,0,0,0,0,0,0,0,0,0,0,0,0,0,0,0,0,0,0,0,0,0,0,0,0,0,WEB
https://github.com/sweis/sweis.github.io,1,3,0,71801,1,0,1,0,171,3,1,1,4,0,70,1086343,47609,0,1070,0,0,0,0,0,0,0,0,0,0,0,0,0,0,0,0,0,0,0,0,0,0,0,0,0,0,0,0,0,0,0,0,0,0,0,0,0,0,0,0,0,0,0,0,0,0,WEB
https://github.com/meh/meh.github.io,2,2,0,1153,2,0,2,0,128,2,1,0,3,0,0,33705,0,0,8296,0,0,0,0,0,0,0,0,0,0,0,0,0,0,0,0,0,0,0,0,0,0,0,0,0,0,0,0,0,0,0,0,0,0,0,0,0,0,0,0,0,0,0,0,0,0,WEB
https://github.com/sophsec/sophsec.github.io,1,2,0,991,2,0,2,0,31,1,1,1,5,0,0,2963,0,24271,18018,0,9664,0,27435,0,0,0,0,0,0,0,0,0,0,0,0,0,0,0,0,0,0,0,0,0,0,0,0,0,0,0,0,0,0,0,0,0,0,0,0,0,0,0,0,0,0,WEB
https://github.com/peter-leonov/kung-fu-tzu.github.io,2,2,0,1205,3,0,3,0,146,1,1,1,4,0,0,85728,0,0,5377,0,0,0,0,0,0,0,0,0,0,0,0,0,0,0,0,0,0,0,0,0,0,0,0,0,0,0,0,0,0,0,0,0,0,0,0,0,0,0,0,0,0,0,0,0,0,WEB
https://github.com/ido/ido.github.io,1,0,0,152,2,0,2,0,7,1,1,1,0,0,0,0,0,0,0,0,0,0,0,0,0,0,0,0,0,0,0,0,0,0,0,0,0,0,0,0,0,0,0,0,0,0,0,0,0,0,0,0,0,0,0,0,0,0,0,0,0,0,0,0,0,WEB
https://github.com/andsve/andsve.github.io,1,1,0,7524,7,0,7,0,98,1,1,0,3,0,57,3084,0,0,21639,0,0,0,0,0,0,0,0,0,0,0,0,0,0,0,0,0,0,0,0,0,0,0,0,0,0,0,0,0,0,0,0,0,0,0,0,0,0,0,0,0,0,0,0,0,0,WEB
https://github.com/tiagofernandez/tiagofernandez.github.io,1,0,0,7481,6,0,6,0,70,1,1,1,2,0,55,52899,0,0,121592,0,0,0,0,0,0,0,0,0,0,0,0,0,0,0,0,0,0,0,0,0,0,0,0,0,0,0,0,0,0,0,0,0,0,0,0,0,0,0,0,0,0,0,0,0,0,WEB
https://github.com/VerifiableRobotics/verifiablerobotics.github.io,1,2,0,3711,1,0,1,0,32,3,1,1,3,0,0,0,0,3102,1975,0,0,0,0,0,0,0,0,0,0,0,0,0,0,0,0,0,0,0,0,0,0,0,0,0,0,0,0,0,0,0,0,0,0,0,0,0,0,0,0,0,0,0,0,0,0,WEB
https://github.com/mre/mre.github.io,1,1,0,82533,5,0,5,0,139,1,1,1,6,0,5892,44818,0,0,37197,2516,0,0,0,4343,0,0,0,0,0,0,0,0,0,0,0,0,0,0,0,0,0,0,0,0,0,0,0,0,0,0,0,0,0,0,0,0,0,0,0,0,0,0,0,0,0,WEB
https://github.com/mchow01/mchow01.github.io,1,2,0,70001,1,0,1,0,209,1,1,1,2,0,64,0,0,0,19685,0,0,0,0,0,0,0,0,0,0,0,0,0,0,0,0,0,0,0,0,0,0,0,0,0,0,0,0,0,0,0,0,0,0,0,0,0,0,0,0,0,0,0,0,0,0,WEB
https://github.com/dhanji/dhanji.github.io,2,0,0,13668,5,0,5,0,194,1,1,1,4,0,0,0,11732,0,9206,0,0,0,0,0,0,0,0,0,0,0,216,0,0,0,0,0,0,0,0,0,0,0,0,0,0,0,0,0,0,0,0,0,0,0,0,0,0,0,0,0,0,0,0,0,0,WEB
https://github.com/aganov/aganov.github.io,1,0,0,1316,4,0,4,0,59,1,1,1,3,0,225,23936,0,0,43247,0,2052,0,0,0,0,0,0,0,0,0,0,0,0,0,0,0,0,0,0,0,0,0,0,0,0,0,0,0,0,0,0,0,0,0,0,0,0,0,0,0,0,0,0,0,0,WEB
https://github.com/namuol/namuol.github.io,1,1,0,3147,3,0,3,0,110,2,1,1,2,0,53,0,0,0,0,0,0,0,0,0,0,0,0,0,0,0,1134,0,0,0,0,0,0,0,0,0,0,0,0,0,0,0,0,0,0,0,0,0,0,0,0,0,0,0,0,0,0,0,0,0,0,WEB
https://github.com/froots/froots.github.io,2,0,0,5769,3,0,3,0,190,1,1,1,4,0,0,4594,0,0,40131,0,3763,0,0,0,0,0,0,0,0,0,0,0,0,0,0,0,0,0,0,0,0,0,0,0,0,0,0,0,0,0,0,0,0,0,0,0,0,0,0,0,0,0,0,0,0,WEB
https://github.com/rxin/rxin.github.io,1,0,0,34567,3,0,3,0,15,1,1,0,3,0,0,536,0,0,6819,0,0,0,0,0,0,0,0,0,0,0,0,0,0,0,0,0,0,0,0,0,0,0,0,0,0,0,0,0,0,0,0,0,0,0,0,0,0,0,0,0,0,0,0,0,0,WEB
https://github.com/popdevelop/popdevelop.github.io,2,0,0,776,3,0,3,0,2,1,1,0,0,0,0,0,0,0,0,0,0,0,0,0,0,0,0,0,0,0,0,0,0,0,0,0,0,0,0,0,0,0,0,0,0,0,0,0,0,0,0,0,0,0,0,0,0,0,0,0,0,0,0,0,0,WEB
https://github.com/ilkka/ilkka.github.io,2,0,0,6928,3,0,3,0,17,1,1,1,3,0,0,2252,0,0,13964,0,0,0,0,0,0,0,0,0,0,0,0,0,0,0,0,0,0,0,0,0,0,0,0,0,0,0,0,0,0,0,0,0,0,0,0,0,0,0,0,0,0,0,0,0,0,WEB
https://github.com/theunraveler/theunraveler.github.io,1,0,0,9089,3,0,3,0,179,1,1,1,4,0,0,1672,0,0,2778,0,4670,0,0,0,0,0,0,0,0,0,0,0,0,0,0,0,0,0,0,0,0,0,0,0,0,0,0,0,0,0,0,0,0,0,0,0,0,0,0,0,0,0,0,0,0,WEB
https://github.com/Seylul/seylul.github.io,1,1,1,10016,3,0,3,0,13,1,1,0,5,0,209,38628,0,0,21880,935,0,0,0,0,0,0,0,0,0,0,0,0,0,0,0,0,0,0,0,0,0,0,0,0,0,0,0,0,0,0,0,0,0,0,0,0,0,0,0,0,0,0,0,0,0,WEB
https://github.com/ambientideas/ambientideas.github.io,3,0,0,6605,3,0,3,0,38,1,1,1,4,0,122,590120,0,0,133405,2848132,582,0,0,0,0,0,0,0,0,0,0,0,0,0,0,0,0,0,0,0,0,0,0,0,0,0,0,0,0,0,0,0,0,0,0,0,0,0,0,0,0,0,0,0,0,WEB
https://github.com/lebedov/lebedov.github.io,1,0,0,7454,1,0,1,0,154,1,1,1,3,0,0,31015,0,0,17927,0,0,0,0,0,0,0,0,0,0,0,0,0,0,0,0,0,0,0,0,0,0,0,0,0,0,0,0,0,0,0,0,0,0,0,0,0,0,0,0,0,0,0,0,0,0,WEB
https://github.com/bionet/bionet.github.io,1,0,0,73043,1,0,1,0,76,3,1,1,2,0,0,0,0,0,1951,0,0,0,0,0,0,0,0,0,0,0,0,0,0,0,0,0,0,0,0,0,0,0,0,0,0,0,0,0,0,0,0,0,0,0,0,0,0,0,0,0,0,0,0,0,0,WEB
https://github.com/kosmikko/kosmikko.github.io,2,0,0,2500,1,0,1,0,9,1,1,1,0,0,0,0,0,0,0,0,0,0,0,0,0,0,0,0,0,0,0,0,0,0,0,0,0,0,0,0,0,0,0,0,0,0,0,0,0,0,0,0,0,0,0,0,0,0,0,0,0,0,0,0,0,WEB
https://github.com/hendrasaputra/hendrasaputra.github.io,1,0,0,1431,1,0,1,0,22,1,1,1,4,1,238,53186,0,0,61957,0,337,0,0,0,0,0,0,0,0,0,0,0,0,0,0,0,0,0,0,0,0,0,0,0,0,0,0,0,0,0,0,0,0,0,0,0,0,0,0,0,0,0,0,0,0,WEB
https://github.com/cncolder/cncolder.github.io,1,0,0,11656,1,0,1,0,2,1,1,1,3,0,0,64805,0,0,32277,0,0,0,0,0,0,0,0,0,0,0,0,0,0,0,0,0,0,0,0,0,0,0,0,0,0,0,0,0,0,0,0,0,0,0,0,0,0,0,0,0,0,0,0,0,0,WEB
https://github.com/dennyabraham/dennyabraham.github.io,3,0,0,252,1,0,1,0,8,1,1,1,2,0,0,0,0,0,1244,0,0,0,0,0,0,0,0,0,0,0,0,0,0,0,0,0,0,0,0,0,0,0,0,0,0,0,0,0,0,0,0,0,0,0,0,0,0,0,0,0,0,0,0,0,0,WEB
https://github.com/kolektiv/kolektiv.github.io,2,1,0,1088,2,0,2,0,172,1,1,1,3,0,39,0,0,0,5794,0,3094,0,0,0,0,0,0,0,0,0,0,0,0,0,0,0,0,0,0,0,0,0,0,0,0,0,0,0,0,0,0,0,0,0,0,0,0,0,0,0,0,0,0,0,0,WEB
https://github.com/tpitale/tpitale.github.io,1,0,2,8900,2,0,2,0,146,2,1,1,4,0,0,1806,0,0,34798,0,3598,0,0,0,0,0,0,0,0,0,0,0,0,0,0,0,0,0,0,0,0,0,0,0,0,0,0,0,0,0,0,0,0,0,0,0,0,0,0,0,0,0,0,0,0,WEB
https://github.com/schuyler/schuyler.github.io,2,1,0,1276,2,0,2,0,25,1,1,1,1,0,0,69971,0,0,0,0,0,0,0,0,0,0,0,0,0,0,0,0,0,0,0,0,0,0,0,0,0,0,0,0,0,0,0,0,0,0,0,0,0,0,0,0,0,0,0,0,0,0,0,0,0,WEB
https://github.com/lihuiba/lihuiba.github.io,2,0,0,2484,2,0,2,0,12,1,1,1,1,0,0,26918,0,0,0,0,0,0,0,0,0,0,0,0,0,0,0,0,0,0,0,0,0,0,0,0,0,0,0,0,0,0,0,0,0,0,0,0,0,0,0,0,0,0,0,0,0,0,0,0,0,WEB
https://github.com/idorosen/idorosen.github.io,1,0,0,96,2,0,2,0,2,1,1,1,0,0,0,0,0,0,0,0,0,0,0,0,0,0,0,0,0,0,0,0,0,0,0,0,0,0,0,0,0,0,0,0,0,0,0,0,0,0,0,0,0,0,0,0,0,0,0,0,0,0,0,0,0,WEB
https://github.com/erlide/erlide.github.io,1,0,0,7658,2,0,2,0,86,2,1,1,4,0,704,1234,0,0,16184,0,3583,0,0,0,0,0,0,0,0,0,0,0,0,0,0,0,0,0,0,0,0,0,0,0,0,0,0,0,0,0,0,0,0,0,0,0,0,0,0,0,0,0,0,0,0,WEB
https://github.com/attilaolah/attilaolah.github.io,2,1,1,17024,2,0,2,0,271,1,0,1,4,0,246,1142,0,0,68785,0,0,0,0,0,0,0,0,0,0,0,301,0,0,0,0,0,0,0,0,0,0,0,0,0,0,0,0,0,0,0,0,0,0,0,0,0,0,0,0,0,0,0,0,0,0,WEB
https://github.com/muratcorlu/muratcorlu.github.io,4,1,0,2139,2,0,2,0,721,54,1,1,2,0,92,0,0,0,14142,0,0,0,0,0,0,0,0,0,0,0,0,0,0,0,0,0,0,0,0,0,0,0,0,0,0,0,0,0,0,0,0,0,0,0,0,0,0,0,0,0,0,0,0,0,0,WEB
https://github.com/minitage/minitage.github.io,1,1,0,2495,2,0,2,0,195,1,1,1,4,0,0,40505,0,17879,27661,0,0,0,0,1411,0,0,0,0,0,0,0,0,0,0,0,0,0,0,0,0,0,0,0,0,0,0,0,0,0,0,0,0,0,0,0,0,0,0,0,0,0,0,0,0,0,WEB
https://github.com/stillru/stillru.github.io,1,0,1,10415,2,0,2,0,576,2,1,1,5,0,227,31016,0,0,26499,0,8442,0,0,105,0,0,0,0,0,0,0,0,0,0,0,0,0,0,0,0,0,0,0,0,0,0,0,0,0,0,0,0,0,0,0,0,0,0,0,0,0,0,0,0,0,WEB
https://github.com/5long/5long.github.io,1,1,0,62,2,0,2,0,45,1,1,1,3,0,67,0,0,0,4819,0,605,0,0,0,0,0,0,0,0,0,0,0,0,0,0,0,0,0,0,0,0,0,0,0,0,0,0,0,0,0,0,0,0,0,0,0,0,0,0,0,0,0,0,0,0,WEB
https://github.com/fabianmoronzirfas/fabianmoronzirfas.github.io,2,0,0,180102,2,0,2,0,227,22,1,1,5,0,0,117024,0,0,567989,0,1316,0,0,510,0,0,0,0,0,0,0,0,0,0,0,0,0,0,0,0,0,0,0,0,0,0,0,0,0,0,0,0,0,0,0,0,0,0,0,0,0,0,0,0,0,WEB
https://github.com/jfhbrook/jfhbrook.github.io,3,0,1,3427,2,0,2,0,249,1,1,1,3,0,287,11682,0,0,2322,0,0,0,0,0,0,0,0,0,0,0,0,0,0,0,0,0,0,0,0,0,0,0,0,0,0,0,0,0,0,0,0,0,0,0,0,0,0,0,0,0,0,0,0,0,0,WEB
https://github.com/le0pard/le0pard.github.io,1,0,0,22628,3,0,3,0,343,2,1,1,4,0,35,0,0,0,20672,0,3932,0,0,0,0,0,0,0,0,0,0,0,0,0,0,0,0,0,0,0,0,0,0,0,0,0,0,0,0,0,2937,0,0,0,0,0,0,0,0,0,0,0,0,0,0,WEB
https://github.com/3rd-Eden/3rd-eden.github.io,2,1,1,37,2,0,2,0,27,1,1,1,3,0,83,1653,0,0,8396,0,0,0,0,0,0,0,0,0,0,0,0,0,0,0,0,0,0,0,0,0,0,0,0,0,0,0,0,0,0,0,0,0,0,0,0,0,0,0,0,0,0,0,0,0,0,WEB
https://github.com/arkie/arkie.github.com,1,0,0,11,0,0,0,0,32,1,1,1,1,0,286,0,0,0,0,0,0,0,0,0,0,0,0,0,0,0,0,0,0,0,0,0,0,0,0,0,0,0,0,0,0,0,0,0,0,0,0,0,0,0,0,0,0,0,0,0,0,0,0,0,0,WEB
https://github.com/primaryobjects/primaryobjects.github.com,1,0,0,11519,1,0,1,0,45,1,1,1,3,0,0,47211,0,0,27263,0,0,0,0,0,0,0,0,0,0,0,0,0,0,0,0,0,0,0,0,0,0,0,0,0,0,0,0,0,0,0,0,0,0,0,0,0,0,0,0,0,0,0,0,0,0,WEB
https://github.com/omarkj/socketio-erlang,3,1,0,383,3,0,3,0,27,1,1,1,1,1,427,0,0,0,0,0,0,0,0,0,0,0,0,0,0,0,0,0,0,0,0,0,0,0,0,0,0,0,0,0,0,20966,0,0,0,0,0,0,0,0,0,0,0,0,0,0,0,0,0,0,0,WEB
https://github.com/owenconti/owenconti.github.io,1,0,0,292796,1,0,1,0,41,1,1,0,3,0,0,12433,0,0,15073,0,0,0,0,0,0,0,0,0,0,0,0,0,0,0,0,0,0,0,0,0,0,0,0,0,0,0,0,0,0,0,0,0,0,0,0,0,0,0,0,0,0,0,0,0,0,WEB
https://github.com/marrow/marrow.github.io,1,0,0,256,1,0,1,0,3,1,1,1,1,0,0,0,0,0,0,0,0,0,0,0,0,0,0,0,0,0,0,0,0,0,0,0,0,0,0,0,0,0,0,0,0,0,0,0,0,0,0,0,0,0,0,0,0,0,0,0,0,0,0,0,0,WEB
https://github.com/alecperkins/alecperkins.github.io,2,0,0,16504,1,0,1,0,104,1,1,0,4,0,0,41655,0,0,13730,0,0,0,0,0,0,0,0,0,0,0,12709,0,0,0,0,0,0,0,0,0,0,0,0,0,0,0,0,0,0,0,0,0,0,0,0,0,0,0,0,0,0,0,0,0,0,WEB
https://github.com/geoffreyd/geoffreyd.github.io,2,0,0,1120,1,0,1,0,27,1,1,1,2,0,0,0,0,0,3273,0,0,0,0,0,0,0,0,0,0,0,0,0,0,0,0,0,0,0,0,0,0,0,0,0,0,0,0,0,0,0,0,0,0,0,0,0,0,0,0,0,0,0,0,0,0,WEB
https://github.com/defrex/defrex.github.io,1,0,0,60,1,0,1,0,24,1,1,1,2,0,0,0,0,0,3395,0,0,0,0,0,0,0,0,0,0,0,0,0,0,0,0,0,0,0,0,0,0,0,0,0,0,0,0,0,0,0,0,0,0,0,0,0,0,0,0,0,0,0,0,0,0,WEB
https://github.com/millar/millar.github.io,1,0,0,604,1,0,1,0,16,1,1,1,4,0,9,2045,0,0,145835,0,2244,0,0,0,0,0,0,0,0,0,0,0,0,0,0,0,0,0,0,0,0,0,0,0,0,0,0,0,0,0,0,0,0,0,0,0,0,0,0,0,0,0,0,0,0,WEB
https://github.com/ianli/ianli.github.io,1,0,0,120,1,0,1,0,4,1,1,1,1,0,343,0,0,0,0,0,0,0,0,0,0,0,0,0,0,0,0,0,0,0,0,0,0,0,0,0,0,0,0,0,0,0,0,0,0,0,0,0,0,0,0,0,0,0,0,0,0,0,0,0,0,WEB
https://github.com/pavlicekl/pavlicekl.github.io,1,0,0,39,0,0,0,0,1,1,1,1,2,0,31,0,0,0,2776,0,0,0,0,0,0,0,0,0,0,0,0,0,0,0,0,0,0,0,0,0,0,0,0,0,0,0,0,0,0,0,0,0,0,0,0,0,0,0,0,0,0,0,0,0,0,WEB
https://github.com/kellymclaughlin/kellymclaughlin.github.io,2,0,0,1864,1,0,1,0,25,1,1,1,1,0,0,27654,0,0,0,0,0,0,0,0,0,0,0,0,0,0,0,0,0,0,0,0,0,0,0,0,0,0,0,0,0,0,0,0,0,0,0,0,0,0,0,0,0,0,0,0,0,0,0,0,0,WEB
https://github.com/spier/spier.github.io,1,0,0,3131,1,0,1,0,133,1,1,1,4,0,674,22234,0,0,11928,0,3934,0,0,0,0,0,0,0,0,0,0,0,0,0,0,0,0,0,0,0,0,0,0,0,0,0,0,0,0,0,0,0,0,0,0,0,0,0,0,0,0,0,0,0,0,WEB
https://github.com/Kwpolska/kwpolska.github.io,2,1,0,68241,1,0,1,0,9,1,1,1,6,0,0,78815,0,4571,54954,0,0,0,0,0,0,0,0,0,0,0,0,0,0,0,0,0,0,0,0,0,0,0,0,0,0,0,0,0,0,0,3527,0,0,0,0,0,0,0,0,0,0,0,0,0,0,WEB
https://github.com/martinb3/martinb3.github.io,2,0,0,380,1,0,1,0,20,1,1,1,2,0,0,0,0,0,1073,0,0,0,0,0,0,0,0,0,0,0,0,0,0,0,0,0,0,0,0,0,0,0,0,0,0,0,0,0,0,0,0,0,0,0,0,0,0,0,0,0,0,0,0,0,0,WEB
https://github.com/drewfranz/drewfranz.github.io,4,0,0,21,1,0,1,0,16,1,1,1,2,0,61,0,0,0,2437,0,0,0,0,0,0,0,0,0,0,0,0,0,0,0,0,0,0,0,0,0,0,0,0,0,0,0,0,0,0,0,0,0,0,0,0,0,0,0,0,0,0,0,0,0,0,WEB
https://github.com/errordeveloper/errordeveloper.github.io,1,0,0,156,1,0,1,0,24,1,1,1,2,0,0,503,0,0,0,0,2953,0,0,0,0,0,0,0,0,0,0,0,0,0,0,0,0,0,0,0,0,0,0,0,0,0,0,0,0,0,0,0,0,0,0,0,0,0,0,0,0,0,0,0,0,WEB
https://github.com/totalrehab-pt/totalrehab-pt.github.io,2,0,0,14246,1,0,1,0,38,1,1,0,4,0,138,3806,0,0,51749,0,1151,0,0,0,0,0,0,0,0,0,0,0,0,0,0,0,0,0,0,0,0,0,0,0,0,0,0,0,0,0,0,0,0,0,0,0,0,0,0,0,0,0,0,0,0,WEB
https://github.com/zacclark/zacclark.github.io,1,0,0,1708,1,0,1,0,11,1,1,1,0,0,167,0,0,0,0,0,0,0,0,0,0,0,0,0,0,0,0,0,0,0,0,0,0,0,0,0,0,0,0,0,0,0,0,0,0,0,0,0,0,0,0,0,0,0,0,0,0,0,0,0,0,WEB
https://github.com/ofan/ofan.github.io,2,0,0,652,1,0,1,0,3,1,1,1,2,0,0,0,0,0,9004,0,0,0,0,0,0,0,0,0,0,0,0,0,0,0,0,0,0,0,0,0,0,0,0,0,0,0,0,0,0,0,0,0,0,0,0,0,0,0,0,0,0,0,0,0,0,WEB
https://github.com/abibliafalada/abibliafalada.github.io,1,0,0,20779,0,0,0,0,7,1,1,1,3,0,140,542,0,0,5659,0,0,0,0,0,0,0,0,0,0,0,0,0,0,0,0,0,0,0,0,0,0,0,0,0,0,0,0,0,0,0,0,0,0,0,0,0,0,0,0,0,0,0,0,0,0,WEB
https://github.com/morrow/morrow.github.io,2,0,0,792,1,0,1,0,43,1,1,1,1,0,0,0,0,0,0,0,0,0,0,0,0,0,0,0,0,0,0,0,0,0,0,0,0,0,0,0,0,0,0,0,0,0,0,0,0,0,0,0,0,0,0,0,0,0,0,0,0,0,0,0,0,WEB
https://github.com/jamesalmond/jamesalmond.github.io,2,0,0,2328,1,0,1,0,777,97,1,0,3,0,0,2456,0,0,16755,0,299,0,0,0,0,0,0,0,0,0,0,0,0,0,0,0,0,0,0,0,0,0,0,0,0,0,0,0,0,0,0,0,0,0,0,0,0,0,0,0,0,0,0,0,0,WEB
https://github.com/skaterkfbs/skaterkfbs.github.io,1,0,0,132,1,0,1,0,11,1,1,0,0,0,93,0,0,0,0,0,0,0,0,0,0,0,0,0,0,0,0,0,0,0,0,0,0,0,0,0,0,0,0,0,0,0,0,0,0,0,0,0,0,0,0,0,0,0,0,0,0,0,0,0,0,WEB
https://github.com/lucianocosta/lucianocosta.github.io,1,0,0,1255,1,0,1,0,28,1,1,1,3,0,57,20160,0,0,19371,0,0,0,0,0,0,0,0,0,0,0,0,0,0,0,0,0,0,0,0,0,0,0,0,0,0,0,0,0,0,0,0,0,0,0,0,0,0,0,0,0,0,0,0,0,0,WEB
https://github.com/Paws/paws.github.io,3,0,3,228,0,0,0,0,14,1,0,1,0,0,53,0,0,0,0,0,0,0,0,0,0,0,0,0,0,0,0,0,0,0,0,0,0,0,0,0,0,0,0,0,0,0,0,0,0,0,0,0,0,0,0,0,0,0,0,0,0,0,0,0,0,WEB
https://github.com/joearasin/joearasin.github.io,1,0,0,5,1,0,1,0,14,1,1,1,1,0,0,0,0,0,0,0,0,0,0,0,0,0,0,0,0,0,0,0,0,0,0,0,0,0,0,0,0,0,0,0,0,0,0,0,0,0,0,0,0,0,0,0,0,0,0,0,0,0,0,0,0,WEB
https://github.com/jozefizso/jozefizso.github.io,1,0,0,540,1,0,1,0,12,1,1,1,2,0,115,16017,0,0,33021,0,0,0,0,0,0,0,0,0,0,0,0,0,0,0,0,0,0,0,0,0,0,0,0,0,0,0,0,0,0,0,0,0,0,0,0,0,0,0,0,0,0,0,0,0,0,WEB
https://github.com/doerte/old-doerte.github.io,1,0,0,51184,1,0,1,0,153,1,1,1,4,0,0,58,0,0,6111,0,0,0,0,0,0,0,0,0,0,0,0,0,0,0,0,0,0,0,0,0,0,0,0,0,0,0,0,0,0,0,0,0,0,0,0,0,0,0,0,0,0,0,0,0,0,WEB
https://github.com/harleypig/harleypig.github.io,2,0,0,128,1,0,1,0,6,1,1,1,1,0,0,48,0,0,0,0,0,0,0,0,0,0,0,0,0,0,0,0,0,0,0,0,0,0,0,0,0,0,0,0,0,0,0,0,0,0,0,0,0,0,0,0,0,0,0,0,0,0,0,0,0,WEB
https://github.com/sujeet/sujeet.github.io,1,1,0,891,1,0,1,0,40,1,1,1,4,0,0,79377,0,1432,5807,68,0,0,0,0,0,0,0,0,0,0,0,0,0,0,0,0,0,0,0,0,0,0,0,0,0,0,0,0,0,0,0,0,0,0,0,0,0,0,0,0,0,0,0,0,0,WEB
https://github.com/dreese/dreese.github.io,1,0,0,20,1,0,1,0,7,1,1,0,2,0,0,0,0,0,1391,0,0,0,0,0,0,0,0,0,0,0,0,0,0,0,0,0,0,0,0,0,0,0,0,0,0,0,0,0,0,0,0,0,0,0,0,0,0,0,0,0,0,0,0,0,0,WEB
https://github.com/jonathanperret/jonathanperret.github.io,1,0,0,362,1,0,1,0,8,1,1,0,1,0,0,0,0,0,0,0,0,0,0,0,0,0,0,0,0,0,0,0,0,0,0,0,0,0,0,0,0,0,0,0,0,0,0,0,0,0,0,0,0,0,0,0,0,0,0,0,0,0,0,0,0,WEB
https://github.com/EPiCS/epics.github.io,2,0,0,138625,0,0,0,0,229,2,1,1,4,0,2713,2495,0,0,3899,0,0,0,0,0,0,0,0,0,0,0,0,66542,0,0,0,0,0,0,0,0,0,0,0,0,0,0,0,0,0,0,0,0,0,0,0,0,0,0,0,0,0,0,0,0,0,WEB
https://github.com/michaelsbradleyjr/michaelsbradleyjr.github.io,1,0,0,188,1,0,1,0,2,1,1,1,2,0,0,0,0,0,11650,0,0,0,0,0,0,0,0,0,0,0,0,0,0,0,0,0,0,0,0,0,0,0,0,0,0,0,0,0,0,0,0,0,0,0,0,0,0,0,0,0,0,0,0,0,0,WEB
https://github.com/nwgh/nwgh.github.io,4,0,0,7291,1,0,1,0,96,1,1,0,4,0,0,2852,0,0,10663,0,0,0,0,906,0,0,0,0,0,0,0,0,0,0,0,0,0,0,0,0,0,0,0,0,0,0,0,0,0,0,0,0,0,0,0,0,0,0,0,0,0,0,0,0,0,WEB
https://github.com/ryanong/ryanong.github.io,1,0,0,200,1,0,1,0,3,1,1,1,1,0,0,0,0,0,4472,0,0,0,0,0,0,0,0,0,0,0,0,0,0,0,0,0,0,0,0,0,0,0,0,0,0,0,0,0,0,0,0,0,0,0,0,0,0,0,0,0,0,0,0,0,0,WEB
https://github.com/mnicky/mnicky.github.io,1,0,0,204,0,0,0,0,54,1,1,1,1,0,0,0,0,0,0,0,0,0,0,0,0,0,0,0,0,0,0,0,0,0,0,0,0,0,0,0,0,0,0,0,0,0,0,0,0,0,0,0,0,0,0,0,0,0,0,0,0,0,0,0,0,WEB
https://github.com/webjay/webjay.github.io,1,0,0,248,1,0,1,0,8,1,1,1,2,0,19,48,0,0,16164,0,0,0,0,0,0,0,0,0,0,0,0,0,0,0,0,0,0,0,0,0,0,0,0,0,0,0,0,0,0,0,0,0,0,0,0,0,0,0,0,0,0,0,0,0,0,WEB
https://github.com/jsravn/jsravn.github.io,2,0,0,14382,0,0,0,0,462,19,1,1,5,0,0,0,0,0,23179,0,3357,0,0,0,0,0,0,0,0,0,0,0,0,0,0,0,0,0,0,0,0,0,0,0,0,0,0,0,0,0,0,0,0,0,0,0,0,0,0,0,0,0,0,0,0,WEB
https://github.com/clutterapp/clutterapp.github.io,1,0,0,104,1,0,1,0,4,1,1,1,0,0,0,0,0,0,0,0,0,0,0,0,0,0,0,0,0,0,0,0,0,0,0,0,0,0,0,0,0,0,0,0,0,0,0,0,0,0,0,0,0,0,0,0,0,0,0,0,0,0,0,0,0,WEB
https://github.com/sbecker/sbecker.github.io,1,0,0,764,1,0,1,0,8,1,1,1,1,0,0,105067,0,0,0,0,0,0,0,0,0,0,0,0,0,0,0,0,0,0,0,0,0,0,0,0,0,0,0,0,0,0,0,0,0,0,0,0,0,0,0,0,0,0,0,0,0,0,0,0,0,WEB
https://github.com/andrewturner/andrewturner.github.io,1,0,0,128,1,0,1,0,2,1,1,1,3,0,0,964,0,0,9099,0,0,0,0,0,0,0,0,0,0,0,0,0,0,0,0,0,0,0,0,0,0,0,0,0,0,0,0,0,0,0,0,0,0,0,0,0,0,0,0,0,0,0,0,0,0,WEB
https://github.com/wojtekmach/wojtekmach.github.io,5,0,0,1237,0,0,0,0,5,1,1,1,2,0,0,27654,0,0,0,0,0,0,0,0,0,0,0,0,0,0,0,0,0,0,0,0,0,0,0,0,0,0,0,0,0,0,0,0,0,0,0,0,0,0,0,0,0,0,0,0,0,0,0,0,0,WEB
https://github.com/lyle/lyle.github.io,1,1,0,27,1,0,1,0,39,1,1,1,3,0,74,503,0,0,11029,0,0,0,0,0,0,0,0,0,0,0,0,0,0,0,0,0,0,0,0,0,0,0,0,0,0,0,0,0,0,0,0,0,0,0,0,0,0,0,0,0,0,0,0,0,0,WEB
https://github.com/dtjm/dtjm.github.io,1,0,0,1008,1,0,1,0,12,1,1,1,2,0,0,0,0,0,50462,0,0,0,0,0,0,0,0,0,0,0,0,0,0,0,0,0,0,0,0,0,0,0,0,0,0,0,0,0,0,0,0,0,0,0,0,0,0,0,0,0,0,0,0,0,0,WEB
https://github.com/ajoberstar/ajoberstar.github.io,1,0,0,574,1,0,1,0,50,1,1,1,1,0,0,0,0,0,0,0,0,0,0,0,0,0,0,0,0,0,0,0,0,0,0,0,0,0,0,0,0,0,0,0,0,0,0,0,0,0,0,0,0,0,0,0,0,0,0,0,0,0,0,0,0,WEB
https://github.com/jwadamson/jwadamson.github.io,1,0,0,92,1,0,1,0,2,1,1,0,0,0,0,0,0,0,0,0,0,0,0,0,0,0,0,0,0,0,0,0,0,0,0,0,0,0,0,0,0,0,0,0,0,0,0,0,0,0,0,0,0,0,0,0,0,0,0,0,0,0,0,0,0,WEB
https://github.com/flooose/flooose.github.io,2,0,0,622,1,0,1,0,14,1,1,1,5,0,716,0,0,0,2833,0,1299,0,0,236,0,0,856,0,0,0,0,0,0,0,0,0,0,0,0,0,0,0,0,0,0,0,0,0,0,0,0,0,0,0,0,0,0,0,0,0,0,0,0,0,0,WEB
https://github.com/jessecarl/jessecarl.github.io,1,0,1,38892,1,0,1,0,118,1,1,1,4,0,142,783,0,0,140834,0,3318,0,0,0,0,0,0,0,0,0,0,0,0,0,0,0,0,0,0,0,0,0,0,0,0,0,0,0,0,0,0,0,0,0,0,0,0,0,0,0,0,0,0,0,0,WEB
https://github.com/jpcaruana/jpcaruana.github.io,1,0,0,16288,0,0,0,0,145,1,1,1,7,0,204,3984,0,0,18671,0,0,0,0,699,0,0,0,0,0,5927,0,79762,0,0,0,0,0,0,0,0,0,0,0,0,0,0,0,0,0,0,0,0,0,0,0,0,0,0,0,0,0,0,0,0,0,WEB
https://github.com/cnf/cnf.github.io,1,0,0,156,0,0,0,0,21,1,1,0,1,0,0,536,0,0,0,0,0,0,0,0,0,0,0,0,0,0,0,0,0,0,0,0,0,0,0,0,0,0,0,0,0,0,0,0,0,0,0,0,0,0,0,0,0,0,0,0,0,0,0,0,0,WEB
https://github.com/pedroburon/pedroburon.github.io,1,0,0,288,1,0,1,0,33,1,1,1,2,0,71,0,0,0,423,0,0,0,0,0,0,0,0,0,0,0,0,0,0,0,0,0,0,0,0,0,0,0,0,0,0,0,0,0,0,0,0,0,0,0,0,0,0,0,0,0,0,0,0,0,0,WEB
https://github.com/liuw/liuw.github.io,1,0,0,863,1,0,1,0,42,1,1,0,3,0,0,53787,0,0,122827,0,0,0,0,0,0,0,0,0,0,0,0,0,0,0,0,0,0,0,0,0,0,0,0,0,0,0,0,0,0,0,0,0,0,0,0,0,0,0,0,0,0,0,0,0,0,WEB
https://github.com/valentinvieriu/valentinvieriu.github.io,1,0,0,30,1,0,1,0,11,1,1,1,3,0,0,1083,0,0,2573,0,0,0,0,0,0,0,0,0,0,0,0,0,0,0,0,0,0,0,0,0,0,0,0,0,0,0,0,0,0,0,0,0,0,0,0,0,0,0,0,0,0,0,0,0,0,WEB
https://github.com/harishcm/harishcm.github.io,1,0,0,11123,1,0,1,0,63,1,1,0,4,0,0,11392,0,0,21696,0,0,0,10891,0,0,0,0,0,0,0,0,0,0,0,0,0,0,0,0,0,0,0,0,0,0,0,0,0,0,0,0,0,0,0,0,0,0,0,0,0,0,0,0,0,0,WEB
https://github.com/firede/firede.github.io,2,0,0,880,0,0,0,0,3,1,1,1,2,0,0,64805,0,0,32511,0,0,0,0,0,0,0,0,0,0,0,0,0,0,0,0,0,0,0,0,0,0,0,0,0,0,0,0,0,0,0,0,0,0,0,0,0,0,0,0,0,0,0,0,0,0,WEB
https://github.com/kiyo-masui/kiyo-masui.github.io,1,0,0,3537,1,0,1,0,39,1,1,1,2,0,330,0,0,0,12868,0,0,0,0,0,0,0,0,0,0,0,0,0,0,0,0,0,0,0,0,0,0,0,0,0,0,0,0,0,0,0,0,0,0,0,0,0,0,0,0,0,0,0,0,0,0,WEB
https://github.com/jrignacio/jrignacio.github.io,1,0,0,976,1,0,1,0,276,1,1,0,3,0,61,1702,0,0,8242,0,0,0,0,0,0,0,0,0,0,0,0,0,0,0,0,0,0,0,0,0,0,0,0,0,0,0,0,0,0,0,0,0,0,0,0,0,0,0,0,0,0,0,0,0,0,WEB
https://github.com/13k/13k.github.io,1,0,0,1040,1,0,1,0,14,1,1,1,3,0,0,231,0,0,5670,0,0,0,0,0,0,0,0,0,0,0,0,0,0,0,0,0,0,0,0,0,0,0,0,0,0,0,0,0,0,0,0,0,0,0,0,0,0,0,0,0,0,0,0,0,0,WEB
https://github.com/theanuradha/theanuradha.github.io,1,0,0,184,1,0,1,0,2,1,1,0,2,0,7,48,0,0,16164,0,0,0,0,0,0,0,0,0,0,0,0,0,0,0,0,0,0,0,0,0,0,0,0,0,0,0,0,0,0,0,0,0,0,0,0,0,0,0,0,0,0,0,0,0,0,WEB
https://github.com/dkerwin/dkerwin.github.io,1,0,0,536,1,0,1,0,6,1,1,1,2,0,0,69463,0,0,0,0,0,0,0,0,0,0,0,0,0,0,0,0,0,0,0,0,0,0,0,0,0,0,0,0,0,0,0,0,0,0,0,0,0,0,0,0,0,0,0,0,0,0,0,0,0,WEB
https://github.com/aliev/aliev.github.io,2,0,0,50657,1,0,1,0,144,2,1,1,2,0,0,0,0,0,12036,0,0,0,0,0,0,0,0,0,0,0,0,0,0,0,0,0,0,0,0,0,0,0,0,0,0,0,0,0,0,0,0,0,0,0,0,0,0,0,0,0,0,0,0,0,0,WEB
https://github.com/seemann/seemann.github.io,1,0,0,1,0,0,0,0,2,1,1,0,1,0,77,0,0,0,0,0,0,0,0,0,0,0,0,0,0,0,0,0,0,0,0,0,0,0,0,0,0,0,0,0,0,0,0,0,0,0,0,0,0,0,0,0,0,0,0,0,0,0,0,0,0,WEB
https://github.com/stigkj/stigkj.github.io,2,0,0,1372,1,0,1,0,1,1,1,1,1,0,0,27654,0,0,0,0,0,0,0,0,0,0,0,0,0,0,0,0,0,0,0,0,0,0,0,0,0,0,0,0,0,0,0,0,0,0,0,0,0,0,0,0,0,0,0,0,0,0,0,0,0,WEB
https://github.com/lgarron/lgarron.github.io,1,0,0,39,1,0,1,0,2,1,1,1,1,0,0,0,0,0,0,0,0,0,0,0,0,0,0,0,0,0,0,0,0,0,0,0,0,0,0,0,0,0,0,0,0,0,0,0,0,0,0,0,0,0,0,0,0,0,0,0,0,0,0,0,0,WEB
https://github.com/carsomyr/carsomyr.github.io,1,0,0,136,0,0,0,0,2,1,1,1,0,0,0,0,0,0,0,0,0,0,0,0,0,0,0,0,0,0,0,0,0,0,0,0,0,0,0,0,0,0,0,0,0,0,0,0,0,0,0,0,0,0,0,0,0,0,0,0,0,0,0,0,0,WEB
https://github.com/toolbear/toolbear.github.io,5,1,2,16006,1,0,1,0,30,1,1,1,1,0,0,0,0,0,0,0,0,0,0,0,0,0,0,0,0,0,0,0,0,0,0,0,0,0,0,0,0,0,0,0,0,0,0,0,0,0,0,0,0,0,0,0,0,0,0,0,0,0,0,0,0,WEB
https://github.com/evanbeard/evanbeard.github.io,0,0,0,48,1,0,1,0,0,0,1,0,0,0,0,0,0,0,0,0,0,0,0,0,0,0,0,0,0,0,0,0,0,0,0,0,0,0,0,0,0,0,0,0,0,0,0,0,0,0,0,0,0,0,0,0,0,0,0,0,0,0,0,0,0,WEB
https://github.com/Lalaland/lalaland.github.io,1,0,0,96,1,0,1,0,2,1,1,0,0,0,0,0,0,0,0,0,0,0,0,0,0,0,0,0,0,0,0,0,0,0,0,0,0,0,0,0,0,0,0,0,0,0,0,0,0,0,0,0,0,0,0,0,0,0,0,0,0,0,0,0,0,WEB
https://github.com/maxsz/maxsz.github.io,1,0,0,92,1,0,1,0,0,0,1,1,0,0,0,0,0,0,0,0,0,0,0,0,0,0,0,0,0,0,0,0,0,0,0,0,0,0,0,0,0,0,0,0,0,0,0,0,0,0,0,0,0,0,0,0,0,0,0,0,0,0,0,0,0,WEB
https://github.com/troygoode/troygoode.github.io,1,0,0,3532,1,0,1,0,28,1,1,1,3,1,3552,0,0,0,17100,0,0,0,0,0,7536,0,0,0,0,0,0,0,0,0,0,0,0,0,0,0,0,0,0,0,0,0,0,0,0,0,0,0,0,0,0,0,0,0,0,0,0,0,0,0,0,WEB
https://github.com/mediavrog/mediavrog.github.io,2,0,0,30578,1,0,1,0,62,1,1,1,4,1,6033,68171,0,0,71466,0,3182,0,0,0,0,0,0,0,0,0,0,0,0,0,0,0,0,0,0,0,0,0,0,0,0,0,0,0,0,0,0,0,0,0,0,0,0,0,0,0,0,0,0,0,0,WEB
https://github.com/victusfate/victusfate.github.io,1,0,0,291,1,0,1,0,52,1,1,1,4,0,340,1847,0,0,6022,0,0,0,0,0,0,0,0,0,0,0,2907,0,0,0,0,0,0,0,0,0,0,0,0,0,0,0,0,0,0,0,0,0,0,0,0,0,0,0,0,0,0,0,0,0,0,WEB
https://github.com/syoichi/syoichi.github.io,1,0,0,114,0,0,0,0,7,1,1,0,0,0,10,0,0,0,0,0,0,0,0,0,0,0,0,0,0,0,0,0,0,0,0,0,0,0,0,0,0,0,0,0,0,0,0,0,0,0,0,0,0,0,0,0,0,0,0,0,0,0,0,0,0,WEB
https://github.com/jamesan/jamesan.github.io,1,0,0,11844,0,0,0,0,77,1,1,1,4,0,184,2585,0,0,7773,0,303,0,0,0,0,0,0,0,0,0,0,0,0,0,0,0,0,0,0,0,0,0,0,0,0,0,0,0,0,0,0,0,0,0,0,0,0,0,0,0,0,0,0,0,0,WEB
https://github.com/maveonair/maveonair.github.io,1,0,0,350,0,0,0,0,23,1,1,1,2,0,28,0,0,0,3191,0,0,0,0,0,0,0,0,0,0,0,0,0,0,0,0,0,0,0,0,0,0,0,0,0,0,0,0,0,0,0,0,0,0,0,0,0,0,0,0,0,0,0,0,0,0,WEB
https://github.com/joshdk/joshdk.github.io,1,0,0,100,1,0,1,0,4,1,1,0,0,0,31,0,0,0,0,0,0,0,0,0,0,0,0,0,0,0,0,0,0,0,0,0,0,0,0,0,0,0,0,0,0,0,0,0,0,0,0,0,0,0,0,0,0,0,0,0,0,0,0,0,0,WEB
https://github.com/japboy/japboy.github.io,2,0,0,1776,1,0,1,0,1,1,1,1,1,0,47,1172,0,0,0,0,0,0,0,0,0,0,0,0,0,0,0,0,0,0,0,0,0,0,0,0,0,0,0,0,0,0,0,0,0,0,0,0,0,0,0,0,0,0,0,0,0,0,0,0,0,WEB
https://github.com/CodingDojo/codingdojo.github.io,2,0,1,2056,1,0,1,0,7,2,1,1,0,0,0,0,0,0,0,0,0,0,0,0,0,0,0,0,0,0,0,0,0,0,0,0,0,0,0,0,0,0,0,0,0,0,0,0,0,0,0,0,0,0,0,0,0,0,0,0,0,0,0,0,0,WEB
https://github.com/tsavola/tsavola.github.io,1,0,0,0,0,0,0,0,2,1,0,0,1,0,0,0,0,0,0,0,0,0,0,0,0,0,0,0,0,0,0,0,0,0,0,0,0,0,0,0,0,0,0,0,0,0,0,0,0,0,0,0,0,0,0,0,0,0,0,0,0,0,0,0,0,WEB
https://github.com/ronbo/ronbo.github.io,1,0,0,92,1,0,1,0,2,1,1,1,0,0,0,0,0,0,0,0,0,0,0,0,0,0,0,0,0,0,0,0,0,0,0,0,0,0,0,0,0,0,0,0,0,0,0,0,0,0,0,0,0,0,0,0,0,0,0,0,0,0,0,0,0,WEB
https://github.com/jimnanney/jimnanney.github.io,2,0,0,1784,1,0,1,0,40,1,1,1,1,0,0,71754,0,0,0,0,0,0,0,0,0,0,0,0,0,0,0,0,0,0,0,0,0,0,0,0,0,0,0,0,0,0,0,0,0,0,0,0,0,0,0,0,0,0,0,0,0,0,0,0,0,WEB
https://github.com/sumeetjain/sumeetjain.github.io,1,0,0,21512,0,0,0,0,213,1,1,1,1,0,356,0,0,0,16080,0,0,0,0,0,0,0,0,0,0,0,0,0,0,0,0,0,0,0,0,0,0,0,0,0,0,0,0,0,0,0,0,0,0,0,0,0,0,0,0,0,0,0,0,0,0,WEB
https://github.com/plashchynski/plashchynski.github.io,1,0,0,277,1,0,1,0,101,1,1,1,1,0,0,0,0,0,0,0,0,0,0,0,0,0,0,0,0,0,0,0,0,0,0,0,0,0,0,0,0,0,0,0,0,0,0,0,0,0,0,0,0,0,0,0,0,0,0,0,0,0,0,0,0,WEB
https://github.com/ahutchings/ahutchings.github.io,1,0,0,6252,1,0,1,0,41,1,0,0,2,0,22,0,0,0,1106,0,0,0,0,0,0,0,0,0,0,0,0,0,0,0,0,0,0,0,0,0,0,0,0,0,0,0,0,0,0,0,0,0,0,0,0,0,0,0,0,0,0,0,0,0,0,WEB
https://github.com/lyoshenka/lyoshenka.github.io,1,0,0,332,1,0,1,0,54,1,1,0,1,0,20,0,0,0,0,0,0,0,0,0,0,0,0,0,0,0,0,0,0,0,0,0,0,0,0,0,0,0,0,0,0,0,0,0,0,0,0,0,0,0,0,0,0,0,0,0,0,0,0,0,0,WEB
https://github.com/tindzk/tindzk.github.io-old,1,0,0,228,0,0,0,0,39,1,1,0,3,0,0,0,0,0,9422,0,0,0,0,663,0,0,0,0,0,0,0,0,0,0,0,0,0,0,0,0,0,0,0,0,0,0,0,0,0,0,0,0,0,0,0,0,0,0,0,0,0,0,0,0,0,WEB
https://github.com/mathphreak/mathphreak.github.io,2,0,0,427481,1,0,1,0,118,1,1,1,4,0,81,0,0,0,506,0,135,0,0,108,0,0,0,0,0,0,0,0,0,0,0,0,0,0,0,0,0,0,0,0,0,0,0,0,0,0,0,0,0,0,0,0,0,0,0,0,0,0,0,0,0,WEB
https://github.com/joshfinnie/joshfinnie.github.io,1,0,0,240,1,0,1,0,13,1,1,1,2,0,0,0,0,0,7563,0,0,0,0,0,0,0,0,0,0,0,0,0,0,0,0,0,0,0,0,0,0,0,0,0,0,0,0,0,0,0,0,0,0,0,0,0,0,0,0,0,0,0,0,0,0,WEB
https://github.com/udzura/udzura.github.io,2,0,0,2316,1,0,1,0,33,1,1,1,3,0,0,44524,0,0,9977,0,29,0,0,0,0,0,0,0,0,0,0,0,0,0,0,0,0,0,0,0,0,0,0,0,0,0,0,0,0,0,0,0,0,0,0,0,0,0,0,0,0,0,0,0,0,WEB
https://github.com/ivotron/ivotron.github.io,2,0,0,26079,0,0,0,0,61,1,1,0,4,0,131,0,0,0,2060,0,0,0,0,223,0,0,0,0,0,0,0,0,0,0,0,0,3783,0,0,0,0,0,0,0,0,0,0,0,0,0,0,0,0,0,0,0,0,0,0,0,0,0,0,0,0,WEB
https://github.com/littleapps/littleapps.github.io,2,0,0,25044,1,0,1,0,83,1,1,1,3,1,1171,0,0,0,4821,0,4124,0,0,0,0,0,0,0,0,0,42,0,0,0,0,0,0,0,0,0,0,0,0,0,0,0,0,0,0,0,0,0,0,0,0,0,0,0,0,0,0,0,0,0,0,WEB
https://github.com/shedd/shedd.github.io,1,0,0,104,0,0,0,0,1,1,1,1,2,0,0,503,0,0,10815,0,0,0,0,0,0,0,0,0,0,0,0,0,0,0,0,0,0,0,0,0,0,0,0,0,0,0,0,0,0,0,0,0,0,0,0,0,0,0,0,0,0,0,0,0,0,WEB
https://github.com/ttal1/ttal1.github.io,2,1,0,473,1,0,1,0,19,1,1,1,2,0,95,0,0,0,12669,0,0,0,0,0,0,0,0,0,0,0,0,0,0,0,0,0,0,0,0,0,0,0,0,0,0,0,0,0,0,0,0,0,0,0,0,0,0,0,0,0,0,0,0,0,0,WEB
https://github.com/nkm/nkm.github.io,2,0,0,495,1,0,1,0,32,1,1,1,3,1,0,0,0,0,9803,0,0,0,0,0,0,0,0,0,0,0,0,0,0,0,0,0,0,0,0,0,0,0,0,0,0,0,0,0,0,0,0,0,0,0,0,0,0,0,0,0,0,0,0,0,0,WEB
https://github.com/grassofhust/grassofhust.github.io,1,0,0,4327,0,0,0,0,25,2,1,1,3,0,0,0,0,0,32968,0,0,0,223,0,0,0,0,0,0,0,0,0,0,0,0,0,0,0,0,0,0,0,0,0,0,0,0,0,0,0,0,0,0,0,0,0,0,0,0,0,0,0,0,0,0,WEB
https://github.com/dellsystem/dellsystem.github.io,1,0,1,2335,1,0,1,0,236,2,1,1,3,0,486,0,0,4963,12065,0,0,0,0,0,0,0,0,0,0,0,0,0,0,0,0,0,0,0,0,0,0,0,0,0,0,0,0,0,0,0,0,0,0,0,0,0,0,0,0,0,0,0,0,0,0,WEB
https://github.com/crccheck/crccheck.github.io,1,0,1,23,1,0,1,0,25,1,1,0,4,0,0,0,0,0,8015,0,3086,0,0,0,0,0,0,0,0,0,0,0,0,0,0,0,0,0,0,0,0,0,0,0,0,0,0,0,0,0,0,0,0,0,0,0,0,0,0,0,0,0,0,0,0,WEB
https://github.com/kucrut/kucrut.github.io,1,1,0,88,1,0,1,0,0,0,1,0,0,0,0,0,0,0,0,0,0,0,0,0,0,0,0,0,0,0,0,0,0,0,0,0,0,0,0,0,0,0,0,0,0,0,0,0,0,0,0,0,0,0,0,0,0,0,0,0,0,0,0,0,0,WEB
https://github.com/wicz/wicz.github.io,2,0,0,486,0,0,0,0,7,1,1,0,2,0,0,0,0,0,11307,0,0,0,0,0,0,0,0,0,0,0,0,0,0,0,0,0,0,0,0,0,0,0,0,0,0,0,0,0,0,0,0,0,0,0,0,0,0,0,0,0,0,0,0,0,0,WEB
https://github.com/tzvetkoff/tzvetkoff.github.io,1,0,0,544,0,0,0,0,27,1,1,1,4,0,50,12518,0,0,8057,0,50,0,0,0,0,0,0,0,0,0,0,0,0,0,0,0,0,0,0,0,0,0,0,0,0,0,0,0,0,0,0,0,0,0,0,0,0,0,0,0,0,0,0,0,0,WEB
https://github.com/pololu/pololu.github.io,1,0,0,4702,1,0,1,0,77,3,1,0,4,0,0,353938,0,0,272343,0,0,0,0,208,0,0,0,0,0,0,0,0,0,0,0,0,0,0,0,0,0,0,0,0,0,0,0,0,0,0,0,0,0,0,0,0,0,0,0,0,0,0,0,0,0,WEB
https://github.com/sillyotter/sillyotter.github.io,1,0,0,148,1,0,1,0,7,1,1,1,1,0,0,48,0,0,0,0,0,0,0,0,0,0,0,0,0,0,0,0,0,0,0,0,0,0,0,0,0,0,0,0,0,0,0,0,0,0,0,0,0,0,0,0,0,0,0,0,0,0,0,0,0,WEB
https://github.com/dpskvn/dpskvn.github.io,2,0,0,3744,1,0,1,0,56,1,1,1,3,0,78,5291,0,0,11966,0,0,0,0,0,0,0,0,0,0,0,0,0,0,0,0,0,0,0,0,0,0,0,0,0,0,0,0,0,0,0,0,0,0,0,0,0,0,0,0,0,0,0,0,0,0,WEB
https://github.com/Indamix/indamix.github.io,1,0,0,244,1,0,1,0,33,1,1,0,3,0,49,0,0,0,0,0,843,0,0,38,0,0,0,0,0,0,0,0,0,0,0,0,0,0,0,0,0,0,0,0,0,0,0,0,0,0,0,0,0,0,0,0,0,0,0,0,0,0,0,0,0,WEB
https://github.com/jeffremer/jeffremer.github.io,1,0,0,432,1,0,1,0,73,1,1,1,2,0,0,0,0,0,66567,0,3398,0,0,0,0,0,0,0,0,0,0,0,0,0,0,0,0,0,0,0,0,0,0,0,0,0,0,0,0,0,0,0,0,0,0,0,0,0,0,0,0,0,0,0,0,WEB
https://github.com/Youwotma/youwotma.github.io,1,0,0,12515,1,0,1,0,66,1,1,0,6,0,0,33510,0,0,81957,163375,0,0,0,5537,0,0,0,0,0,0,0,0,0,0,0,0,0,0,0,0,0,0,0,0,0,0,0,0,0,0,0,0,0,0,0,0,0,0,0,0,0,0,0,0,0,WEB
https://github.com/sirlancelot/sirlancelot.github.io,2,1,1,620,0,0,0,0,68,1,1,1,3,0,67,104516,0,0,12132,0,0,0,0,0,0,0,0,0,0,0,0,0,0,0,0,0,0,0,0,0,0,0,0,0,0,0,0,0,0,0,0,0,0,0,0,0,0,0,0,0,0,0,0,0,0,WEB
https://github.com/tmatilai/tmatilai.github.io,1,0,0,100,0,0,0,0,6,1,1,0,0,0,0,0,0,0,0,0,0,0,0,0,0,0,0,0,0,0,0,0,0,0,0,0,0,0,0,0,0,0,0,0,0,0,0,0,0,0,0,0,0,0,0,0,0,0,0,0,0,0,0,0,0,WEB
https://github.com/zabbal/zabbal.github.io,1,0,0,5,1,0,1,0,5,1,1,1,2,0,61,0,0,0,1009,0,0,0,0,0,0,0,0,0,0,0,0,0,0,0,0,0,0,0,0,0,0,0,0,0,0,0,0,0,0,0,0,0,0,0,0,0,0,0,0,0,0,0,0,0,0,WEB
https://github.com/jonathonw/jonathonw.github.io,1,0,0,704,1,0,1,0,39,1,1,1,1,0,0,0,0,0,2745,0,0,0,0,0,0,0,0,0,0,0,0,0,0,0,0,0,0,0,0,0,0,0,0,0,0,0,0,0,0,0,0,0,0,0,0,0,0,0,0,0,0,0,0,0,0,WEB
https://github.com/msztolcman/msztolcman.github.io,1,0,0,4,1,0,1,0,10,1,1,0,1,0,18,0,0,0,0,0,0,0,0,0,0,0,0,0,0,0,0,0,0,0,0,0,0,0,0,0,0,0,0,0,0,0,0,0,0,0,0,0,0,0,0,0,0,0,0,0,0,0,0,0,0,WEB
https://github.com/haowaiwai/haowaiwai.github.io,4,0,0,3723,1,0,1,0,1,1,1,0,2,0,0,0,0,0,20436,0,0,0,0,0,0,0,0,0,0,0,0,0,0,0,0,0,0,0,0,0,0,0,0,0,0,0,0,0,0,0,0,0,0,0,0,0,0,0,0,0,0,0,0,0,0,WEB
https://github.com/logic/logic.github.io,1,0,0,24,1,0,1,0,27,1,1,1,3,0,47,0,0,0,5205,0,49,0,0,0,0,0,0,0,0,0,0,0,0,0,0,0,0,0,0,0,0,0,0,0,0,0,0,0,0,0,0,0,0,0,0,0,0,0,0,0,0,0,0,0,0,WEB
https://github.com/hellojwilde/hellojwilde.github.io,2,0,0,778,0,0,0,0,110,2,1,1,3,0,875,904,0,0,15155,0,0,0,0,0,0,0,0,0,0,0,0,0,0,0,0,0,0,0,0,0,0,0,0,0,0,0,0,0,0,0,0,0,0,0,0,0,0,0,0,0,0,0,0,0,0,WEB
https://github.com/nicopolyptic/nicopolyptic.github.io,1,0,0,95850,0,0,0,0,269,1,1,0,4,0,0,281846,0,0,22409,0,0,0,0,0,0,0,0,0,0,0,0,0,0,0,0,0,0,0,0,0,0,0,0,0,0,0,0,0,0,0,1970,0,0,0,0,0,0,0,0,0,0,0,0,0,0,WEB
https://github.com/metanoise/metanoise.github.io,1,0,0,160,1,0,1,0,7,1,1,1,0,0,0,0,0,0,0,0,0,0,0,0,0,0,0,0,0,0,0,0,0,0,0,0,0,0,0,0,0,0,0,0,0,0,0,0,0,0,0,0,0,0,0,0,0,0,0,0,0,0,0,0,0,WEB
https://github.com/jmalonzo/jmalonzo.github.io,1,0,0,19,1,0,1,0,10,1,1,0,3,0,0,536,0,0,12812,0,0,0,0,0,0,0,0,0,0,0,0,0,0,0,0,0,0,0,0,0,0,0,0,0,0,0,0,0,0,0,0,0,0,0,0,0,0,0,0,0,0,0,0,0,0,WEB
https://github.com/pieterjanv/pieterjanv.github.io,1,0,0,112,1,0,1,0,19,1,1,0,1,0,0,1167,0,0,0,0,0,0,0,0,0,0,0,0,0,0,0,0,0,0,0,0,0,0,0,0,0,0,0,0,0,0,0,0,0,0,0,0,0,0,0,0,0,0,0,0,0,0,0,0,0,WEB
https://github.com/waynegraham/waynegraham.github.io,3,0,0,21650,1,0,1,0,36,1,1,0,5,1,0,37766,0,0,183805,0,1533,0,0,0,0,0,0,0,0,0,0,0,0,0,0,0,0,0,0,0,0,0,0,0,0,0,0,0,0,0,0,0,0,0,0,0,0,0,0,0,0,0,0,0,0,WEB
https://github.com/huwr/huwr.github.io,1,0,0,10900,1,0,1,0,21,1,1,1,3,0,46,0,0,0,48723,0,0,0,0,0,0,0,0,0,0,0,0,17351,0,0,0,0,0,0,0,0,0,0,0,0,0,0,0,0,0,0,0,0,0,0,0,0,0,0,0,0,0,0,0,0,0,WEB
https://github.com/jasonrhodes/jasonrhodes.github.io,3,0,0,20509,1,0,1,0,41,1,1,1,3,0,0,5213,0,0,19508,0,0,0,0,0,0,0,0,0,0,0,0,0,0,0,0,0,0,0,0,0,0,0,0,0,0,0,0,0,0,0,0,0,0,0,0,0,0,0,0,0,0,0,0,0,0,WEB
https://github.com/safaci2000/safaci2000.github.io,1,0,0,188,1,0,1,0,1,1,1,1,1,0,0,66445,0,0,0,0,0,0,0,0,0,0,0,0,0,0,0,0,0,0,0,0,0,0,0,0,0,0,0,0,0,0,0,0,0,0,0,0,0,0,0,0,0,0,0,0,0,0,0,0,0,WEB
https://github.com/jbw/jbw.github.io,1,0,0,695,1,0,1,0,34,1,1,1,3,0,15,48,0,0,42120,0,0,0,0,0,0,0,0,0,0,0,0,0,0,0,0,0,0,0,0,0,0,0,0,0,0,0,0,0,0,0,0,0,0,0,0,0,0,0,0,0,0,0,0,0,0,WEB
https://github.com/darrend/darrend.github.io,1,0,0,132,0,0,0,0,1,1,1,1,0,0,30,0,0,0,0,0,0,0,0,0,0,0,0,0,0,0,0,0,0,0,0,0,0,0,0,0,0,0,0,0,0,0,0,0,0,0,0,0,0,0,0,0,0,0,0,0,0,0,0,0,0,WEB
https://github.com/brianjlandau/brianjlandau.github.io,1,0,0,132,1,0,1,0,4,1,1,0,0,0,0,0,0,0,0,0,0,0,0,0,0,0,0,0,0,0,0,0,0,0,0,0,0,0,0,0,0,0,0,0,0,0,0,0,0,0,0,0,0,0,0,0,0,0,0,0,0,0,0,0,0,WEB
https://github.com/edgar/edgar.github.io,1,0,0,2492,1,0,1,0,66,1,1,1,3,0,67,0,0,0,58165,0,494,0,0,0,0,0,0,0,0,0,0,0,0,0,0,0,0,0,0,0,0,0,0,0,0,0,0,0,0,0,0,0,0,0,0,0,0,0,0,0,0,0,0,0,0,WEB
https://github.com/statonjr/statonjr.github.io,2,0,0,1292,1,0,1,0,32,1,1,1,1,0,59,0,0,0,519,0,0,0,0,0,0,0,0,0,0,0,0,0,0,0,0,0,0,0,0,0,0,0,0,0,0,0,0,0,0,0,0,0,0,0,0,0,0,0,0,0,0,0,0,0,0,WEB
https://github.com/clee/clee.github.io,1,0,0,2712,1,0,1,0,274,26,1,1,2,0,6277,89180,0,0,0,0,0,0,0,1403,0,0,0,0,0,0,0,0,0,0,0,0,0,0,0,0,0,0,0,0,0,0,0,0,0,0,0,0,0,0,0,0,0,0,0,0,0,0,0,0,0,WEB
https://github.com/frkcn/frkcn.github.io,1,0,0,6502,1,0,1,0,104,1,1,0,4,1,28,125,0,0,23734,0,3527,0,0,0,0,0,0,0,0,0,0,0,0,0,0,0,0,0,0,0,0,0,0,0,0,0,0,0,0,0,0,0,0,0,0,0,0,0,0,0,0,0,0,0,0,WEB
https://github.com/monteslu/monteslu.github.io,2,0,0,600,0,0,0,0,11,1,1,1,1,0,0,0,0,0,0,0,0,0,0,0,0,0,0,0,0,0,0,0,0,0,0,0,0,0,0,0,0,0,0,0,0,0,0,0,0,0,0,0,0,0,0,0,0,0,0,0,0,0,0,0,0,WEB
https://github.com/SKAhack/skahack.github.io,2,0,0,1820,1,0,1,0,5,1,1,0,3,0,0,4668,0,0,2915,0,0,0,0,0,0,0,0,0,0,0,0,0,0,0,0,0,0,0,0,0,0,0,0,0,0,0,0,0,0,0,0,0,0,0,0,0,0,0,0,0,0,0,0,0,0,WEB
https://github.com/ivar/ivar.github.io,2,0,0,6,1,0,1,0,1,1,1,1,0,0,0,0,0,0,0,0,0,0,0,0,0,0,0,0,0,0,0,0,0,0,0,0,0,0,0,0,0,0,0,0,0,0,0,0,0,0,0,0,0,0,0,0,0,0,0,0,0,0,0,0,0,WEB
https://github.com/horaguchi/horaguchi.github.io,1,0,0,170,0,0,0,0,30,1,1,1,3,0,46,418608,0,0,5326,0,0,0,0,0,0,0,0,0,0,0,0,0,0,0,0,0,0,0,0,0,0,0,0,0,0,0,0,0,0,0,0,0,0,0,0,0,0,0,0,0,0,0,0,0,0,WEB
https://github.com/ccollicutt/ccollicutt.github.io,1,0,0,25325,1,0,1,0,388,1,1,1,2,0,244,0,0,0,19449,0,0,0,0,0,0,0,0,0,0,0,0,0,0,0,0,0,0,0,0,0,0,0,0,0,0,0,0,0,0,0,0,0,0,0,0,0,0,0,0,0,0,0,0,0,0,WEB
https://github.com/Narno/narno.github.io,2,0,0,728,0,0,0,0,72,1,1,1,5,0,531,641,0,0,1260,748,0,0,0,705,0,0,0,0,0,0,0,0,0,0,0,0,0,0,0,0,0,0,0,0,0,0,0,0,0,0,0,0,0,0,0,0,0,0,0,0,0,0,0,0,0,WEB
https://github.com/nwjsmith/nwjsmith.github.io,1,0,0,723,1,0,1,0,75,1,1,1,5,0,463,4630,0,0,48220,0,3170,0,0,368,0,0,0,0,0,0,0,0,0,0,0,0,0,0,0,0,0,0,0,0,0,0,0,0,0,0,0,0,0,0,0,0,0,0,0,0,0,0,0,0,0,WEB
https://github.com/laurenceputra/laurenceputra.github.io,2,0,0,4117,1,0,1,0,32,1,1,0,3,0,0,240329,0,0,11785,0,0,0,0,0,0,0,0,0,0,0,0,0,0,0,0,0,0,0,0,0,0,0,0,0,0,0,0,0,0,0,0,0,0,0,0,0,0,0,0,0,0,0,0,0,0,WEB
https://github.com/mossnz/mossnz.github.io,1,0,0,428,0,0,0,0,99,1,1,1,2,0,100,0,0,0,6452,0,0,0,0,0,0,0,0,0,0,0,0,0,0,0,0,0,0,0,0,0,0,0,0,0,0,0,0,0,0,0,0,0,0,0,0,0,0,0,0,0,0,0,0,0,0,WEB
https://github.com/chrishoffman/chrishoffman.github.io,0,0,0,48,0,0,0,0,0,0,1,1,0,0,0,0,0,0,0,0,0,0,0,0,0,0,0,0,0,0,0,0,0,0,0,0,0,0,0,0,0,0,0,0,0,0,0,0,0,0,0,0,0,0,0,0,0,0,0,0,0,0,0,0,0,WEB
https://github.com/gautema/gautema.github.io,1,0,0,3392,1,0,1,0,124,1,1,1,3,0,0,104839,0,0,95082,0,0,0,0,0,0,0,0,0,0,0,0,0,0,0,0,0,0,0,0,0,0,0,0,0,0,0,0,0,0,0,0,0,0,0,0,0,0,0,0,0,0,0,0,0,0,WEB
https://github.com/evan/evan.github.io,1,1,0,7158,1,0,1,0,22,1,1,1,1,0,0,0,0,0,140077,0,0,0,0,0,0,0,0,0,0,0,0,0,0,0,0,0,0,0,0,0,0,0,0,0,0,0,0,0,0,0,0,0,0,0,0,0,0,0,0,0,0,0,0,0,0,WEB
https://github.com/phatblat/phatblat.github.io.bak,4,1,0,16368,1,0,1,0,39,1,1,1,4,1,161,89678,0,3523,0,0,0,0,0,111,0,0,0,0,0,0,0,0,0,0,0,0,0,0,0,0,0,0,0,0,0,0,0,0,0,0,0,0,0,0,0,0,0,0,0,0,0,0,0,0,0,WEB
https://github.com/nikolajbaer/nikolajbaer.github.io,1,0,0,5778,1,0,1,0,112,1,1,1,3,0,0,1818376,0,0,308600,0,0,0,0,0,0,0,0,0,0,0,0,0,0,0,0,0,0,0,0,0,0,0,0,0,0,0,0,0,0,0,0,0,0,0,0,0,0,0,0,0,0,0,0,0,0,WEB
https://github.com/jedahan/jedahan.github.io,1,0,0,16955,0,0,0,0,211,1,1,0,2,0,292,0,0,0,5601,0,0,0,0,0,0,0,0,0,0,0,0,0,0,0,0,0,0,0,0,0,0,0,0,0,0,0,0,0,0,0,0,0,0,0,0,0,0,0,0,0,0,0,0,0,0,WEB
https://github.com/pukkaone/pukkaone.github.io,1,0,0,248,1,0,1,0,111,2,1,1,3,0,450,0,0,0,4947,0,3087,0,0,0,0,0,0,0,0,0,0,0,0,0,0,0,0,0,0,0,0,0,0,0,0,0,0,0,0,0,0,0,0,0,0,0,0,0,0,0,0,0,0,0,0,WEB
https://github.com/neolao/neolao.github.io,1,0,1,27804,1,0,1,0,51,1,1,1,6,0,83,20111,0,0,76677,0,108,0,0,554,0,0,0,0,0,0,0,0,0,0,0,0,0,0,0,0,0,0,0,0,0,0,0,0,0,0,0,0,0,0,0,0,0,0,0,0,0,0,0,0,0,WEB
https://github.com/atoulme/atoulme.github.io,2,0,0,296,1,0,1,0,36,1,1,0,3,1,253,0,0,0,7181,0,2829,0,0,0,0,0,0,0,0,0,0,0,0,0,0,0,0,0,0,0,0,0,0,0,0,0,0,0,0,0,0,0,0,0,0,0,0,0,0,0,0,0,0,0,0,WEB
https://github.com/hickford/hickford.github.io,1,0,0,628,1,0,1,0,77,1,1,1,5,0,226,0,0,0,11117,0,1333,0,0,181,0,0,0,0,0,0,0,0,0,0,0,0,0,0,0,0,0,0,0,0,0,0,0,0,0,0,0,0,0,0,0,0,0,0,0,0,0,0,0,0,0,WEB
https://github.com/maurov/maurov.github.io,1,0,0,361,1,0,1,0,15,1,1,1,3,0,43,76255,0,0,38020,0,0,0,0,0,0,0,0,0,0,0,0,0,0,0,0,0,0,0,0,0,0,0,0,0,0,0,0,0,0,0,0,0,0,0,0,0,0,0,0,0,0,0,0,0,0,WEB
https://github.com/networkimprov/networkimprov.github.io,1,0,1,488169,1,0,1,0,77,2,1,0,3,0,0,15851,0,0,4151,0,0,0,0,0,0,0,0,0,0,0,0,0,0,0,0,0,0,0,0,0,0,0,0,0,0,0,0,0,0,0,0,0,0,0,0,0,0,0,0,0,0,0,0,0,0,WEB
https://github.com/tyru/tyru.github.io,1,0,0,1645,0,0,0,0,79,1,1,0,6,0,0,270497,464,0,9670,0,0,3013,0,0,0,0,0,0,0,7660,0,0,0,0,0,0,0,0,0,0,0,0,0,0,0,0,0,0,0,0,0,0,0,0,0,0,0,0,0,0,0,0,0,0,0,WEB
https://github.com/tonybruess/tonybruess.github.io,1,0,0,88,1,0,1,0,2,1,1,1,1,0,0,0,0,0,0,0,0,0,0,0,0,0,0,0,0,0,0,0,0,0,0,0,0,0,0,0,0,0,0,0,0,0,0,0,0,0,0,0,0,0,0,0,0,0,0,0,0,0,0,0,0,WEB
https://github.com/tyok/tyok.github.io,1,0,0,220,1,0,1,0,12,1,1,0,2,0,0,0,0,0,1936,0,2725,0,0,0,0,0,0,0,0,0,0,0,0,0,0,0,0,0,0,0,0,0,0,0,0,0,0,0,0,0,0,0,0,0,0,0,0,0,0,0,0,0,0,0,0,WEB
https://github.com/HiroshiHorie/hiroshihorie.github.io,1,0,0,2676,0,0,0,0,8,1,1,1,3,0,0,1031693,0,0,210664,0,0,0,0,0,0,0,0,0,0,0,0,0,0,0,0,0,0,0,0,0,0,0,0,0,0,0,0,0,0,0,0,0,0,0,0,0,0,0,0,0,0,0,0,0,0,WEB
https://github.com/arlukin/arlukin.github.io,1,0,0,3252,1,0,1,0,120,1,1,1,3,1,500,58533,0,0,138014,0,49,0,0,0,0,0,0,0,0,0,0,0,0,0,0,0,0,0,0,0,0,0,0,0,0,0,0,0,0,0,0,0,0,0,0,0,0,0,0,0,0,0,0,0,0,WEB
https://github.com/myw/myw.github.io,3,0,0,497,1,0,1,0,15,1,1,1,3,0,0,818,0,0,3436,0,0,0,0,0,0,0,0,0,0,0,0,0,0,0,0,0,0,0,0,0,0,0,0,0,0,0,0,0,0,0,0,0,0,0,0,0,0,0,0,0,0,0,0,0,0,WEB
https://github.com/stuartpb/stuartpb.github.io,1,0,0,279,1,0,1,0,31,1,1,0,1,0,0,0,0,0,0,0,0,0,0,0,0,0,0,0,0,0,0,0,0,0,0,0,0,0,0,0,0,0,0,0,0,0,0,0,0,0,0,0,0,0,0,0,0,0,0,0,0,0,0,0,0,WEB
https://github.com/joedavis/joedavis.github.io,1,0,0,9740,0,0,0,0,24,1,1,0,3,0,0,0,0,0,2914,0,68,0,0,0,0,0,0,0,0,0,0,0,0,0,0,0,0,0,0,0,0,0,0,0,0,0,0,0,0,0,0,0,0,0,0,0,0,0,0,0,0,0,0,0,0,WEB
https://github.com/timjb/timjb.github.io,2,0,4,8261,1,0,1,0,102,1,1,1,5,0,177,0,0,0,6412,0,0,0,0,1298,0,0,0,0,0,0,0,3475,0,0,0,0,2292,0,0,0,0,0,0,0,0,0,0,0,0,0,0,0,0,0,0,0,0,0,0,0,0,0,0,0,0,WEB
https://github.com/ReadyTalk/readytalk.github.io,1,0,0,158839,1,0,1,0,18,5,1,1,3,0,0,584,0,0,75282,0,0,0,0,0,0,0,0,0,0,0,0,0,0,0,0,0,0,0,0,0,0,0,0,0,0,0,0,0,0,0,0,0,0,0,0,0,0,0,0,0,0,0,0,0,0,WEB
https://github.com/antoniovazquezblanco/antoniovazquezblanco.github.io,1,0,0,11360,1,0,1,0,153,1,1,1,2,0,64,258,0,0,0,0,0,0,0,0,0,0,0,0,0,0,0,0,0,0,0,0,0,0,0,0,0,0,0,0,0,0,0,0,0,0,0,0,0,0,0,0,0,0,0,0,0,0,0,0,0,WEB
https://github.com/develop7/develop7.github.io,1,0,0,120,1,0,1,0,21,1,1,1,3,0,0,584,0,0,15647,0,0,0,0,0,0,0,0,0,0,0,0,0,0,0,0,0,0,0,0,0,0,0,0,0,0,0,0,0,0,0,0,0,0,0,0,0,0,0,0,0,0,0,0,0,0,WEB
https://github.com/mnoble/mnoble.github.io,3,0,1,1132,1,0,1,0,23,1,1,1,2,0,0,0,0,0,55084,0,1058,0,0,0,0,0,0,0,0,0,0,0,0,0,0,0,0,0,0,0,0,0,0,0,0,0,0,0,0,0,0,0,0,0,0,0,0,0,0,0,0,0,0,0,0,WEB
https://github.com/comfuture/comfuture.github.io,1,0,0,288,1,0,1,0,4,1,1,1,1,0,0,27654,0,0,0,0,0,0,0,0,0,0,0,0,0,0,0,0,0,0,0,0,0,0,0,0,0,0,0,0,0,0,0,0,0,0,0,0,0,0,0,0,0,0,0,0,0,0,0,0,0,WEB
https://github.com/gwmccort/gwmccort.github.io-old,2,0,0,204,1,0,1,0,22,1,1,0,3,0,149,0,0,0,68446,0,0,0,0,0,0,0,0,0,0,0,0,0,0,0,0,0,0,0,0,0,0,0,0,0,0,0,0,0,0,0,0,0,0,0,0,0,0,0,0,0,0,0,0,0,0,WEB
https://github.com/dinomite/dinomite.github.io,2,0,0,6423,1,0,1,0,18,1,1,0,1,0,0,0,0,0,0,0,0,0,0,0,0,0,0,0,0,0,0,0,0,0,0,0,0,0,0,0,0,0,0,0,0,0,0,0,0,0,0,0,0,0,0,0,0,0,0,0,0,0,0,0,0,WEB
https://github.com/danhorst/danhorst.github.io,1,0,0,738,1,0,1,0,70,1,1,1,3,0,177,0,0,0,8424,0,3194,0,0,0,0,0,0,0,0,0,0,0,0,0,0,0,0,0,0,0,0,0,0,0,0,0,0,0,0,0,0,0,0,0,0,0,0,0,0,0,0,0,0,0,0,WEB
https://github.com/realityforge/realityforge.github.io,1,0,0,1300,1,0,1,0,230,1,0,1,5,0,0,101915,0,26206,69445,0,7993,0,0,0,0,0,0,0,0,0,0,0,0,0,0,0,0,0,0,0,0,0,0,0,0,0,0,0,0,0,0,0,0,0,0,0,0,0,0,0,0,0,0,0,0,WEB
https://github.com/goatslacker/goatslacker.github.io,1,0,0,248,1,0,1,0,23,1,1,0,2,0,0,0,0,0,10196,0,0,0,0,0,0,0,0,0,0,0,0,0,0,0,0,0,0,0,0,0,0,0,0,0,0,0,0,0,0,0,0,0,0,0,0,0,0,0,0,0,0,0,0,0,0,WEB
https://github.com/masasuzu/masasuzu.github.io,1,0,0,60,0,0,0,0,23,1,1,0,3,0,39,29666,0,0,4884,0,0,0,0,0,0,0,0,0,0,0,0,0,0,0,0,0,0,0,0,0,0,0,0,0,0,0,0,0,0,0,0,0,0,0,0,0,0,0,0,0,0,0,0,0,0,WEB
https://github.com/MattRead/mattread.github.io,1,1,0,625,1,0,1,0,182,2,1,1,6,0,0,1634,0,0,9270,697,1253,0,0,682,0,0,0,0,0,0,0,0,0,0,0,0,0,0,0,0,0,0,0,0,0,0,0,0,0,0,0,0,0,0,0,0,0,0,0,0,0,0,0,0,0,WEB
https://github.com/zephyr/zephyr.github.io,1,0,0,4,1,0,1,0,11,1,1,1,1,0,105,0,0,0,0,0,0,0,0,0,0,0,0,0,0,0,0,0,0,0,0,0,0,0,0,0,0,0,0,0,0,0,0,0,0,0,0,0,0,0,0,0,0,0,0,0,0,0,0,0,0,WEB
https://github.com/postmodern/postmodern.github.io,1,0,0,767,1,0,1,0,144,2,1,1,3,0,380,880,0,0,16743,0,0,0,0,0,0,0,0,0,0,0,0,0,0,0,0,0,0,0,0,0,0,0,0,0,0,0,0,0,0,0,0,0,0,0,0,0,0,0,0,0,0,0,0,0,0,WEB
https://github.com/rf-/rf-.github.io,1,0,0,280,1,0,1,0,9,1,1,0,1,0,0,86121,0,0,0,0,0,0,0,0,0,0,0,0,0,0,0,0,0,0,0,0,0,0,0,0,0,0,0,0,0,0,0,0,0,0,0,0,0,0,0,0,0,0,0,0,0,0,0,0,0,WEB
https://github.com/guigs/guigs.github.io,1,0,0,1068,1,0,1,0,11,1,1,1,2,0,0,0,0,0,12673,0,0,0,0,0,0,0,0,0,0,0,0,0,0,0,0,0,0,0,0,0,0,0,0,0,0,0,0,0,0,0,0,0,0,0,0,0,0,0,0,0,0,0,0,0,0,WEB
https://github.com/ciupicri/ciupicri.github.io,1,0,0,13,1,0,1,0,40,1,1,1,1,0,0,0,0,0,0,0,0,0,0,0,0,0,0,0,0,0,0,0,0,0,0,0,0,0,0,0,0,0,0,0,0,0,0,0,0,0,0,0,0,0,0,0,0,0,0,0,0,0,0,0,0,WEB
https://github.com/patch/patch.github.io,1,0,0,2481,0,0,0,0,146,1,1,1,3,1,486,0,0,0,11140,0,48,0,0,0,0,0,0,0,0,0,0,0,0,0,0,0,0,0,0,0,0,0,0,0,0,0,0,0,0,0,0,0,0,0,0,0,0,0,0,0,0,0,0,0,0,WEB
https://github.com/DavidDurman/DavidDurman.github.io,1,0,1,6624,1,0,1,0,9,1,1,1,2,0,122,67608,0,0,25614,0,0,0,0,0,0,0,0,0,0,0,0,0,0,0,0,0,0,0,0,0,0,0,0,0,0,0,0,0,0,0,0,0,0,0,0,0,0,0,0,0,0,0,0,0,0,WEB
https://github.com/testinfected/testinfected.github.io,1,0,0,464,1,0,1,0,55,1,1,1,1,0,0,0,0,0,10050,0,0,0,0,0,0,0,0,0,0,0,0,0,0,0,0,0,0,0,0,0,0,0,0,0,0,0,0,0,0,0,0,0,0,0,0,0,0,0,0,0,0,0,0,0,0,WEB
https://github.com/vrillusions/vrillusions.github.io,1,1,0,616,1,0,1,0,13,1,1,1,3,0,0,16520,0,0,24355,0,397,0,0,0,0,0,0,0,0,0,0,0,0,0,0,0,0,0,0,0,0,0,0,0,0,0,0,0,0,0,0,0,0,0,0,0,0,0,0,0,0,0,0,0,0,WEB
https://github.com/bdd/bdd.github.io,2,0,0,168,1,0,1,0,23,1,1,0,0,0,0,0,0,0,0,0,0,0,0,0,0,0,0,0,0,0,0,0,0,0,0,0,0,0,0,0,0,0,0,0,0,0,0,0,0,0,0,0,0,0,0,0,0,0,0,0,0,0,0,0,0,WEB
https://github.com/alastairs/alastairs.github.io,1,0,0,67,1,0,1,0,22,1,1,1,4,0,21,0,0,0,2493,1465,0,0,0,0,0,0,0,0,0,0,0,0,0,0,0,0,0,0,0,0,0,0,0,0,0,0,0,0,0,0,0,0,0,0,0,0,0,0,0,0,0,0,0,0,0,WEB
https://github.com/jacknagel/jacknagel.github.io,1,0,0,26,1,0,1,0,26,1,1,0,1,0,0,0,0,0,0,0,0,0,0,0,0,0,0,0,0,0,0,0,0,0,0,0,0,0,0,0,0,0,0,0,0,0,0,0,0,0,0,0,0,0,0,0,0,0,0,0,0,0,0,0,0,WEB
https://github.com/stereobooster/stereobooster.github.io,3,0,0,21446,0,0,0,0,170,10,1,0,4,0,2424,1409,0,0,329707,0,11066,0,0,0,0,0,0,0,0,0,0,0,0,0,0,0,0,0,0,0,0,0,0,0,0,0,0,0,0,0,0,0,0,0,0,0,0,0,0,0,0,0,0,0,0,WEB
https://github.com/rmm5t/rmm5t.github.io,1,0,0,124,1,0,1,0,8,1,0,1,1,0,0,0,0,0,0,0,0,0,0,0,0,0,0,0,0,0,0,0,0,0,0,0,0,0,0,0,0,0,0,0,0,0,0,0,0,0,0,0,0,0,0,0,0,0,0,0,0,0,0,0,0,WEB
https://github.com/d2fn/d2fn.github.io,1,0,0,4723,1,0,1,0,129,1,1,0,3,0,0,31408,0,0,6113,0,0,0,0,0,0,0,0,0,0,0,0,0,0,0,0,0,0,0,0,0,0,0,0,0,0,0,0,0,0,0,0,0,0,0,0,0,0,0,0,0,0,0,0,0,0,WEB
https://github.com/meatinleather/b0oh.github.io,2,0,0,24,1,0,1,0,15,1,1,0,2,0,0,0,0,0,9406,0,0,0,0,0,0,0,0,0,0,0,0,0,0,0,0,0,0,0,0,0,0,0,0,0,0,0,0,0,0,0,0,0,0,0,0,0,0,0,0,0,0,0,0,0,0,WEB
https://github.com/spudtrooper/treerepl,1,0,0,96,2,0,2,0,1,1,1,1,1,1,346,0,0,0,0,0,8189,0,0,0,0,0,0,0,0,0,0,0,0,0,0,0,0,0,0,0,0,0,0,0,0,0,0,0,0,0,0,0,0,0,0,0,0,0,0,0,0,0,0,0,0,WEB
https://github.com/zer0her0/zer0her0.github.io,1,0,0,377,1,0,1,0,64,1,1,1,3,0,78,0,0,0,5592,0,0,0,0,0,0,0,0,0,0,0,0,0,0,0,0,0,0,0,0,0,0,0,0,0,0,0,0,4836,0,0,0,0,0,0,0,0,0,0,0,0,0,0,0,0,0,WEB
https://github.com/xi4oh4o/xi4oh4o.github.io,1,0,0,3265,1,0,1,0,194,1,1,1,3,0,215,909,0,0,10199,0,0,0,0,0,0,0,0,0,0,0,0,0,0,0,0,0,0,0,0,0,0,0,0,0,0,0,0,0,0,0,0,0,0,0,0,0,0,0,0,0,0,0,0,0,0,WEB
https://github.com/RiverForestServiceClub/RiverForestServiceClub.github.io,1,0,0,102212,1,0,1,0,57,1,1,1,5,0,0,0,0,1718,2203,0,0,0,0,304,0,0,0,0,0,0,0,0,0,0,0,0,0,0,0,0,0,0,0,0,0,0,0,0,0,0,0,0,2472,0,0,0,0,0,0,0,0,0,0,0,0,WEB
https://github.com/ioncache/ioncache.github.com,1,0,0,92,1,0,1,0,5,1,1,1,0,0,30,0,0,0,0,0,0,0,0,0,0,0,0,0,0,0,0,0,0,0,0,0,0,0,0,0,0,0,0,0,0,0,0,0,0,0,0,0,0,0,0,0,0,0,0,0,0,0,0,0,0,WEB
https://github.com/iortega/iortega.github.com,1,0,0,696,1,0,1,0,9,1,1,1,0,0,0,0,0,0,0,0,0,0,0,0,0,0,0,0,0,0,0,0,0,0,0,0,0,0,0,0,0,0,0,0,0,0,0,0,0,0,0,0,0,0,0,0,0,0,0,0,0,0,0,0,0,WEB
https://github.com/dataich/githandson,1,0,0,192,1,0,1,0,14,1,1,1,2,0,602,2306,0,0,0,0,0,0,0,0,0,0,0,0,0,0,1633,0,0,0,0,0,0,0,0,0,0,0,0,0,0,0,0,0,0,0,0,0,0,0,0,0,0,0,0,0,0,0,0,0,0,WEB
