https://github.com/phalcon/tutorial,2,126,7,206,123,0,123,0,13,4,1,1,3,0,953,0,0,0,0,2153,0,0,0,0,0,0,0,0,0,0,0,0,0,0,0,0,0,0,0,0,0,0,0,0,0,0,0,0,0,0,0,0,0,0,0,0,0,0,0,0,0,0,0,0,0,EDU
https://github.com/python-excel/tutorial,1,46,3,419,150,0,150,0,15,1,1,1,1,0,509,0,0,30099,0,0,0,0,0,0,0,0,0,0,0,0,0,0,0,0,0,0,0,0,0,0,0,0,0,0,0,0,0,0,0,0,0,0,0,0,0,0,0,0,0,0,0,0,0,0,0,EDU
https://github.com/SparkFun-Tutorial/Tutorial,1,14,2,92,2,0,2,0,1,1,1,1,0,0,0,0,0,0,0,0,0,0,0,0,0,0,0,0,0,0,0,0,0,0,0,0,0,0,0,0,0,0,0,0,0,0,0,0,0,0,0,0,0,0,0,0,0,0,0,0,0,0,0,0,0,EDU
https://github.com/ParsePlatform/PushTutorial,12,379,11,88700,480,0,480,0,45,9,1,1,5,1,294,0,4461,0,3753,0,0,0,0,0,117446,320093,0,0,0,0,0,0,0,0,0,0,0,0,0,0,0,0,0,0,0,0,0,0,0,0,0,0,0,0,0,0,0,0,0,0,0,0,0,0,0,EDU
https://github.com/spotify/apps-tutorial,2,172,0,9178,610,0,610,0,128,4,1,1,0,0,1132,0,0,0,0,0,0,0,0,0,0,0,0,0,0,0,0,0,0,0,0,0,0,0,0,0,0,0,0,0,0,0,0,0,0,0,0,0,0,0,0,0,0,0,0,0,0,0,0,0,0,EDU
https://github.com/cschneider/Karaf-Tutorial,3,231,2,567,168,0,168,0,176,9,1,0,2,1,525,0,160073,0,0,0,0,0,0,0,0,0,0,0,0,0,0,0,0,0,0,0,0,0,0,0,0,0,0,0,0,0,0,0,0,0,0,0,0,0,0,0,0,0,0,0,0,0,0,0,0,EDU
https://github.com/tfredrich/RestApiTutorial.com,1,650,4,2269,1434,0,1434,0,115,17,1,1,2,0,258,0,0,0,0,0,0,0,0,0,0,0,0,0,0,0,0,0,0,0,0,0,0,0,0,0,0,0,0,0,0,0,0,0,0,0,0,0,0,0,0,0,0,0,0,0,0,0,0,0,0,EDU
https://github.com/gregkh/kernel-tutorial,1,105,0,6947,437,0,437,0,30,3,1,1,0,0,0,0,0,0,0,0,0,0,0,0,0,0,0,0,0,0,0,0,0,0,0,0,0,0,0,0,0,0,0,0,0,0,0,0,0,0,0,0,0,0,0,0,0,0,0,0,0,0,0,0,0,EDU
https://github.com/rabbitmq/rabbitmq-tutorials,24,855,1,3050,1406,0,1406,0,532,44,1,1,15,1,904,7488,22038,18040,0,24830,6368,0,0,9634,47968,20497,0,0,17168,9823,0,0,0,0,0,0,9727,0,10094,0,0,0,0,0,0,11282,0,0,0,0,0,0,0,0,0,0,0,0,0,0,8605,0,0,0,0,EDU
https://github.com/jbehave/jbehave-tutorial,1,171,7,1158,119,0,119,0,303,2,1,0,2,0,3020,0,32145,0,0,0,0,0,0,0,0,0,0,0,0,0,0,0,0,0,0,0,0,0,0,0,0,8324,0,0,0,0,0,0,0,0,0,0,0,0,0,0,0,0,0,0,0,0,0,0,0,EDU
https://github.com/swannodette/logic-tutorial,1,70,9,339,771,0,771,0,71,12,1,1,1,0,15425,0,0,0,0,0,0,0,0,0,0,0,0,0,0,0,0,0,0,0,0,0,0,0,2398,0,0,0,0,0,0,0,0,0,0,0,0,0,0,0,0,0,0,0,0,0,0,0,0,0,0,EDU
https://github.com/openresty/nginx-tutorials,2,290,1,870,1537,0,1537,0,187,7,1,1,3,0,824,0,0,0,4287,0,0,0,0,0,0,0,0,0,0,33641,0,0,0,0,0,0,0,0,0,0,0,0,0,0,0,0,0,0,0,0,0,0,0,0,0,0,0,0,0,0,0,0,0,0,0,EDU
https://github.com/sebleedelisle/Tutorials,1,51,0,434,62,0,62,0,13,1,1,0,1,0,2630,4390,0,0,0,0,0,0,0,0,0,0,0,0,0,0,0,0,0,0,0,0,0,0,0,0,0,0,0,0,0,0,0,0,0,0,0,0,0,0,0,0,0,0,0,0,0,0,0,0,0,EDU
https://github.com/llimllib/bloomfilter-tutorial,2,103,1,38,273,0,273,0,43,5,1,1,2,1,57,1417,0,0,0,0,0,0,0,0,0,0,0,0,0,0,0,0,0,0,0,0,0,0,0,0,0,0,0,0,0,0,0,0,0,0,0,0,0,0,0,0,0,0,0,0,0,0,0,0,0,EDU
https://github.com/swannodette/enlive-tutorial,2,73,13,365,536,0,536,0,167,13,1,1,2,0,40185,0,0,0,719,0,0,0,0,0,0,0,0,0,0,0,0,0,0,0,0,0,0,0,11465,0,0,0,0,0,0,0,0,0,0,0,0,0,0,0,0,0,0,0,0,0,0,0,0,0,0,EDU
https://github.com/sdiehl/gevent-tutorial,4,88,5,469,313,0,313,0,127,30,1,1,4,0,1914,3116,0,1007,23392,0,0,0,0,0,0,0,0,0,0,0,0,0,0,0,0,0,0,0,0,0,0,0,0,0,0,0,0,0,0,0,0,0,0,0,0,0,0,0,0,0,0,0,0,0,0,EDU
https://github.com/loarabia/Clang-tutorial,6,80,4,539,384,0,384,0,126,10,1,1,3,1,2681,0,0,0,0,0,0,55496,858,0,0,0,0,0,0,0,0,0,0,0,0,0,0,0,0,0,0,0,0,0,0,0,0,0,0,0,0,0,0,0,0,0,0,0,0,0,0,0,0,0,0,EDU
https://github.com/dhruvbaldawa/Tutorials,1,37,2,2237,51,0,51,0,21,1,1,1,8,0,0,64577,0,15429,81421,3179,0,0,0,0,0,0,0,0,0,0,0,0,0,0,0,0,0,0,0,0,0,0,0,0,0,0,0,0,0,0,0,0,0,0,0,0,0,0,0,0,0,0,0,0,0,EDU
https://github.com/nikkobautista/laravel-tutorial,1,78,6,919,130,0,130,0,13,3,1,0,2,1,206,118510,0,0,0,685469,0,0,0,0,0,0,0,0,0,0,0,0,0,0,0,0,0,0,0,0,0,0,0,0,0,0,0,0,0,0,0,0,0,0,0,0,0,0,0,0,0,0,0,0,0,EDU
https://github.com/scott-sherwood/Tutorials,1,40,0,22586,18,0,18,0,20,1,1,1,3,1,229,0,0,0,0,9324,0,0,6418,0,0,401808,0,0,0,0,0,0,0,0,0,0,0,0,0,0,0,0,0,0,0,0,0,0,0,0,0,0,0,0,0,0,0,0,0,0,0,0,0,0,0,EDU
https://github.com/zznate/cassandra-tutorial,2,61,1,262,122,0,122,0,1,1,1,1,1,0,2143,0,54306,0,0,0,0,0,0,0,0,0,0,0,0,0,0,0,0,0,0,0,0,0,0,0,0,0,0,0,0,0,0,0,0,0,0,0,0,0,0,0,0,0,0,0,0,0,0,0,0,EDU
https://github.com/roman10/roman10-android-tutorial,1,243,4,11871,269,0,269,0,75,1,1,1,5,0,861,0,2695166,0,0,0,0,4900,105853,0,0,0,0,0,0,664,0,0,0,0,0,0,0,0,0,0,0,0,0,0,0,0,0,0,222841,0,0,0,0,0,0,0,0,0,0,0,0,0,0,0,0,EDU
https://github.com/mhartl/rails_tutorial_sublime_text,1,140,0,31,757,0,757,0,57,10,1,1,1,0,5201,0,0,1275,0,0,0,0,0,0,0,0,0,0,0,0,0,0,0,0,0,0,0,0,0,0,0,0,0,0,0,0,0,0,0,0,0,0,0,0,0,0,0,0,0,0,0,0,0,0,0,EDU
https://github.com/chriskite/git-tutorial,1,70,0,107,72,0,72,0,1,1,1,1,1,0,7337,0,0,0,0,1690,0,0,0,0,0,0,0,0,0,0,0,0,0,0,0,0,0,0,0,0,0,0,0,0,0,0,0,0,0,0,0,0,0,0,0,0,0,0,0,0,0,0,0,0,0,EDU
https://github.com/lisa-lab/DeepLearningTutorials,3,1417,19,8285,2388,0,2388,0,723,42,1,1,2,1,1539,0,0,224895,0,0,0,0,0,4504,0,0,0,0,0,0,0,0,0,0,0,0,0,0,0,0,0,0,0,0,0,0,0,0,0,0,0,0,0,0,0,0,0,0,0,0,0,0,0,0,0,EDU
https://github.com/tthibo/SQL-Tutorial,1,55,5,2978,105,0,105,0,32,2,1,1,2,0,1044,0,0,0,0,0,3538,0,0,0,0,0,0,0,0,0,0,0,0,0,0,0,0,0,0,0,0,0,0,0,0,0,0,0,0,0,0,0,0,0,0,0,0,0,0,0,0,0,0,0,0,EDU
https://github.com/viggiosoft/NewsstandTutorial,1,38,2,168,126,0,126,0,3,1,1,1,1,0,1570,0,0,0,0,0,0,0,0,0,0,39829,0,0,0,0,0,0,0,0,0,0,0,0,0,0,0,0,0,0,0,0,0,0,0,0,0,0,0,0,0,0,0,0,0,0,0,0,0,0,0,EDU
https://github.com/BloodAxe/OpenCV-Tutorial,1,137,5,114777,325,0,325,0,101,4,1,1,4,0,1836,0,0,0,0,0,0,1702188,72165,0,0,38801,0,0,0,0,0,0,0,0,0,0,0,0,0,0,0,0,0,0,0,0,0,0,0,0,0,0,0,0,0,0,0,0,0,0,0,0,0,0,0,EDU
https://github.com/kyzyx/Tutorials,1,24,0,197,18,0,18,0,26,1,1,1,2,0,172,0,0,0,0,0,0,49712,2280,0,0,0,0,0,0,0,0,0,0,0,0,0,0,0,0,0,0,0,0,0,0,0,0,0,0,0,0,0,0,0,0,0,0,0,0,0,0,0,0,0,0,EDU
https://github.com/ccoenraets/backbone-cellar,1,408,8,2164,937,0,937,0,16,1,1,1,4,0,566,434593,1234,0,0,144727,0,0,0,0,0,10776,0,0,0,0,0,0,0,0,0,0,0,0,0,0,0,0,0,0,0,0,0,0,0,0,0,0,0,0,0,0,0,0,0,0,0,0,0,0,0,EDU
https://github.com/akrabat/zf2-tutorial,5,139,0,522,156,0,156,0,94,6,1,0,1,0,124,0,0,0,0,17235,0,0,0,0,0,0,0,0,0,0,0,0,0,0,0,0,0,0,0,0,0,0,0,0,0,0,0,0,0,0,0,0,0,0,0,0,0,0,0,0,0,0,0,0,0,EDU
https://github.com/bev-a-tron/MyFlaskTutorial,1,120,5,2088,203,0,203,0,138,15,1,1,3,0,446,0,0,4241,918,0,0,0,0,0,0,0,0,0,0,0,0,0,0,0,0,0,0,0,0,0,0,0,0,0,0,0,0,0,0,0,0,0,0,0,0,0,0,0,0,0,0,0,0,0,0,EDU
https://github.com/gregkh/usb_tutorial,1,42,0,936,55,0,55,0,14,3,1,1,3,0,0,0,0,0,0,0,0,0,20890,837,0,0,0,0,0,0,0,0,0,0,0,0,0,0,0,0,0,0,0,0,0,0,0,0,0,0,0,0,0,0,0,0,0,0,0,0,0,0,0,0,0,EDU
https://github.com/jeffreybreen/twitter-sentiment-analysis-tutorial-201107,1,308,2,376,256,0,256,0,0,0,1,1,1,1,2112,0,0,0,0,0,0,0,0,0,0,0,9511,0,0,0,0,0,0,0,0,0,0,0,0,0,0,0,0,0,0,0,0,0,0,0,0,0,0,0,0,0,0,0,0,0,0,0,0,0,0,EDU
https://github.com/angular/angular-phonecat,5,4626,4,115748,2727,0,2727,0,226,40,1,1,5,1,11115,16064,0,0,2388,0,0,0,0,5043,0,0,0,0,0,0,0,0,0,0,0,0,0,0,0,0,0,0,0,0,0,0,0,0,0,0,0,0,0,0,0,0,0,0,0,0,0,0,0,0,0,EDU
https://github.com/jimwebber/neo4j-tutorial,1,93,13,383160,280,0,280,0,566,12,1,1,2,0,6276,0,348353,0,0,0,0,0,0,2602,0,0,0,0,0,0,0,0,0,0,0,0,0,0,0,0,0,0,0,0,0,0,0,0,0,0,0,0,0,0,0,0,0,0,0,0,0,0,0,0,0,EDU
https://github.com/simonmar/par-tutorial,3,22,1,7665,172,0,172,0,68,3,1,1,1,0,372,0,0,0,0,0,0,0,0,0,0,0,0,0,0,0,0,0,0,0,0,0,88382,0,0,0,0,0,0,0,0,0,0,0,0,0,0,0,0,0,0,0,0,0,0,0,0,0,0,0,0,EDU
https://github.com/hjwp/Test-Driven-Django-Tutorial,11,67,5,2310,363,0,363,0,195,6,1,1,2,0,6183,0,0,29714,0,0,0,0,0,0,0,0,0,0,0,0,0,0,0,0,0,0,0,0,0,0,0,0,0,0,0,0,0,0,0,0,0,0,0,0,0,0,0,0,0,0,0,0,0,0,0,EDU
https://github.com/chenshuo/muduo-tutorial,1,40,0,101,34,0,34,0,5,1,1,1,1,0,328,0,0,0,0,0,0,2047,0,0,0,0,0,0,0,0,0,0,0,0,0,0,0,0,0,0,0,0,0,0,0,0,0,0,0,0,0,0,0,0,0,0,0,0,0,0,0,0,0,0,0,EDU
https://github.com/orfjackal/tdd-tetris-tutorial,5,83,0,836,212,0,212,0,283,1,1,1,1,0,11594,0,21160,0,0,0,0,0,0,0,0,0,0,0,0,0,0,0,0,0,0,0,0,0,0,0,0,0,0,0,0,0,0,0,0,0,0,0,0,0,0,0,0,0,0,0,0,0,0,0,0,EDU
https://github.com/echen/ggplot2-tutorial,1,80,0,116,222,0,222,0,8,2,1,1,1,0,11583,0,0,0,0,0,0,0,0,0,0,0,8220,0,0,0,0,0,0,0,0,0,0,0,0,0,0,0,0,0,0,0,0,0,0,0,0,0,0,0,0,0,0,0,0,0,0,0,0,0,0,EDU
https://github.com/sebp/PyGObject-Tutorial,1,83,4,2088,184,0,184,0,172,35,1,1,2,1,207,0,0,7466,0,0,0,0,0,0,0,0,0,0,0,0,0,0,0,0,0,0,0,0,0,0,0,0,0,0,0,0,0,0,0,0,0,0,0,0,0,0,0,0,0,0,0,0,0,0,0,EDU
https://github.com/TheErk/CMake-tutorial,1,26,0,5672,70,0,70,0,36,1,1,1,4,0,1037,0,0,0,0,0,0,0,0,171,0,0,0,0,0,0,0,157976,0,0,0,0,0,0,0,0,0,0,0,0,0,0,0,0,0,0,0,0,0,0,0,0,0,0,0,0,0,0,0,0,0,EDU
https://github.com/krams915/spring-security-tutorial,1,133,0,120,53,0,53,0,13,1,1,0,1,0,0,0,7456,0,0,0,0,0,0,0,0,0,0,0,0,0,0,0,0,0,0,0,0,0,0,0,0,0,0,0,0,0,0,0,0,0,0,0,0,0,0,0,0,0,0,0,0,0,0,0,0,EDU
https://github.com/cubewebsites/Impress.js-Tutorial,1,92,0,129,105,0,105,0,8,3,1,1,3,0,336,9669,0,0,396,0,0,0,0,0,0,0,0,0,0,0,0,0,0,0,0,0,0,0,0,0,0,0,0,0,0,0,0,0,0,0,0,0,0,0,0,0,0,0,0,0,0,0,0,0,0,EDU
https://github.com/jslatts/nodechat-tutorial,1,17,0,8565,132,0,132,0,15,1,1,1,1,0,584,97987,0,0,0,0,0,0,0,0,0,0,0,0,0,0,0,0,0,0,0,0,0,0,0,0,0,0,0,0,0,0,0,0,0,0,0,0,0,0,0,0,0,0,0,0,0,0,0,0,0,EDU
https://github.com/DavidKlassen/node-tutorial,2,18,0,949,119,0,119,0,17,1,1,0,0,0,28,0,0,0,0,0,0,0,0,0,0,0,0,0,0,0,0,0,0,0,0,0,0,0,0,0,0,0,0,0,0,0,0,0,0,0,0,0,0,0,0,0,0,0,0,0,0,0,0,0,0,EDU
https://github.com/manuelkiessling/nodebeginner.org,5,1508,7,2158,3246,0,3246,0,362,35,1,1,5,0,1521,6689,0,0,25116,1326,0,0,0,0,0,0,0,0,0,0,0,0,0,0,0,0,0,0,0,0,0,0,0,0,0,0,0,0,0,0,0,0,0,0,0,0,0,0,0,0,0,0,0,0,0,EDU
https://github.com/ParsePlatform/OneToManyTutorial,1,86,0,3371,57,0,57,0,7,4,1,1,5,1,800,0,6116,0,3753,0,0,0,698,0,0,100333,0,0,0,0,0,0,0,0,0,0,0,0,0,0,0,0,0,0,0,0,0,0,0,0,0,0,0,0,0,0,0,0,0,0,0,0,0,0,0,EDU
https://github.com/felixge/node-memory-leak-tutorial,1,27,5,274,738,0,738,0,7,3,1,1,1,0,3387,363,0,0,0,0,0,0,0,0,0,0,0,0,0,0,0,0,0,0,0,0,0,0,0,0,0,0,0,0,0,0,0,0,0,0,0,0,0,0,0,0,0,0,0,0,0,0,0,0,0,EDU
https://github.com/luisibanez/M-Tutorial,1,42,0,383,10,0,10,0,130,16,1,1,4,1,232,0,0,9005,0,0,0,0,1858,6724,0,0,0,0,0,0,0,0,0,0,0,0,0,0,0,0,0,0,0,0,0,0,0,0,0,0,0,0,0,0,0,0,0,0,0,0,0,0,0,0,0,EDU
https://github.com/doctrine/doctrine2-orm-tutorial,1,66,4,163,86,0,86,0,10,5,1,1,1,0,210,0,0,0,0,10590,0,0,0,0,0,0,0,0,0,0,0,0,0,0,0,0,0,0,0,0,0,0,0,0,0,0,0,0,0,0,0,0,0,0,0,0,0,0,0,0,0,0,0,0,0,EDU
https://github.com/chrishulbert/JavaTutorial,1,29,1,212,21,0,21,0,1,1,1,1,1,0,291,0,7935,0,0,0,0,0,0,0,0,0,0,0,0,0,0,0,0,0,0,0,0,0,0,0,0,0,0,0,0,0,0,0,0,0,0,0,0,0,0,0,0,0,0,0,0,0,0,0,0,EDU
https://github.com/learnopengles/Learn-OpenGLES-Tutorials,1,309,0,438,469,0,469,0,33,3,1,1,3,0,340,30282,249739,0,0,0,0,0,0,0,0,0,0,0,0,0,0,0,0,0,0,0,0,0,0,0,0,0,0,0,0,0,0,0,0,0,0,0,0,0,0,0,0,0,0,0,0,0,0,0,0,EDU
https://github.com/ParsePlatform/LoginAndSignUpTutorial,1,135,1,36821,137,0,137,0,9,4,1,1,2,0,842,0,0,0,0,0,0,0,696,0,0,775251,0,0,0,0,0,0,0,0,0,0,0,0,0,0,0,0,0,0,0,0,0,0,0,0,0,0,0,0,0,0,0,0,0,0,0,0,0,0,0,EDU
https://github.com/sciguy14/Arduino-Tutorial-Series,1,53,3,92,120,0,120,0,20,1,1,1,4,1,1350,0,0,0,0,0,0,0,2000,0,0,0,0,0,0,0,0,0,0,0,0,0,0,0,0,0,27574,0,0,0,0,0,0,27970,0,0,0,0,0,0,0,0,0,0,0,0,0,0,0,0,0,EDU
https://github.com/henocdz/Tutoriales,2,15,0,299,9,0,9,0,9,1,1,1,3,0,208,5025,0,0,0,8294,0,1585,0,0,0,0,0,0,0,0,0,0,0,0,0,0,0,0,0,0,0,0,0,0,0,0,0,0,0,0,0,0,0,0,0,0,0,0,0,0,0,0,0,0,0,EDU
https://github.com/liancheng/llvm-tutorial-cn,1,45,0,641,165,0,165,0,42,1,1,1,3,0,0,0,0,7812,0,0,0,26005,0,5101,0,0,0,0,0,0,0,0,0,0,0,0,0,0,0,0,0,0,0,0,0,0,0,0,0,0,0,0,0,0,0,0,0,0,0,0,0,0,0,0,0,EDU
https://github.com/krams915/spring-mongodb-tutorial,1,80,0,152,41,0,41,0,5,1,1,0,2,0,0,3833,9152,0,0,0,0,0,0,0,0,0,0,0,0,0,0,0,0,0,0,0,0,0,0,0,0,0,0,0,0,0,0,0,0,0,0,0,0,0,0,0,0,0,0,0,0,0,0,0,0,EDU
https://github.com/mike-perdide/scikit-learn-tutorial,2,80,0,868,39,0,39,0,65,1,1,1,1,0,2743,0,0,38843,0,0,0,0,0,0,0,0,0,0,0,0,0,0,0,0,0,0,0,0,0,0,0,0,0,0,0,0,0,0,0,0,0,0,0,0,0,0,0,0,0,0,0,0,0,0,0,EDU
https://github.com/ParsePlatform/SavingImagesTutorial,1,67,2,16816,56,0,56,0,8,3,1,1,1,1,563,0,0,0,0,0,0,0,0,0,0,234353,0,0,0,0,0,0,0,0,0,0,0,0,0,0,0,0,0,0,0,0,0,0,0,0,0,0,0,0,0,0,0,0,0,0,0,0,0,0,0,EDU
https://github.com/sciguy14/Eagle-Tutorial-Series,2,68,0,902,47,0,47,0,6,1,1,1,1,1,1387,0,0,0,0,0,0,0,0,0,0,0,0,0,0,0,0,0,0,0,0,0,0,0,0,0,0,0,0,0,0,0,0,0,0,0,0,0,0,0,0,0,0,0,0,0,0,0,0,0,0,EDU
https://github.com/Pylons/pyramid_tutorials,4,74,2,3845,81,0,81,0,426,38,1,1,3,0,429,0,0,8526,0,0,0,0,0,0,0,0,0,0,0,0,0,0,0,0,0,0,0,0,0,0,0,0,0,0,0,0,0,0,0,0,0,0,0,0,0,0,0,0,0,0,0,0,0,0,0,EDU
https://github.com/restlet/restlet-tutorial,1,23,4,1450,18,0,18,0,91,9,1,1,4,0,294,0,109700,0,21395,0,0,0,0,0,0,0,0,0,0,0,0,0,0,0,0,0,0,0,0,0,0,0,0,0,0,0,0,0,0,0,68107,0,0,0,0,0,0,0,0,0,0,0,0,0,0,EDU
https://github.com/SantoshSrinivas79/IntegratingFacebookTutorial,1,307,0,3424,1,0,1,0,1,1,1,1,0,1,675,0,0,0,0,0,0,0,0,0,0,0,0,0,0,0,0,0,0,0,0,0,0,0,0,0,0,0,0,0,0,0,0,0,0,0,0,0,0,0,0,0,0,0,0,0,0,0,0,0,0,EDU
https://github.com/jknowles/r_tutorial_ed,2,55,6,21361,56,0,56,0,91,1,1,1,1,0,811,0,0,0,0,0,0,0,0,0,0,0,63014,0,0,0,0,0,0,0,0,0,0,0,0,0,0,0,0,0,0,0,0,0,0,0,0,0,0,0,0,0,0,0,0,0,0,0,0,0,0,EDU
https://github.com/BaylorRae/PHP-MVC-Tutorial,1,49,0,753,60,0,60,0,7,1,1,1,1,0,0,0,0,0,0,11357,0,0,0,0,0,0,0,0,0,0,0,0,0,0,0,0,0,0,0,0,0,0,0,0,0,0,0,0,0,0,0,0,0,0,0,0,0,0,0,0,0,0,0,0,0,EDU
https://github.com/torch/demos,5,274,19,33294,276,0,276,0,321,17,1,1,4,0,1043,0,0,0,0,0,0,0,2460,340,0,0,0,0,0,0,0,0,0,0,0,0,0,209865,0,0,0,0,0,0,0,0,0,0,0,0,0,0,0,0,0,0,0,0,0,0,0,0,0,0,0,EDU
https://github.com/krams915/spring-jasper-tutorial,1,64,2,594,22,0,22,0,4,1,1,0,2,0,0,3927,22090,0,0,0,0,0,0,0,0,0,0,0,0,0,0,0,0,0,0,0,0,0,0,0,0,0,0,0,0,0,0,0,0,0,0,0,0,0,0,0,0,0,0,0,0,0,0,0,0,EDU
https://github.com/coffeescript-cookbook/coffeescript-cookbook.github.io,4,191,6,1343,559,0,559,0,384,76,1,1,4,1,1724,947,0,0,126941,0,1807,0,0,0,0,0,0,0,0,0,0,0,0,0,0,0,0,0,0,0,0,0,0,0,0,0,0,0,0,0,0,0,0,0,0,0,0,0,0,0,0,0,0,0,0,EDU
https://github.com/bryanbibat/rails-3_0-tutorial,1,19,1,12987,326,0,326,0,27,1,1,1,0,0,4017,0,0,0,0,0,0,0,0,0,0,0,0,0,0,0,0,0,0,0,0,0,0,0,0,0,0,0,0,0,0,0,0,0,0,0,0,0,0,0,0,0,0,0,0,0,0,0,0,0,0,EDU
https://github.com/kikito/love-tile-tutorial,1,25,0,1972,162,0,162,0,45,2,1,1,1,1,269,0,0,0,0,0,0,0,0,0,0,0,0,0,0,0,0,0,0,0,0,0,0,17995,0,0,0,0,0,0,0,0,0,0,0,0,0,0,0,0,0,0,0,0,0,0,0,0,0,0,0,EDU
https://github.com/scipy-lectures/scipy-lecture-notes,1,530,31,23764,1211,0,1211,3,1442,65,1,1,8,1,1228,2805,0,357616,0,0,0,0,69369,5597,0,29,0,0,0,0,0,0,0,0,0,0,0,0,0,0,0,0,0,0,0,0,0,0,0,0,0,0,0,0,0,0,0,0,0,0,0,191,0,0,0,EDU
https://github.com/krams915/spring-jqgrid-tutorial,1,64,0,242,17,0,17,0,5,1,1,0,2,0,0,3927,18258,0,0,0,0,0,0,0,0,0,0,0,0,0,0,0,0,0,0,0,0,0,0,0,0,0,0,0,0,0,0,0,0,0,0,0,0,0,0,0,0,0,0,0,0,0,0,0,0,EDU
https://github.com/acburk/CoreData-Tutorial-1,3,35,0,155,61,0,61,0,7,1,1,0,1,0,0,0,0,0,0,0,0,0,0,0,0,16008,0,0,0,0,0,0,0,0,0,0,0,0,0,0,0,0,0,0,0,0,0,0,0,0,0,0,0,0,0,0,0,0,0,0,0,0,0,0,0,EDU
https://github.com/clarkware/iphone-rails-tutorial,1,22,0,4372,166,0,166,0,14,1,1,1,4,1,3408,50632,0,0,0,0,56913,0,21104,0,0,925093,0,0,0,0,0,0,0,0,0,0,0,0,0,0,0,0,0,0,0,0,0,0,0,0,0,0,0,0,0,0,0,0,0,0,0,0,0,0,0,EDU
https://github.com/biasedbit/netty-tutorials,1,47,1,149,63,0,63,0,2,1,1,1,1,0,122,0,86176,0,0,0,0,0,0,0,0,0,0,0,0,0,0,0,0,0,0,0,0,0,0,0,0,0,0,0,0,0,0,0,0,0,0,0,0,0,0,0,0,0,0,0,0,0,0,0,0,EDU
https://github.com/wbzyl/sp-tutorial,1,13,0,6968,27,0,27,0,484,3,1,1,5,0,604,15,0,0,25121,0,2559,0,0,73,0,0,0,0,0,0,0,0,0,0,0,0,0,0,0,0,0,0,0,0,0,0,0,0,0,0,0,0,0,0,0,0,0,0,0,0,0,0,0,0,0,EDU
https://github.com/krams915/spring-fileupload-tutorial,1,57,0,271,16,0,16,0,1,1,1,0,2,0,0,52586,6868,0,0,0,0,0,0,0,0,0,0,0,0,0,0,0,0,0,0,0,0,0,0,0,0,0,0,0,0,0,0,0,0,0,0,0,0,0,0,0,0,0,0,0,0,0,0,0,0,EDU
https://github.com/railstutorial/sample_app,4,574,0,624,459,0,459,0,106,1,1,1,4,0,232,5998,0,0,48666,0,81952,0,0,0,0,0,0,0,0,0,0,0,0,0,0,0,0,0,0,0,0,0,0,0,0,0,0,0,0,0,0,0,0,0,0,0,0,0,0,0,0,0,0,0,0,EDU
https://github.com/Gazler/Oauth2-Tutorial,2,21,0,251,133,0,133,0,24,1,1,1,4,0,8382,6889,0,0,718,0,47809,0,0,0,0,0,0,0,0,0,458,0,0,0,0,0,0,0,0,0,0,0,0,0,0,0,0,0,0,0,0,0,0,0,0,0,0,0,0,0,0,0,0,0,0,EDU
https://github.com/activefx/restful_authentication_tutorial,1,19,0,1098,172,0,172,0,0,0,1,1,2,1,7377,149,0,0,0,0,205836,0,0,0,0,0,0,0,0,0,0,0,0,0,0,0,0,0,0,0,0,0,0,0,0,0,0,0,0,0,0,0,0,0,0,0,0,0,0,0,0,0,0,0,0,EDU
https://github.com/antoviaque/backbone-relational-tutorial,1,26,4,1410,79,0,79,0,20,4,1,1,4,1,1929,189842,0,0,7796,0,0,0,0,174,0,0,0,0,0,0,0,0,0,0,0,0,0,0,0,0,0,0,0,0,0,0,0,0,0,0,0,0,0,0,0,0,0,0,0,0,0,0,0,0,0,EDU
https://github.com/simonsarris/Canvas-tutorials,1,37,0,197,82,0,82,0,1,1,1,1,1,0,142,34672,0,0,0,0,0,0,0,0,0,0,0,0,0,0,0,0,0,0,0,0,0,0,0,0,0,0,0,0,0,0,0,0,0,0,0,0,0,0,0,0,0,0,0,0,0,0,0,0,0,EDU
https://github.com/TideSofDarK/tutorial-basics,1,17,0,103,12,0,12,0,1,1,1,1,1,0,75,0,3395,0,0,0,0,0,0,0,0,0,0,0,0,0,0,0,0,0,0,0,0,0,0,0,0,0,0,0,0,0,0,0,0,0,0,0,0,0,0,0,0,0,0,0,0,0,0,0,0,EDU
https://github.com/clementfarabet/ipam-tutorials,2,36,4,3995,77,0,77,0,168,2,1,1,2,0,2950,0,0,51932,0,0,0,0,0,0,0,0,0,0,0,0,0,0,0,0,0,0,0,58747,0,0,0,0,0,0,0,0,0,0,0,0,0,0,0,0,0,0,0,0,0,0,0,0,0,0,0,EDU
https://github.com/guru-sp/tutorial_ruby,2,13,0,919,21,0,21,0,135,9,1,1,2,0,1241,0,0,0,88521,0,1787,0,0,0,0,0,0,0,0,0,0,0,0,0,0,0,0,0,0,0,0,0,0,0,0,0,0,0,0,0,0,0,0,0,0,0,0,0,0,0,0,0,0,0,0,EDU
https://github.com/fernandomantoan/backbone-tutorial-series,1,25,0,319,72,0,72,0,34,1,1,1,5,0,2768,308062,0,0,5817,0,3263,0,0,0,0,0,0,0,0,0,0,0,0,0,0,0,0,0,0,0,0,0,0,0,0,0,0,0,0,0,0,0,0,0,0,0,0,0,0,0,0,0,0,0,0,EDU
https://github.com/feedhenry-training/App-Anatomy,2,85,0,553,82,0,82,0,84,8,1,1,2,0,13793,48487,0,0,11160,0,0,0,0,0,0,0,0,0,0,0,0,0,0,0,0,0,0,0,0,0,0,0,0,0,0,0,0,0,0,0,0,0,0,0,0,0,0,0,0,0,0,0,0,0,0,EDU
https://github.com/PhilippeSigaud/D-templates-tutorial,1,17,9,16686,146,0,146,0,262,6,1,1,1,0,1582,0,0,0,0,0,0,0,0,0,0,0,0,0,0,0,0,0,0,0,0,0,0,0,0,0,0,0,0,0,0,0,0,0,0,0,0,0,0,0,106902,0,0,0,0,0,0,0,0,0,0,EDU
https://github.com/krams915/spring-batch-tutorial,1,44,1,151,17,0,17,0,3,1,1,0,2,0,0,3828,16426,0,0,0,0,0,0,0,0,0,0,0,0,0,0,0,0,0,0,0,0,0,0,0,0,0,0,0,0,0,0,0,0,0,0,0,0,0,0,0,0,0,0,0,0,0,0,0,0,EDU
https://github.com/lucadentella/enc28j60_tutorial,1,51,0,279,73,0,73,0,19,1,1,0,5,0,134,465716,0,0,0,1406,0,0,38622,0,0,0,0,0,0,0,0,0,0,0,0,0,0,0,0,0,67144,0,0,0,0,0,0,0,0,0,0,0,0,0,0,0,0,0,0,0,0,0,0,0,0,EDU
https://github.com/Jimmar/Jimvaders-Tutorial,1,15,0,903,10,0,10,0,1,1,1,1,1,0,240,0,24933,0,0,0,0,0,0,0,0,0,0,0,0,0,0,0,0,0,0,0,0,0,0,0,0,0,0,0,0,0,0,0,0,0,0,0,0,0,0,0,0,0,0,0,0,0,0,0,0,EDU
https://github.com/posco2k8/rest_loader_tutorial,1,25,0,357,42,0,42,0,2,2,1,1,1,1,577,0,16064,0,0,0,0,0,0,0,0,0,0,0,0,0,0,0,0,0,0,0,0,0,0,0,0,0,0,0,0,0,0,0,0,0,0,0,0,0,0,0,0,0,0,0,0,0,0,0,0,EDU
https://github.com/OskarVeerhoek/YouTube-tutorials,1,109,5,34579,109,0,109,0,342,2,1,1,2,1,1142,0,601171,0,0,0,0,0,0,0,0,0,0,0,0,0,0,0,0,0,0,0,0,0,0,0,0,0,0,0,0,0,0,0,0,0,0,0,0,0,0,0,0,0,0,7925,0,0,0,0,0,EDU
https://github.com/beelsebob/Cocoa-GL-Tutorial,1,18,2,3021,84,0,84,0,13,1,1,1,2,0,19575,0,0,0,0,0,0,0,3317,0,0,10426,0,0,0,0,0,0,0,0,0,0,0,0,0,0,0,0,0,0,0,0,0,0,0,0,0,0,0,0,0,0,0,0,0,0,0,0,0,0,0,EDU
https://github.com/crosscompute/crosscompute-tutorials,1,21,0,12840,148,0,148,0,76,1,1,1,2,0,83,0,0,6554,0,0,0,0,0,0,0,0,0,0,0,0,0,0,0,0,0,0,0,0,0,0,0,0,0,0,0,0,0,0,0,0,0,0,0,0,0,0,0,0,0,0,0,0,0,0,0,EDU
https://github.com/pravin/scrapy-tutorial,1,11,1,298,16,0,16,0,7,2,1,1,1,0,255,0,0,2565,0,0,0,0,0,0,0,0,0,0,0,0,0,0,0,0,0,0,0,0,0,0,0,0,0,0,0,0,0,0,0,0,0,0,0,0,0,0,0,0,0,0,0,0,0,0,0,EDU
https://github.com/sinairv/Cpp-Tutorial-Samples,1,24,0,53,31,0,31,0,31,1,1,1,2,0,2015,0,0,0,0,0,0,62181,0,0,0,0,0,0,0,0,0,0,0,0,0,0,0,0,0,0,0,0,0,0,0,0,0,0,0,0,0,0,0,0,0,0,0,0,0,0,0,0,0,0,0,EDU
https://github.com/endymuhardin/belajarGit,1,144,4,5943,64,0,64,0,41,9,1,1,0,0,175,0,0,0,0,0,0,0,0,0,0,0,0,0,0,0,0,0,0,0,0,0,0,0,0,0,0,0,0,0,0,0,0,0,0,0,0,0,0,0,0,0,0,0,0,0,0,0,0,0,0,EDU
https://github.com/miketucker/UnityAudioVisualizerTutorial,1,19,1,490,45,0,45,0,4,1,1,1,2,0,0,8748,0,0,0,0,0,0,0,0,33860,0,0,0,0,0,0,0,0,0,0,0,0,0,0,0,0,0,0,0,0,0,0,0,0,0,0,0,0,0,0,0,0,0,0,0,0,0,0,0,0,EDU
https://github.com/lucasderraugh/AppleProg-Cocoa-Tutorials,1,47,0,1771,82,0,82,0,31,1,1,1,2,1,0,0,0,0,0,0,0,0,0,0,0,177639,0,0,0,0,0,0,16100,0,0,0,0,0,0,0,0,0,0,0,0,0,0,0,0,0,0,0,0,0,0,0,0,0,0,0,0,0,0,0,0,EDU
https://github.com/tupilabs/jenkins-testlink-plugin-tutorial,1,32,0,7854,13,0,13,0,55,3,1,1,2,0,68,0,1574,0,0,0,0,0,0,0,0,0,0,0,0,0,0,0,0,0,0,0,0,0,0,0,0,0,0,0,0,0,0,0,0,0,3054786,0,0,0,0,0,0,0,0,0,0,0,0,0,0,EDU
https://github.com/railstutorial/sample_app_2nd_ed,1,212,0,12336,403,0,403,0,145,5,1,1,4,1,913,663,0,0,1082,0,63383,0,0,0,0,0,0,0,0,0,687,0,0,0,0,0,0,0,0,0,0,0,0,0,0,0,0,0,0,0,0,0,0,0,0,0,0,0,0,0,0,0,0,0,0,EDU
https://github.com/mhartl/rails_tutorial_snippets,1,16,0,114,61,0,61,0,10,1,1,1,0,0,429,0,0,0,0,0,0,0,0,0,0,0,0,0,0,0,0,0,0,0,0,0,0,0,0,0,0,0,0,0,0,0,0,0,0,0,0,0,0,0,0,0,0,0,0,0,0,0,0,0,0,EDU
https://github.com/krams915/spring-redis-tutorial,1,26,0,143,19,0,19,0,3,1,1,0,2,0,0,3833,10140,0,0,0,0,0,0,0,0,0,0,0,0,0,0,0,0,0,0,0,0,0,0,0,0,0,0,0,0,0,0,0,0,0,0,0,0,0,0,0,0,0,0,0,0,0,0,0,0,EDU
https://github.com/sjbrown/writing_games_tutorial,6,16,0,2247,58,0,58,0,65,1,1,1,2,0,0,0,0,119295,0,0,0,0,0,0,0,0,0,0,0,0,0,0,0,0,0,0,0,0,0,0,0,0,0,0,0,0,0,0,0,0,0,0,0,0,0,0,0,0,0,0,0,0,0,0,0,EDU
https://github.com/jeffreybreen/tutorial-201203-big-data,1,19,0,124,41,0,41,0,0,0,1,1,2,0,405,0,0,0,0,0,0,0,0,2497,0,0,12259,0,0,0,0,0,0,0,0,0,0,0,0,0,0,0,0,0,0,0,0,0,0,0,0,0,0,0,0,0,0,0,0,0,0,0,0,0,0,EDU
https://github.com/kiith-sa/RestructuredText-tutorial,1,23,0,123,21,0,21,0,13,1,1,0,0,0,10588,0,0,0,0,0,0,0,0,0,0,0,0,0,0,0,0,0,0,0,0,0,0,0,0,0,0,0,0,0,0,0,0,0,0,0,0,0,0,0,0,0,0,0,0,0,0,0,0,0,0,EDU
https://github.com/posco2k8/rest_service_tutorial,1,17,0,337,45,0,45,0,0,0,1,1,1,1,577,0,18409,0,0,0,0,0,0,0,0,0,0,0,0,0,0,0,0,0,0,0,0,0,0,0,0,0,0,0,0,0,0,0,0,0,0,0,0,0,0,0,0,0,0,0,0,0,0,0,0,EDU
https://github.com/japerk/PyCon-NLTK-Tutorial,1,17,0,108,43,0,43,0,1,1,1,0,1,0,98,0,0,2660,0,0,0,0,0,0,0,0,0,0,0,0,0,0,0,0,0,0,0,0,0,0,0,0,0,0,0,0,0,0,0,0,0,0,0,0,0,0,0,0,0,0,0,0,0,0,0,EDU
https://github.com/posco2k8/fragment_tabs_tutorial,1,22,0,413,23,0,23,0,0,0,1,1,1,1,327,0,15776,0,0,0,0,0,0,0,0,0,0,0,0,0,0,0,0,0,0,0,0,0,0,0,0,0,0,0,0,0,0,0,0,0,0,0,0,0,0,0,0,0,0,0,0,0,0,0,0,EDU
https://github.com/codexico/tutorial-github,3,12,0,134,6,0,6,0,18,1,1,1,0,0,334,0,0,0,0,0,0,0,0,0,0,0,0,0,0,0,0,0,0,0,0,0,0,0,0,0,0,0,0,0,0,0,0,0,0,0,0,0,0,0,0,0,0,0,0,0,0,0,0,0,0,EDU
https://github.com/alexec/tutorial-hibernate-jpa,1,21,0,163,19,0,19,0,11,1,1,0,1,0,186,0,8371,0,0,0,0,0,0,0,0,0,0,0,0,0,0,0,0,0,0,0,0,0,0,0,0,0,0,0,0,0,0,0,0,0,0,0,0,0,0,0,0,0,0,0,0,0,0,0,0,EDU
https://github.com/AliMD/OldWebProgrammingTuts,1,45,1,6434,42,0,42,0,202,4,1,1,2,0,1094,779346,0,0,0,72343,0,0,0,0,0,0,0,0,0,0,0,0,0,0,0,0,0,0,0,0,0,0,0,0,0,0,0,0,0,0,0,0,0,0,0,0,0,0,0,0,0,0,0,0,0,EDU
https://github.com/richardshepherd/Parallax-Scrolling,1,531,9,24694,857,0,857,0,11,1,1,1,1,0,1808,2599,0,0,0,0,0,0,0,0,0,0,0,0,0,0,0,0,0,0,0,0,0,0,0,0,0,0,0,0,0,0,0,0,0,0,0,0,0,0,0,0,0,0,0,0,0,0,0,0,0,EDU
https://github.com/MiamiCoder/JQuery-Mobile-Tutorial,1,16,0,298,28,0,28,0,3,1,1,0,0,0,81,0,0,0,0,0,0,0,0,0,0,0,0,0,0,0,0,0,0,0,0,0,0,0,0,0,0,0,0,0,0,0,0,0,0,0,0,0,0,0,0,0,0,0,0,0,0,0,0,0,0,EDU
https://github.com/jasongrimes/zf2tutorial,2,17,0,696,25,0,25,0,85,14,1,1,2,1,255,0,0,0,1042,26057,0,0,0,0,0,0,0,0,0,0,0,0,0,0,0,0,0,0,0,0,0,0,0,0,0,0,0,0,0,0,0,0,0,0,0,0,0,0,0,0,0,0,0,0,0,EDU
https://github.com/SomMeri/org.meri.jpa.tutorial,1,18,0,200,21,0,21,0,0,0,1,1,1,0,0,0,164959,0,0,0,0,0,0,0,0,0,0,0,0,0,0,0,0,0,0,0,0,0,0,0,0,0,0,0,0,0,0,0,0,0,0,0,0,0,0,0,0,0,0,0,0,0,0,0,0,EDU
https://github.com/arturadib/hello-backbonejs,1,135,6,243,340,0,340,0,66,2,1,1,2,0,537,14884,0,0,7207,0,0,0,0,0,0,0,0,0,0,0,0,0,0,0,0,0,0,0,0,0,0,0,0,0,0,0,0,0,0,0,0,0,0,0,0,0,0,0,0,0,0,0,0,0,0,EDU
https://github.com/varnish/Varnish-Book,6,46,18,18567,244,0,244,0,789,19,1,1,11,1,6195,20377,0,3473,7906,8523,0,0,0,4014,0,0,0,0,0,11706,0,0,0,0,0,0,0,0,0,0,0,0,0,0,0,0,0,0,0,0,0,0,0,0,0,0,0,0,0,0,0,0,0,0,0,EDU
https://github.com/richardshepherd/CSS3-Flexbox-Tutorial,1,16,0,124,24,0,24,0,5,1,1,1,1,0,0,47066,0,0,0,0,0,0,0,0,0,0,0,0,0,0,0,0,0,0,0,0,0,0,0,0,0,0,0,0,0,0,0,0,0,0,0,0,0,0,0,0,0,0,0,0,0,0,0,0,0,EDU
https://github.com/worbyjj/Spoon-Knife,1,101,6,150,30,0,30,0,1,1,1,1,0,0,0,0,0,0,0,0,0,0,0,0,0,0,0,0,0,0,0,0,0,0,0,0,0,0,0,0,0,0,0,0,0,0,0,0,0,0,0,0,0,0,0,0,0,0,0,0,0,0,0,0,0,EDU
https://github.com/zh-wang/Android-Opencv-AR-tutorial,1,14,1,16401,29,0,29,0,11,1,1,1,4,0,1953,0,10212,0,0,0,0,21185,0,19,0,0,0,0,0,0,0,0,0,0,0,0,0,0,0,0,0,0,0,0,0,0,0,0,0,0,0,0,0,0,24035,0,0,0,0,0,0,0,0,0,0,EDU
https://github.com/fridek/Threejs-Tetris-Tutorial,1,14,0,92,30,0,30,0,8,1,1,0,1,1,712,528115,0,0,0,0,0,0,0,0,0,0,0,0,0,0,0,0,0,0,0,0,0,0,0,0,0,0,0,0,0,0,0,0,0,0,0,0,0,0,0,0,0,0,0,0,0,0,0,0,0,EDU
https://github.com/cvasilak/javaee-tutorial,1,16,0,269,2,0,2,0,0,0,1,1,0,0,0,0,0,0,0,0,0,0,0,0,0,0,0,0,0,0,0,0,0,0,0,0,0,0,0,0,0,0,0,0,0,0,0,0,0,0,0,0,0,0,0,0,0,0,0,0,0,0,0,0,0,EDU
https://github.com/tjumyk/sdl-tutorial-cn,2,12,2,8955,40,0,40,0,62,2,1,1,2,0,146,20681,0,0,22479,0,0,0,0,0,0,0,0,0,0,0,0,0,0,0,0,0,0,0,0,0,0,0,0,0,0,0,0,0,0,0,0,0,0,0,0,0,0,0,0,0,0,0,0,0,0,EDU
https://github.com/chute/chute-tutorials,1,18,0,60574,33,0,33,0,223,6,1,1,1,0,2029,0,113636,0,0,0,0,0,0,0,0,0,0,0,0,0,0,0,0,0,0,0,0,0,0,0,0,0,0,0,0,0,0,0,0,0,0,0,0,0,0,0,0,0,0,0,0,0,0,0,0,EDU
https://github.com/subelsky/html5tutorial,2,11,0,1663,47,0,47,0,48,1,1,1,2,0,363,470589,0,0,0,0,1283,0,0,0,0,0,0,0,0,0,0,0,0,0,0,0,0,0,0,0,0,0,0,0,0,0,0,0,0,0,0,0,0,0,0,0,0,0,0,0,0,0,0,0,0,EDU
https://github.com/hpowers/Nokogiri-Ruby-Tutorial,1,11,2,256,37,0,37,0,3,1,1,1,1,0,951,0,0,0,0,0,3127,0,0,0,0,0,0,0,0,0,0,0,0,0,0,0,0,0,0,0,0,0,0,0,0,0,0,0,0,0,0,0,0,0,0,0,0,0,0,0,0,0,0,0,0,EDU
https://github.com/embedly/embedly-tutorial-ext,2,15,3,950,21,0,21,0,9,2,1,1,3,1,29446,34087,0,0,29732,0,0,0,0,0,0,0,0,0,0,0,0,0,0,0,0,0,0,0,0,0,0,0,0,0,0,0,0,0,0,0,0,0,0,0,0,0,0,0,0,0,0,0,0,0,0,EDU
https://github.com/turingschool/curriculum,21,485,103,39361,363,0,363,0,10305,340,1,1,4,0,3185,198752,0,0,142853,0,127984,0,0,0,0,0,0,0,0,0,0,0,0,0,0,0,0,0,0,0,0,0,0,0,0,0,0,0,0,0,0,0,0,0,0,0,0,0,0,0,0,0,0,0,0,EDU
https://github.com/mhartl/sample_app,1,135,2,105,143,0,143,0,36,1,1,1,6,0,360,663,0,0,4304,0,66283,0,0,0,0,0,0,0,0,0,687,0,0,0,0,0,0,0,0,0,0,0,0,0,0,0,0,0,0,0,0,0,0,0,0,0,0,0,0,0,0,0,0,0,0,EDU
https://github.com/mauriceatron/iPhone-OpenGL-ES-Tutorial-Series,1,40,0,3508,107,0,107,0,4,1,1,1,3,1,312,0,0,3166,0,0,0,0,45707,0,0,281639,0,0,0,0,0,0,0,0,0,0,0,0,0,0,0,0,0,0,0,0,0,0,0,0,0,0,0,0,0,0,0,0,0,0,0,0,0,0,0,EDU
https://github.com/Tecla/Rayito,1,24,0,1649,74,0,74,0,21,2,1,1,3,0,1384,0,0,0,0,0,0,583666,0,0,0,0,0,0,0,0,0,0,0,0,0,0,0,0,0,0,0,0,0,0,0,0,0,0,0,0,0,0,0,0,0,0,0,0,0,0,0,0,0,0,0,EDU
https://github.com/commonsguy/cw-lunchlist,1,125,0,883,160,0,160,0,30,1,1,1,1,0,1284,0,462449,0,0,0,0,0,0,0,0,0,0,0,0,0,0,0,0,0,0,0,0,0,0,0,0,0,0,0,0,0,0,0,0,0,0,0,0,0,0,0,0,0,0,0,0,0,0,0,0,EDU
https://github.com/vogellacompany/vogella,1,492,0,270516,255,0,255,0,338,2,1,1,14,1,656,295385,2942261,18876,241669,13793,20456,0,0,58663,0,0,0,0,0,6060,0,0,0,0,0,0,0,0,0,0,0,9714,0,0,0,0,0,0,0,0,12907463,0,0,0,0,0,0,0,0,0,0,0,0,0,0,EDU
https://github.com/brandon-rhodes/pycon-sql-tutorial,1,13,0,174,25,0,25,0,42,1,1,1,1,0,518,0,0,9426,0,0,0,0,0,0,0,0,0,0,0,0,0,0,0,0,0,0,0,0,0,0,0,0,0,0,0,0,0,0,0,0,0,0,0,0,0,0,0,0,0,0,0,0,0,0,0,EDU
https://github.com/hlship/tapestry5-tutorial,1,16,1,319,17,0,17,0,11,1,1,1,1,0,0,0,12750,0,0,0,0,0,0,0,0,0,0,0,0,0,0,0,0,0,0,0,0,0,0,0,0,0,0,0,0,0,0,0,0,0,0,0,0,0,0,0,0,0,0,0,0,0,0,0,0,EDU
https://github.com/ric03uec/nodeblox,5,28,6,1097,45,0,45,0,82,3,1,1,2,0,369,952108,0,0,1704,0,0,0,0,0,0,0,0,0,0,0,0,0,0,0,0,0,0,0,0,0,0,0,0,0,0,0,0,0,0,0,0,0,0,0,0,0,0,0,0,0,0,0,0,0,0,EDU
https://github.com/enjalot/adventures_in_opencl,1,94,1,422,208,0,208,0,44,5,1,1,3,1,902,0,0,105941,0,0,0,453356,310479,0,0,0,0,0,0,0,0,0,0,0,0,0,0,0,0,0,0,0,0,0,0,0,0,0,0,0,0,0,0,0,0,0,0,0,0,0,0,0,0,0,0,EDU
https://github.com/william76/boost-python-tutorial,1,17,0,99,11,0,11,0,9,2,1,1,2,0,495,0,0,0,0,0,0,18821,692,0,0,0,0,0,0,0,0,0,0,0,0,0,0,0,0,0,0,0,0,0,0,0,0,0,0,0,0,0,0,0,0,0,0,0,0,0,0,0,0,0,0,EDU
https://github.com/dsyph3r/symblog,3,144,12,1688,219,0,219,0,56,4,1,1,1,1,1065,0,0,0,0,65396,0,0,0,0,0,0,0,0,0,0,0,0,0,0,0,0,0,0,0,0,0,0,0,0,0,0,0,0,0,0,0,0,0,0,0,0,0,0,0,0,0,0,0,0,0,EDU
https://github.com/krams915/spring-neo4j-tutorial,1,33,0,144,11,0,11,0,2,1,1,0,2,0,0,3823,12125,0,0,0,0,0,0,0,0,0,0,0,0,0,0,0,0,0,0,0,0,0,0,0,0,0,0,0,0,0,0,0,0,0,0,0,0,0,0,0,0,0,0,0,0,0,0,0,0,EDU
https://github.com/IgorMinar/angular-phonecat-tutorial,3,20,1,18329,7,0,7,0,145,23,1,0,4,1,9653,20865,0,0,3058,0,503,0,0,5978,0,0,0,0,0,0,0,0,0,0,0,0,0,0,0,0,0,0,0,0,0,0,0,0,0,0,0,0,0,0,0,0,0,0,0,0,0,0,0,0,0,EDU
https://github.com/jboss/ticket-monster-tutorial,1,14,0,5647,15,0,15,0,103,5,1,0,1,0,289,0,0,0,0,0,0,0,0,1174,0,0,0,0,0,0,0,0,0,0,0,0,0,0,0,0,0,0,0,0,0,0,0,0,0,0,0,0,0,0,0,0,0,0,0,0,0,0,0,0,0,EDU
https://github.com/laurentluce/python-tutorials,1,14,0,105,30,0,30,0,4,1,1,1,1,0,99,0,0,8710,0,0,0,0,0,0,0,0,0,0,0,0,0,0,0,0,0,0,0,0,0,0,0,0,0,0,0,0,0,0,0,0,0,0,0,0,0,0,0,0,0,0,0,0,0,0,0,EDU
https://github.com/demonixis/demonixis.tutorials,2,29,0,26953,5,0,5,0,17,1,1,1,8,0,123,1241419,0,0,0,0,0,1838,0,142,237039,0,0,0,0,0,0,0,0,0,0,0,0,0,0,0,0,0,0,0,0,0,1276,0,0,0,0,442873,0,0,0,0,0,0,0,0,0,0,0,0,0,EDU
https://github.com/alexyoung/async-testing-tutorial,1,15,0,121,11,0,11,0,1,1,1,0,1,0,0,1101,0,0,0,0,0,0,0,0,0,0,0,0,0,0,0,0,0,0,0,0,0,0,0,0,0,0,0,0,0,0,0,0,0,0,0,0,0,0,0,0,0,0,0,0,0,0,0,0,0,EDU
https://github.com/AliMD/1Tuts,3,41,4,9219,66,0,66,0,92,5,1,1,0,0,1904,0,0,0,0,0,0,0,0,0,0,0,0,0,0,0,0,0,0,0,0,0,0,0,0,0,0,0,0,0,0,0,0,0,0,0,0,0,0,0,0,0,0,0,0,0,0,0,0,0,0,EDU
https://github.com/sparklemotion/nokogiri.org-tutorials,1,43,13,302,32,0,32,0,171,20,1,1,1,1,3569,0,0,0,0,0,7783,0,0,0,0,0,0,0,0,0,0,0,0,0,0,0,0,0,0,0,0,0,0,0,0,0,0,0,0,0,0,0,0,0,0,0,0,0,0,0,0,0,0,0,0,EDU
https://github.com/cwalcott/UITableView-Tutorial,1,13,2,107,14,0,14,0,1,1,1,1,1,0,188,0,0,0,0,0,0,0,0,0,0,8369,0,0,0,0,0,0,0,0,0,0,0,0,0,0,0,0,0,0,0,0,0,0,0,0,0,0,0,0,0,0,0,0,0,0,0,0,0,0,0,EDU
https://github.com/leonardorame/Ext4-MVC-Tutorial,1,11,0,79666,19,0,19,0,59,1,1,1,2,0,175,44129,0,0,0,0,0,0,0,0,0,0,0,0,0,0,0,0,0,0,0,0,0,0,0,0,0,0,0,0,0,0,0,0,0,0,0,0,0,0,0,0,0,0,0,0,0,0,0,0,0,EDU
https://github.com/ipython/ipython-in-depth,6,215,3,13482,462,0,462,0,264,16,1,1,4,1,990,1493,0,11796,0,0,0,0,0,0,0,0,0,0,0,0,0,0,0,0,0,0,0,0,0,0,0,0,0,0,0,0,0,0,0,0,0,0,0,0,0,0,0,0,0,0,0,0,0,0,0,EDU
https://github.com/underscorediscovery/v8-tutorials,1,22,2,9553,118,0,118,0,4,1,1,1,2,0,505,0,0,0,0,0,0,188035,2120,0,0,0,0,0,0,0,0,0,0,0,0,0,0,0,0,0,0,0,0,0,0,0,0,0,0,0,0,0,0,0,0,0,0,0,0,0,0,0,0,0,0,EDU
https://github.com/damiles/basicOCR,1,84,0,500,88,0,88,0,5,1,1,1,2,0,926,0,0,0,0,0,0,10578,346,0,0,0,0,0,0,0,0,0,0,0,0,0,0,0,0,0,0,0,0,0,0,0,0,0,0,0,0,0,0,0,0,0,0,0,0,0,0,0,0,0,0,EDU
https://github.com/mhenke/CFML-in-100-minutes,3,28,13,1936,84,0,84,0,355,15,1,1,0,0,2101,0,0,0,0,0,0,0,0,0,0,0,0,0,0,0,0,0,0,0,0,0,0,0,0,0,0,0,0,0,0,0,0,0,0,0,0,0,0,0,0,0,0,0,0,0,0,0,0,0,0,EDU
https://github.com/maniacdev/iOS-Balloon-Game-Tutorial,1,15,0,2038,32,0,32,0,2,1,1,1,2,0,0,0,0,0,0,0,0,0,831748,0,0,1388835,0,0,0,0,0,0,0,0,0,0,0,0,0,0,0,0,0,0,0,0,0,0,0,0,0,0,0,0,0,0,0,0,0,0,0,0,0,0,0,EDU
https://github.com/richbradshaw/CSS-Transitions-Transforms-and-Animation,1,49,0,1145,278,0,278,0,66,1,1,1,2,0,237,1229,0,0,0,175139,0,0,0,0,0,0,0,0,0,0,0,0,0,0,0,0,0,0,0,0,0,0,0,0,0,0,0,0,0,0,0,0,0,0,0,0,0,0,0,0,0,0,0,0,0,EDU
https://github.com/Swiip/jquery-springmvc-jpa,3,36,3,4738,47,0,47,0,36,2,1,1,3,0,7673,916068,33032,0,279891,0,0,0,0,0,0,0,0,0,0,0,0,0,0,0,0,0,0,0,0,0,0,0,0,0,0,0,0,0,0,0,0,0,0,0,0,0,0,0,0,0,0,0,0,0,0,EDU
https://github.com/w2davids/Ghostdrive,1,22,0,7966,24,0,24,0,2,1,1,1,0,0,0,0,0,0,0,0,0,0,0,0,0,0,0,0,0,0,0,0,0,0,0,0,0,0,0,0,0,0,0,0,0,0,0,0,0,0,0,0,0,0,0,0,0,0,0,0,0,0,0,0,0,EDU
https://github.com/sivaprasadreddy/sivalabs-blog-samples-code,1,301,4,8011,108,0,108,0,41,1,1,1,5,0,109,5110892,392729,0,190935,0,0,0,0,0,0,0,0,0,0,0,0,0,0,0,0,0,0,0,0,0,0,4227,0,0,0,0,0,0,0,0,0,0,0,0,0,0,0,0,0,0,0,0,0,0,0,EDU
https://github.com/linkedin/api-get-started,1,73,2,121,92,0,92,0,2,1,1,1,3,1,1231,0,22346,11875,0,16340,0,0,0,0,0,0,0,0,0,0,0,0,0,0,0,0,0,0,0,0,0,0,0,0,0,0,0,0,0,0,0,0,0,0,0,0,0,0,0,0,0,0,0,0,0,EDU
https://github.com/Genokilller/Tutorial-Symfony2-SdZ,1,34,0,228,4,0,4,0,0,0,1,0,1,0,0,0,0,0,0,27574,0,0,0,0,0,0,0,0,0,0,0,0,0,0,0,0,0,0,0,0,0,0,0,0,0,0,0,0,0,0,0,0,0,0,0,0,0,0,0,0,0,0,0,0,0,EDU
https://github.com/michalbe/Simple-game-with-HTML5-Canvas,1,69,0,370,95,0,95,0,0,0,1,1,1,0,361,19137,0,0,0,0,0,0,0,0,0,0,0,0,0,0,0,0,0,0,0,0,0,0,0,0,0,0,0,0,0,0,0,0,0,0,0,0,0,0,0,0,0,0,0,0,0,0,0,0,0,EDU
https://github.com/cboden/Ratchet-examples,1,54,0,215,163,0,163,0,41,5,1,1,1,0,217,0,0,0,0,23836,0,0,0,0,0,0,0,0,0,0,0,0,0,0,0,0,0,0,0,0,0,0,0,0,0,0,0,0,0,0,0,0,0,0,0,0,0,0,0,0,0,0,0,0,0,EDU
https://github.com/johanlundberg/neo4j-django-tutorial,2,12,1,241,41,0,41,0,25,2,1,1,3,0,1696,0,0,15601,1411,0,0,0,0,0,0,0,0,0,0,0,0,0,0,0,0,0,0,0,0,0,0,0,0,0,0,0,0,0,0,0,0,0,0,0,0,0,0,0,0,0,0,0,0,0,0,EDU
https://github.com/Travelport-xx/travelport-uapi-tutorial,3,12,0,11640,8,0,8,0,21,2,1,1,1,0,674,0,112223,0,0,0,0,0,0,0,0,0,0,0,0,0,0,0,0,0,0,0,0,0,0,0,0,0,0,0,0,0,0,0,0,0,0,0,0,0,0,0,0,0,0,0,0,0,0,0,0,EDU
https://github.com/josephmisiti/machine-learning-module,1,158,0,8288,293,0,293,0,9,1,1,1,1,0,435,0,0,0,0,0,0,0,0,0,0,1414,0,0,0,0,0,0,0,0,0,0,0,0,0,0,0,0,0,0,0,0,0,0,0,0,0,0,0,0,0,0,0,0,0,0,0,0,0,0,0,EDU
https://github.com/sdiehl/minichat,1,27,0,111,60,0,60,0,2,2,1,1,1,0,238,0,0,1910,0,0,0,0,0,0,0,0,0,0,0,0,0,0,0,0,0,0,0,0,0,0,0,0,0,0,0,0,0,0,0,0,0,0,0,0,0,0,0,0,0,0,0,0,0,0,0,EDU
https://github.com/mattvague/three20-iPhone-tutorials,2,28,1,30507,178,0,178,0,28,1,1,1,1,0,536,0,0,0,0,0,0,0,0,0,0,2391093,0,0,0,0,0,0,0,0,0,0,0,0,0,0,0,0,0,0,0,0,0,0,0,0,0,0,0,0,0,0,0,0,0,0,0,0,0,0,0,EDU
https://github.com/krams915/spring-gwt-tutorial,1,13,0,116,6,0,6,0,3,1,1,0,1,0,0,0,11844,0,0,0,0,0,0,0,0,0,0,0,0,0,0,0,0,0,0,0,0,0,0,0,0,0,0,0,0,0,0,0,0,0,0,0,0,0,0,0,0,0,0,0,0,0,0,0,0,EDU
https://github.com/maksim2042/PyCon2012,1,15,0,28933,35,0,35,0,5,2,1,1,1,0,0,0,0,5164,0,0,0,0,0,0,0,0,0,0,0,0,0,0,0,0,0,0,0,0,0,0,0,0,0,0,0,0,0,0,0,0,0,0,0,0,0,0,0,0,0,0,0,0,0,0,0,EDU
https://github.com/dreamerslab/nodejs.basics,1,20,0,100,19,0,19,0,5,1,1,1,1,0,1175,11439,0,0,0,0,0,0,0,0,0,0,0,0,0,0,0,0,0,0,0,0,0,0,0,0,0,0,0,0,0,0,0,0,0,0,0,0,0,0,0,0,0,0,0,0,0,0,0,0,0,EDU
https://github.com/perfectionist/sample_project,1,41,0,25455,172,0,172,0,44,1,1,1,3,0,1302,663,0,0,0,0,68536,0,0,0,0,0,0,0,0,0,687,0,0,0,0,0,0,0,0,0,0,0,0,0,0,0,0,0,0,0,0,0,0,0,0,0,0,0,0,0,0,0,0,0,0,EDU
https://github.com/cschneid/sinatra-book,1,177,0,11695,135,0,135,0,256,36,1,1,2,0,1499,0,0,0,0,0,3239,0,0,0,0,0,0,0,0,39,0,0,0,0,0,0,0,0,0,0,0,0,0,0,0,0,0,0,0,0,0,0,0,0,0,0,0,0,0,0,0,0,0,0,0,EDU
https://github.com/casper-astro/tutorials_devel,4,14,0,94842,8,0,8,0,108,7,1,0,6,0,0,0,0,109744,0,0,0,0,16623,149,0,0,0,0,0,0,0,0,0,0,0,0,0,0,0,15200,0,0,0,0,0,0,0,0,0,0,0,0,0,0,0,0,0,0,0,0,0,0,0,0,0,EDU
https://github.com/bellbind/using-promise-q,1,30,0,187,240,0,240,0,25,8,1,1,0,0,24484,0,0,0,0,0,0,0,0,0,0,0,0,0,0,0,0,0,0,0,0,0,0,0,0,0,0,0,0,0,0,0,0,0,0,0,0,0,0,0,0,0,0,0,0,0,0,0,0,0,0,EDU
https://github.com/stoive/pythontutorial,1,28,1,258,31,0,31,0,5,1,1,1,0,1,3139,0,0,0,0,0,0,0,0,0,0,0,0,0,0,0,0,0,0,0,0,0,0,0,0,0,0,0,0,0,0,0,0,0,0,0,0,0,0,0,0,0,0,0,0,0,0,0,0,0,0,EDU
https://github.com/cykod/AlienInvaders,2,16,1,191,19,0,19,0,13,1,1,1,1,1,135,11671,0,0,0,0,0,0,0,0,0,0,0,0,0,0,0,0,0,0,0,0,0,0,0,0,0,0,0,0,0,0,0,0,0,0,0,0,0,0,0,0,0,0,0,0,0,0,0,0,0,EDU
https://github.com/NETTUTS/How-to-Write-a-Sublime-Text-Plugin,1,14,1,93,25,0,25,0,2,2,1,1,1,0,0,0,0,11331,0,0,0,0,0,0,0,0,0,0,0,0,0,0,0,0,0,0,0,0,0,0,0,0,0,0,0,0,0,0,0,0,0,0,0,0,0,0,0,0,0,0,0,0,0,0,0,EDU
https://github.com/mahmudahsan/New-JavaScript-SDK---OAuth-2.0-based-FBConnect-Tutorial,1,44,1,109,69,0,69,0,4,2,1,1,0,0,2092,0,0,0,0,0,0,0,0,0,0,0,0,0,0,0,0,0,0,0,0,0,0,0,0,0,0,0,0,0,0,0,0,0,0,0,0,0,0,0,0,0,0,0,0,0,0,0,0,0,0,EDU
https://github.com/mmukhin/psitsmike_example_1,1,46,0,354,54,0,54,0,9,2,1,1,1,0,250,1710,0,0,0,0,0,0,0,0,0,0,0,0,0,0,0,0,0,0,0,0,0,0,0,0,0,0,0,0,0,0,0,0,0,0,0,0,0,0,0,0,0,0,0,0,0,0,0,0,0,EDU
https://github.com/activeadmin/demo.activeadmin.info,1,96,4,1148,201,0,201,1,94,6,1,1,4,0,244,664,0,0,1936,0,72852,0,0,0,0,0,0,0,0,0,29,0,0,0,0,0,0,0,0,0,0,0,0,0,0,0,0,0,0,0,0,0,0,0,0,0,0,0,0,0,0,0,0,0,0,EDU
https://github.com/padrino/sample_blog,1,22,0,608,33,0,33,0,38,6,1,1,3,0,258,4765,0,0,86956,0,25301,0,0,0,0,0,0,0,0,0,0,0,0,0,0,0,0,0,0,0,0,0,0,0,0,0,0,0,0,0,0,0,0,0,0,0,0,0,0,0,0,0,0,0,0,EDU
https://github.com/dreamdom/Shopping-Cart-Tutorial-part-2,1,16,1,194,7,0,7,0,1,1,1,1,1,0,0,0,13460,0,0,0,0,0,0,0,0,0,0,0,0,0,0,0,0,0,0,0,0,0,0,0,0,0,0,0,0,0,0,0,0,0,0,0,0,0,0,0,0,0,0,0,0,0,0,0,0,EDU
https://github.com/jpetazzo/django,1,14,0,103,17,0,17,0,15,2,1,1,2,0,1819,0,0,6420,0,0,0,0,0,193,0,0,0,0,0,0,0,0,0,0,0,0,0,0,0,0,0,0,0,0,0,0,0,0,0,0,0,0,0,0,0,0,0,0,0,0,0,0,0,0,0,EDU
https://github.com/lostdecade/simple_canvas_game,1,429,8,220,339,0,339,0,2,1,1,1,1,0,438,2833,0,0,0,0,0,0,0,0,0,0,0,0,0,0,0,0,0,0,0,0,0,0,0,0,0,0,0,0,0,0,0,0,0,0,0,0,0,0,0,0,0,0,0,0,0,0,0,0,0,EDU
https://github.com/shafiul/theNewBoston_android_tutorial,1,11,0,206,12,0,12,0,37,1,1,1,1,0,624,0,16698,0,0,0,0,0,0,0,0,0,0,0,0,0,0,0,0,0,0,0,0,0,0,0,0,0,0,0,0,0,0,0,0,0,0,0,0,0,0,0,0,0,0,0,0,0,0,0,0,EDU
https://github.com/dsyph3r/symblog-docs,3,88,20,984,113,0,113,0,105,12,1,1,1,0,1611,0,0,9671,0,0,0,0,0,0,0,0,0,0,0,0,0,0,0,0,0,0,0,0,0,0,0,0,0,0,0,0,0,0,0,0,0,0,0,0,0,0,0,0,0,0,0,0,0,0,0,EDU
https://github.com/NETTUTS/Using-Faye-As-A-Real-Time-Push-Server-In-Rails,1,11,0,113,19,0,19,0,1,1,1,1,3,0,9208,2641,0,0,0,0,16709,0,0,0,0,0,0,0,0,0,458,0,0,0,0,0,0,0,0,0,0,0,0,0,0,0,0,0,0,0,0,0,0,0,0,0,0,0,0,0,0,0,0,0,0,EDU
https://github.com/Androideity/Tutorial_WebServiceSoapEnAndroid,1,19,0,407,15,0,15,0,2,1,1,1,2,0,208,0,5719,0,0,0,0,0,0,0,0,0,0,0,0,0,0,0,0,0,0,0,0,0,0,0,0,0,0,0,0,0,0,0,0,0,0,0,86,0,0,0,0,0,0,0,0,0,0,0,0,EDU
https://github.com/gmazza/blog-samples,1,108,1,1755,57,0,57,0,56,1,1,1,2,0,1353,0,174813,0,0,0,0,0,0,0,0,0,0,0,0,0,0,0,0,0,0,0,0,0,0,0,0,0,0,0,0,0,0,0,0,0,9670,0,0,0,0,0,0,0,0,0,0,0,0,0,0,EDU
https://github.com/langmi/spring-batch-tutorials,1,15,0,330,23,0,23,0,61,2,1,1,3,1,2681,0,8949,0,0,0,0,0,0,2107,0,0,0,0,0,0,0,0,0,0,0,0,0,0,0,0,0,4838,0,0,0,0,0,0,0,0,0,0,0,0,0,0,0,0,0,0,0,0,0,0,0,EDU
https://github.com/mmukhin/psitsmike_example_2,1,79,0,132,118,0,118,0,3,2,1,1,1,0,260,2446,0,0,0,0,0,0,0,0,0,0,0,0,0,0,0,0,0,0,0,0,0,0,0,0,0,0,0,0,0,0,0,0,0,0,0,0,0,0,0,0,0,0,0,0,0,0,0,0,0,EDU
https://github.com/CodeAndWeb/PhysicsEditor-Cocos2d-x-Box2d,1,17,2,6671,27,0,27,0,2,1,1,1,3,0,105,0,0,0,0,0,0,3175260,933223,0,0,357470,0,0,0,0,0,0,0,0,0,0,0,0,0,0,0,0,0,0,0,0,0,0,0,0,0,0,0,0,0,0,0,0,0,0,0,0,0,0,0,EDU
https://github.com/obviam/star-assault,6,77,5,11871,98,0,98,0,0,0,1,1,1,0,374,0,13974,0,0,0,0,0,0,0,0,0,0,0,0,0,0,0,0,0,0,0,0,0,0,0,0,0,0,0,0,0,0,0,0,0,0,0,0,0,0,0,0,0,0,0,0,0,0,0,0,EDU
https://github.com/serv/Ruby-on-Rails-Tutorial-by-Michael-Hartl--v3.2-,1,38,0,278,25,0,25,0,0,0,1,1,3,0,284,662,0,0,0,0,55753,0,0,0,0,0,0,0,0,0,687,0,0,0,0,0,0,0,0,0,0,0,0,0,0,0,0,0,0,0,0,0,0,0,0,0,0,0,0,0,0,0,0,0,0,EDU
https://github.com/tschembs/AlarmClock,1,13,0,130,10,0,10,0,3,1,1,1,1,0,104,0,0,0,0,0,0,0,0,0,0,10477,0,0,0,0,0,0,0,0,0,0,0,0,0,0,0,0,0,0,0,0,0,0,0,0,0,0,0,0,0,0,0,0,0,0,0,0,0,0,0,EDU
https://github.com/1Marc/tutorials-jquery-google-maps,1,15,0,136,19,0,19,0,1,1,1,1,1,0,189,0,0,0,0,1427,0,0,0,0,0,0,0,0,0,0,0,0,0,0,0,0,0,0,0,0,0,0,0,0,0,0,0,0,0,0,0,0,0,0,0,0,0,0,0,0,0,0,0,0,0,EDU
https://github.com/prigazzi/slider-jquery,1,41,2,174,23,0,23,0,3,1,1,1,1,0,2533,6338,0,0,0,0,0,0,0,0,0,0,0,0,0,0,0,0,0,0,0,0,0,0,0,0,0,0,0,0,0,0,0,0,0,0,0,0,0,0,0,0,0,0,0,0,0,0,0,0,0,EDU
https://github.com/martinsik/dart-webgl-tutorials,1,12,0,269,37,0,37,0,30,5,1,1,2,0,1706,0,0,0,0,0,0,0,0,0,0,0,0,0,0,0,0,0,0,0,0,0,0,0,0,0,0,0,0,0,0,0,0,0,0,0,0,0,0,0,0,0,80391,0,0,0,0,0,0,0,0,EDU
https://github.com/Hesamedin/Database,1,11,0,129,13,0,13,0,0,0,1,1,1,0,0,0,11656,0,0,0,0,0,0,0,0,0,0,0,0,0,0,0,0,0,0,0,0,0,0,0,0,0,0,0,0,0,0,0,0,0,0,0,0,0,0,0,0,0,0,0,0,0,0,0,0,EDU
https://github.com/quirkey/the_json_store,1,28,6,344,52,0,52,0,31,1,1,1,1,1,149,426871,0,0,0,0,0,0,0,0,0,0,0,0,0,0,0,0,0,0,0,0,0,0,0,0,0,0,0,0,0,0,0,0,0,0,0,0,0,0,0,0,0,0,0,0,0,0,0,0,0,EDU
https://github.com/ralsina/pyqt-by-example,1,54,3,1755,106,0,106,0,3,1,1,1,2,0,138,0,0,42991,0,0,0,0,0,263,0,0,0,0,0,0,0,0,0,0,0,0,0,0,0,0,0,0,0,0,0,0,0,0,0,0,0,0,0,0,0,0,0,0,0,0,0,0,0,0,0,EDU
https://github.com/funkyboy/Building-a-Jabber-client-for-iOS,1,172,3,3314,330,0,330,0,15,1,1,1,1,0,2244,0,0,0,0,0,0,0,0,0,0,22811,0,0,0,0,0,0,0,0,0,0,0,0,0,0,0,0,0,0,0,0,0,0,0,0,0,0,0,0,0,0,0,0,0,0,0,0,0,0,0,EDU
https://github.com/Sly777/Chat-Tutorial-with-Node.js--Socket.io-and-Express,1,23,1,1477,32,0,32,0,2,2,1,1,1,0,553,5146,0,0,0,0,0,0,0,0,0,0,0,0,0,0,0,0,0,0,0,0,0,0,0,0,0,0,0,0,0,0,0,0,0,0,0,0,0,0,0,0,0,0,0,0,0,0,0,0,0,EDU
https://github.com/Rockncoder/PGCompass,1,32,0,1453,16,0,16,0,7,1,1,1,3,0,78,144453,0,0,0,0,0,0,0,697,0,12621,0,0,0,0,0,0,0,0,0,0,0,0,0,0,0,0,0,0,0,0,0,0,0,0,0,0,0,0,0,0,0,0,0,0,0,0,0,0,0,EDU
https://github.com/shanus/numpicker-demo,1,23,0,113,1,0,1,0,0,0,1,1,0,0,0,0,0,0,0,0,0,0,0,0,0,0,0,0,0,0,0,0,0,0,0,0,0,0,0,0,0,0,0,0,0,0,0,0,0,0,0,0,0,0,0,0,0,0,0,0,0,0,0,0,0,EDU
https://github.com/mahmudahsan/PHP-SDK-3.0---Graph-API-base-Facebook-Connect-Tutorial-Source,1,53,1,123,57,0,57,0,3,1,1,1,1,0,2533,0,0,0,0,46275,0,0,0,0,0,0,0,0,0,0,0,0,0,0,0,0,0,0,0,0,0,0,0,0,0,0,0,0,0,0,0,0,0,0,0,0,0,0,0,0,0,0,0,0,0,EDU
https://github.com/dcgrigsby/luckynumbers,1,15,1,111,49,0,49,0,0,0,1,1,1,0,164,0,0,0,0,0,0,0,0,0,0,38676,0,0,0,0,0,0,0,0,0,0,0,0,0,0,0,0,0,0,0,0,0,0,0,0,0,0,0,0,0,0,0,0,0,0,0,0,0,0,0,EDU
https://github.com/cloudeolive/cloudeo-sdk-tutorials,1,17,0,296,4,0,4,0,40,1,1,0,2,1,172,37505,0,2692,0,0,0,0,0,0,0,0,0,0,0,0,0,0,0,0,0,0,0,0,0,0,0,0,0,0,0,0,0,0,0,0,0,0,0,0,0,0,0,0,0,0,0,0,0,0,0,EDU
https://github.com/devalot/ror-example,5,26,0,140,129,0,129,0,7,1,1,1,2,1,12966,463,0,0,0,0,40764,0,0,0,0,0,0,0,0,0,0,0,0,0,0,0,0,0,0,0,0,0,0,0,0,0,0,0,0,0,0,0,0,0,0,0,0,0,0,0,0,0,0,0,0,EDU
https://github.com/shimon/djangotutorial,1,24,2,241,13,0,13,0,12,2,1,1,1,0,192,0,0,8566,0,0,0,0,0,0,0,0,0,0,0,0,0,0,0,0,0,0,0,0,0,0,0,0,0,0,0,0,0,0,0,0,0,0,0,0,0,0,0,0,0,0,0,0,0,0,0,EDU
https://github.com/dstcruz/Write-Yourself-A-Scheme-In-48-Hours,1,15,1,176,33,0,33,0,15,1,1,1,2,0,361,0,0,0,0,0,0,0,0,0,0,0,0,0,0,0,0,0,0,0,0,0,288575,0,0,0,0,0,0,0,0,0,0,0,0,0,0,0,0,0,0,2337,0,0,0,0,0,0,0,0,0,EDU
https://github.com/OCamlPro/tryocaml,3,32,33,66329,57,0,57,0,409,11,1,1,5,0,2306,6634610,0,0,4727,0,0,0,0,0,0,0,0,0,0,0,0,0,0,0,0,0,0,0,0,0,0,0,0,0,0,0,0,0,0,0,0,0,0,186099,0,0,0,0,0,0,0,0,0,0,0,EDU
https://github.com/zenorocha/HTML5-Canvas,1,17,0,760,21,0,21,0,18,2,1,1,1,0,0,47211,0,0,0,0,0,0,0,0,0,0,0,0,0,0,0,0,0,0,0,0,0,0,0,0,0,0,0,0,0,0,0,0,0,0,0,0,0,0,0,0,0,0,0,0,0,0,0,0,0,EDU
https://github.com/joonty/example,3,100,1,129,3,0,3,0,0,0,1,1,1,0,128,0,0,0,0,98,0,0,0,0,0,0,0,0,0,0,0,0,0,0,0,0,0,0,0,0,0,0,0,0,0,0,0,0,0,0,0,0,0,0,0,0,0,0,0,0,0,0,0,0,0,EDU
https://github.com/ianozsvald/EuroPython2011_HighPerformanceComputing,1,21,1,5211,98,0,98,0,78,1,1,1,1,0,2250,0,0,70161,0,0,0,0,0,0,0,0,0,0,0,0,0,0,0,0,0,0,0,0,0,0,0,0,0,0,0,0,0,0,0,0,0,0,0,0,0,0,0,0,0,0,0,0,0,0,0,EDU
https://github.com/RailsApps/rails3-mongoid-omniauth,3,56,2,864,299,0,299,0,93,6,1,1,4,0,24604,641,0,0,1074,0,33071,0,0,0,0,0,0,0,0,0,229,0,0,0,0,0,0,0,0,0,0,0,0,0,0,0,0,0,0,0,0,0,0,0,0,0,0,0,0,0,0,0,0,0,0,EDU
https://github.com/ctb/advanced-swc,1,13,4,324,27,0,27,0,4,1,1,1,4,0,348,0,0,28869,0,0,0,244,4047,1135,0,0,0,0,0,0,0,0,0,0,0,0,0,0,0,0,0,0,0,0,0,0,0,0,0,0,0,0,0,0,0,0,0,0,0,0,0,0,0,0,0,EDU
https://github.com/filmaj/pg-training,2,14,1,173,4,0,4,0,27,4,1,1,1,0,711,80137,0,0,0,0,0,0,0,0,0,0,0,0,0,0,0,0,0,0,0,0,0,0,0,0,0,0,0,0,0,0,0,0,0,0,0,0,0,0,0,0,0,0,0,0,0,0,0,0,0,EDU
https://github.com/SomMeri/antlr-step-by-step,1,15,0,164,16,0,16,0,0,0,1,1,1,0,0,0,111523,0,0,0,0,0,0,0,0,0,0,0,0,0,0,0,0,0,0,0,0,0,0,0,0,0,0,0,0,0,0,0,0,0,0,0,0,0,0,0,0,0,0,0,0,0,0,0,0,EDU
https://github.com/jamesyu/CloudEdit,1,38,1,488,189,0,189,0,3,1,1,1,2,1,286,83271,0,0,0,0,15099,0,0,0,0,0,0,0,0,0,0,0,0,0,0,0,0,0,0,0,0,0,0,0,0,0,0,0,0,0,0,0,0,0,0,0,0,0,0,0,0,0,0,0,0,EDU
https://github.com/RailsApps/rails3-subdomains,1,44,4,662,287,0,287,0,65,1,1,1,4,0,23691,641,0,0,1074,0,51800,0,0,0,0,0,0,0,0,0,229,0,0,0,0,0,0,0,0,0,0,0,0,0,0,0,0,0,0,0,0,0,0,0,0,0,0,0,0,0,0,0,0,0,0,EDU
https://github.com/viggiosoft/HowToMakeAMagazineApp,1,60,7,189,140,0,140,0,2,1,1,1,1,0,0,0,0,0,0,0,0,0,0,0,0,36423,0,0,0,0,0,0,0,0,0,0,0,0,0,0,0,0,0,0,0,0,0,0,0,0,0,0,0,0,0,0,0,0,0,0,0,0,0,0,0,EDU
https://github.com/krams915/spring-mysql-mongo-rabbit-integration,1,28,0,382,23,0,23,0,17,1,1,1,2,0,0,1753,21839,0,0,0,0,0,0,0,0,0,0,0,0,0,0,0,0,0,0,0,0,0,0,0,0,0,0,0,0,0,0,0,0,0,0,0,0,0,0,0,0,0,0,0,0,0,0,0,0,EDU
https://github.com/funkylarma/phpDevelopment,1,24,0,131,1,0,1,0,14,1,1,1,1,0,380,0,0,0,0,60805,0,0,0,0,0,0,0,0,0,0,0,0,0,0,0,0,0,0,0,0,0,0,0,0,0,0,0,0,0,0,0,0,0,0,0,0,0,0,0,0,0,0,0,0,0,EDU
https://github.com/stefanroeck/requestfactory,1,27,2,230,24,0,24,0,2,1,1,1,1,0,0,0,41726,0,0,0,0,0,0,0,0,0,0,0,0,0,0,0,0,0,0,0,0,0,0,0,0,0,0,0,0,0,0,0,0,0,0,0,0,0,0,0,0,0,0,0,0,0,0,0,0,EDU
https://github.com/UCF/fuelphp-crash-course,2,23,0,7788,33,0,33,0,24,4,1,1,2,0,1084,0,0,0,0,123657,0,0,0,0,0,0,0,0,0,0,0,0,0,0,0,0,0,0,0,0,0,0,0,0,0,0,0,0,0,0,0,0,0,0,0,0,0,0,0,0,0,0,0,0,0,EDU
https://github.com/bernat/myCommentsApp,1,11,0,167,20,0,20,0,1,1,1,1,2,0,177,3959,0,0,0,0,13298,0,0,0,0,0,0,0,0,0,0,0,0,0,0,0,0,0,0,0,0,0,0,0,0,0,0,0,0,0,0,0,0,0,0,0,0,0,0,0,0,0,0,0,0,EDU
https://github.com/lincolnthree/errai-ui-demo,2,11,0,361,4,0,4,0,20,1,1,1,2,1,706,94790,8438,0,0,0,0,0,0,0,0,0,0,0,0,0,0,0,0,0,0,0,0,0,0,0,0,0,0,0,0,0,0,0,0,0,0,0,0,0,0,0,0,0,0,0,0,0,0,0,0,EDU
https://github.com/insanj/BlockChanger,1,15,0,123,9,0,9,0,6,2,1,1,1,0,1648,0,3064,0,0,0,0,0,0,0,0,0,0,0,0,0,0,0,0,0,0,0,0,0,0,0,0,0,0,0,0,0,0,0,0,0,0,0,0,0,0,0,0,0,0,0,0,0,0,0,0,EDU
https://github.com/qgis/QGIS-Code-Examples,1,30,1,450,14,0,14,0,1,1,1,1,3,0,18754,0,0,0,0,0,0,80038,0,822,0,0,0,0,0,0,0,0,0,0,0,0,0,0,0,0,0,0,0,0,0,0,0,0,0,0,0,0,0,0,0,0,0,0,0,0,0,0,0,0,0,EDU
https://github.com/enjalot/adventures_in_d3,1,15,0,711,52,0,52,0,36,1,1,1,2,0,415,1248238,0,0,0,0,0,0,0,0,0,0,0,0,0,0,3934,0,0,0,0,0,0,0,0,0,0,0,0,0,0,0,0,0,0,0,0,0,0,0,0,0,0,0,0,0,0,0,0,0,0,EDU
https://github.com/funkyboy/How-To-Create-a-Rotating-Wheel-Control-with-UIKit,1,65,0,518,287,0,287,0,12,2,1,1,1,1,680,0,0,0,0,0,0,0,0,0,0,15069,0,0,0,0,0,0,0,0,0,0,0,0,0,0,0,0,0,0,0,0,0,0,0,0,0,0,0,0,0,0,0,0,0,0,0,0,0,0,0,EDU
https://github.com/starmelt/craftyjstut,2,11,0,2180,76,0,76,0,26,1,1,1,1,1,921,567372,0,0,0,0,0,0,0,0,0,0,0,0,0,0,0,0,0,0,0,0,0,0,0,0,0,0,0,0,0,0,0,0,0,0,0,0,0,0,0,0,0,0,0,0,0,0,0,0,0,EDU
https://github.com/reese32/Tuts----jQuery-Mobile-RSS-Reader,1,48,0,173,2,0,2,0,22,1,1,1,0,0,230,0,0,0,0,0,0,0,0,0,0,0,0,0,0,0,0,0,0,0,0,0,0,0,0,0,0,0,0,0,0,0,0,0,0,0,0,0,0,0,0,0,0,0,0,0,0,0,0,0,0,EDU
https://github.com/bwhite/hadoopy,1,57,62,4015,237,0,237,0,448,3,1,1,4,1,1989,0,0,985308,0,0,0,6750,1023104,0,0,30568,0,0,0,0,0,0,0,0,0,0,0,0,0,0,0,0,0,0,0,0,0,0,0,0,0,0,0,0,0,0,0,0,0,0,0,0,0,0,0,EDU
https://github.com/jamescarr/nodejs-mongodb-blog,3,14,0,364,33,0,33,0,7,1,1,1,1,0,0,0,0,0,0,0,0,0,0,0,0,0,0,0,0,0,2305,0,0,0,0,0,0,0,0,0,0,0,0,0,0,0,0,0,0,0,0,0,0,0,0,0,0,0,0,0,0,0,0,0,0,EDU
https://github.com/senchalearn/phonegapcontacts,7,30,0,274,98,0,98,0,3,1,1,1,1,0,359,10203,0,0,0,0,0,0,0,0,0,0,0,0,0,0,0,0,0,0,0,0,0,0,0,0,0,0,0,0,0,0,0,0,0,0,0,0,0,0,0,0,0,0,0,0,0,0,0,0,0,EDU
https://github.com/dcgrigsby/MicBlow,1,27,5,116,125,0,125,0,0,0,1,1,1,0,1,0,0,0,0,0,0,0,0,0,0,3150,0,0,0,0,0,0,0,0,0,0,0,0,0,0,0,0,0,0,0,0,0,0,0,0,0,0,0,0,0,0,0,0,0,0,0,0,0,0,0,EDU
https://github.com/cacois/TweetView,2,34,0,314,72,0,72,0,8,3,1,1,1,0,642,0,11613,0,0,0,0,0,0,0,0,0,0,0,0,0,0,0,0,0,0,0,0,0,0,0,0,0,0,0,0,0,0,0,0,0,0,0,0,0,0,0,0,0,0,0,0,0,0,0,0,EDU
https://github.com/MuTaTeD/OpenTok-iOS-Basic-Tutorial,1,12,0,84,1,0,1,0,4,2,1,1,0,0,10330,0,0,0,0,0,0,0,0,0,0,0,0,0,0,0,0,0,0,0,0,0,0,0,0,0,0,0,0,0,0,0,0,0,0,0,0,0,0,0,0,0,0,0,0,0,0,0,0,0,0,EDU
https://github.com/frenchroasted/RegexKoans,1,43,1,167,37,0,37,0,12,2,1,1,3,1,1964,122278,0,0,2120,0,0,0,0,0,0,0,0,0,0,0,0,0,0,0,0,0,0,0,0,0,0,0,0,0,0,0,0,0,0,0,0,0,0,0,0,0,0,0,0,0,0,0,0,0,0,EDU
https://github.com/OpenWebGlobe/WebSDK,1,14,1,5434,24,0,24,0,19,1,1,1,1,1,759,1707,0,0,0,0,0,0,0,0,0,0,0,0,0,0,0,0,0,0,0,0,0,0,0,0,0,0,0,0,0,0,0,0,0,0,0,0,0,0,0,0,0,0,0,0,0,0,0,0,0,EDU
https://github.com/aishack/tracking-with-opencv,1,16,0,99,15,0,15,0,3,1,1,1,0,0,352,0,0,0,0,0,0,0,0,0,0,0,0,0,0,0,0,0,0,0,0,0,0,0,0,0,0,0,0,0,0,0,0,0,0,0,0,0,0,0,0,0,0,0,0,0,0,0,0,0,0,EDU
https://github.com/stephenh1988/Radio-Buttons-for-Taxonomies,1,24,1,159,40,0,40,0,11,2,1,1,2,0,741,1026,0,0,0,6211,0,0,0,0,0,0,0,0,0,0,0,0,0,0,0,0,0,0,0,0,0,0,0,0,0,0,0,0,0,0,0,0,0,0,0,0,0,0,0,0,0,0,0,0,0,EDU
https://github.com/behave/behave.example,2,31,1,2493,50,0,50,0,125,1,1,1,7,0,3133,88031,0,210621,23150,0,0,0,0,1844,0,0,0,0,0,0,0,0,0,0,0,0,0,0,0,0,0,0,0,0,0,0,0,0,0,0,0,0,0,0,0,0,0,0,0,0,0,0,0,0,0,EDU
